total_changes,churn_ratio,avg_changes_per_file,additions,deletions,changed_files,commits_per_file,review_intensity,commits,has_reviewer,solo_pr,many_reviewers,num_reviewers,review_hours,fast_merge,day_of_week,is_weekend,keyword_count,diff_lines,has_test_file,has_config_file,num_python_files,num_js_files,title_length,comments,review_comments
16.0,0.5454545454545454,8.0,10.0,6.0,1.0,1.5,0.0,3,1,0,0,2,374.66333333333336,0,4,0,2,44,0,0,0,1,64,4,0
4.0,1.5,2.0,1.0,3.0,1.0,0.5,1.0,1,1,0,0,2,1.1844444444444444,1,6,1,1,18,0,0,0,1,53,1,2
111.0,2.393939393939394,7.928571428571429,32.0,79.0,13.0,0.14285714285714285,1.3333333333333333,2,1,0,1,4,31.217222222222222,0,4,0,1,118,0,1,0,13,62,3,4
282.0,0.0035460992907801418,47.0,281.0,1.0,5.0,1.8333333333333333,0.08333333333333333,11,1,0,1,4,44.64138888888889,0,0,0,0,25,1,0,0,3,51,1,1
66.0,0.015151515151515152,22.0,65.0,1.0,2.0,1.0,0.25,3,1,0,1,3,2.8430555555555554,0,1,0,1,71,1,0,0,2,72,0,1
33.0,0.7894736842105263,8.25,18.0,15.0,3.0,1.0,0.2,4,1,0,0,2,1.41,1,1,0,1,62,0,0,0,2,57,0,1
60.0,0.35555555555555557,12.0,44.0,16.0,4.0,1.0,0.3333333333333333,5,1,0,0,2,19.903333333333332,0,1,0,2,45,1,0,0,4,25,8,2
150.0,1.6491228070175439,25.0,56.0,94.0,5.0,0.6666666666666666,0.4,4,1,0,0,2,46.531666666666666,0,0,0,2,79,0,1,0,5,73,1,2
136.0,0.16101694915254236,19.428571428571427,117.0,19.0,6.0,0.2857142857142857,1.0,2,1,0,0,2,2.5077777777777777,0,1,0,1,33,1,0,0,6,75,0,3
13.0,3.6666666666666665,4.333333333333333,2.0,11.0,2.0,0.3333333333333333,0.0,1,1,0,0,2,3.378888888888889,0,1,0,0,43,0,0,0,1,34,0,0
216.0,0.5069444444444444,36.0,143.0,73.0,5.0,0.5,0.5,3,1,0,0,2,2.3133333333333335,0,2,0,0,69,0,0,0,5,58,1,2
36.0,0.05714285714285714,12.0,34.0,2.0,2.0,0.6666666666666666,1.3333333333333333,2,1,0,0,2,11.139166666666666,0,1,0,1,49,0,1,0,0,51,3,4
24.0,0.9230769230769231,4.8,12.0,12.0,4.0,0.4,0.0,2,1,0,0,2,19.284166666666668,0,1,0,1,66,1,1,0,0,66,0,0
5372.5099999999975,1.4150606741573022,114.30872340425526,2224.0,3148.5099999999975,46.0,0.10638297872340426,0.6666666666666666,5,1,0,1,3,17.939722222222223,0,1,0,1,82,1,1,0,39,27,0,4
18.0,0.1875,9.0,15.0,3.0,1.0,1.0,0.0,2,1,0,0,1,44.450833333333335,0,0,0,2,66,0,0,0,0,36,0,0
23.0,0.0,11.5,23.0,0.0,1.0,1.0,0.6666666666666666,2,1,0,1,3,17.491666666666667,0,1,0,1,53,0,0,0,1,72,0,2
27.0,0.3333333333333333,6.75,20.0,7.0,3.0,1.25,0.8333333333333334,5,1,0,1,4,120.24555555555555,0,4,0,0,35,0,0,0,3,72,0,5
1.0,0.0,0.5,1.0,0.0,1.0,0.5,0.0,1,1,0,0,2,19.6875,0,1,0,0,8,0,0,0,1,57,0,0
4.0,0.0,2.0,4.0,0.0,1.0,0.5,0.0,1,1,0,0,2,7.980277777777777,0,2,0,0,18,0,0,0,0,52,0,0
24.0,0.08695652173913043,4.8,22.0,2.0,4.0,0.2,0.5,1,1,0,0,2,9.590555555555556,0,2,0,0,53,0,0,0,4,36,0,1
12.0,0.8571428571428571,2.4,6.0,6.0,4.0,0.4,0.0,2,1,0,0,1,0.06111111111111111,1,2,0,0,44,0,1,0,4,45,0,0
54.0,0.9642857142857143,27.0,27.0,27.0,1.0,0.5,0.0,1,1,0,0,1,0.08777777777777777,1,2,0,1,64,0,1,0,1,59,0,0
2.0,0.5,1.0,1.0,1.0,1.0,0.5,0.0,1,1,0,0,1,0.026111111111111113,1,2,0,0,9,0,1,0,1,39,0,0
167.0,0.12751677852348994,41.75,148.0,19.0,3.0,0.25,0.0,1,1,0,0,2,0.36083333333333334,1,2,0,1,47,1,0,0,3,59,0,0
6.0,0.75,2.0,3.0,3.0,2.0,0.3333333333333333,0.0,1,1,0,0,1,0.012777777777777779,1,2,0,1,23,0,1,0,2,36,0,0
22.0,1.875,4.4,7.0,15.0,4.0,0.2,0.0,1,1,0,0,2,0.6288888888888889,1,2,0,0,52,0,0,0,4,36,0,0
14.0,0.5,7.0,9.0,5.0,1.0,0.5,0.5,1,1,0,0,2,1.2413888888888889,1,2,0,1,29,0,0,0,1,61,0,1
179.0,0.046511627906976744,35.8,171.0,8.0,4.0,0.8,0.4,4,1,0,0,2,1.1625,1,2,0,4,58,1,0,0,4,67,8,2
81.0,0.05128205128205128,20.25,77.0,4.0,3.0,1.5,0.5714285714285714,6,1,0,0,2,1.3747222222222222,1,2,0,2,49,1,0,0,3,99,8,4
407.0,0.29936305732484075,81.4,313.0,94.0,4.0,0.8,0.2,4,1,0,0,2,2.5625,0,2,0,0,60,0,0,0,2,71,0,1
25.0,0.3684210526315789,12.5,18.0,7.0,1.0,0.5,1.5,1,1,0,0,2,4.2555555555555555,0,2,0,1,51,0,0,0,1,46,0,3
174.0,0.9886363636363636,24.857142857142858,87.0,87.0,6.0,0.42857142857142855,0.25,3,1,0,1,3,1.8216666666666668,1,2,0,3,68,0,1,0,6,41,0,1
721.0,0.488659793814433,240.33333333333334,484.0,237.0,2.0,0.3333333333333333,0.5,1,1,0,0,2,9.853055555555555,0,2,0,0,70,1,0,0,2,31,0,1
201.0,0.1952662721893491,28.714285714285715,168.0,33.0,6.0,0.42857142857142855,0.25,3,1,0,0,2,12.706666666666667,0,2,0,0,41,1,0,0,4,63,0,1
208.0,0.6456692913385826,14.857142857142858,126.0,82.0,13.0,0.35714285714285715,0.5,5,1,0,0,2,2.3519444444444444,0,2,0,2,86,1,0,0,13,85,1,3
18.0,1.1111111111111112,6.0,8.0,10.0,2.0,0.3333333333333333,0.0,1,1,0,0,2,0.4002777777777778,1,2,0,0,38,0,0,0,2,41,1,0
4261.5099999999975,2.8263105924596026,125.33852941176463,1113.0,3148.5099999999975,33.0,0.11764705882352941,0.8,4,1,0,0,2,2.089166666666667,0,2,0,0,84,1,1,0,33,36,0,4
151.0,4.428571428571429,13.727272727272727,27.0,124.0,10.0,0.09090909090909091,1.0,1,1,0,0,2,0.35638888888888887,1,2,0,0,65,1,0,0,10,71,0,2
1582.0,0.08647906657515443,71.9090909090909,1456.0,126.0,21.0,0.22727272727272727,0.6666666666666666,5,1,0,1,3,3.508611111111111,0,2,0,1,65,1,1,0,21,52,0,4
49.0,0.8518518518518519,24.5,26.0,23.0,1.0,1.0,0.3333333333333333,2,1,0,0,2,1.5741666666666667,1,2,0,0,72,0,0,0,1,55,0,1
44.0,0.022727272727272728,14.666666666666666,43.0,1.0,2.0,1.3333333333333333,0.4,4,1,0,0,2,1.575,1,2,0,2,48,1,0,0,2,74,8,2
7249.0,0.7665692007797271,278.8076923076923,4103.0,3146.0,25.0,0.15384615384615385,0.6,4,1,0,1,3,0.9275,1,2,0,1,44,1,0,0,25,43,0,3
960.0,0.0322234156820623,60.0,930.0,30.0,15.0,0.4375,0.375,7,1,0,0,2,3.5619444444444444,0,2,0,1,35,1,1,0,15,57,0,3
3589.5099999999975,7.123325791855198,326.3190909090907,441.0,3148.5099999999975,10.0,0.18181818181818182,0.0,2,1,0,0,2,1.553611111111111,1,2,0,1,31,1,1,0,4,47,0,0
2.0,0.5,1.0,1.0,1.0,1.0,0.5,0.5,1,1,0,0,2,0.2961111111111111,1,2,0,1,9,0,0,0,0,45,1,1
39.0,0.6,7.8,24.0,15.0,4.0,0.4,0.3333333333333333,2,1,0,1,3,0.6191666666666666,1,2,0,2,50,1,0,0,4,60,0,1
11.0,3.0,5.5,2.0,9.0,1.0,0.5,0.5,1,1,0,0,2,0.2777777777777778,1,2,0,1,43,0,0,0,1,66,0,1
19.0,0.25,6.333333333333333,15.0,4.0,2.0,1.0,0.5,3,1,0,0,2,0.4822222222222222,1,2,0,2,33,1,0,0,2,69,0,2
27.0,0.07692307692307693,13.5,25.0,2.0,1.0,1.0,0.6666666666666666,2,1,0,0,2,0.5733333333333334,1,2,0,3,48,0,0,0,1,77,0,2
48.0,0.96,16.0,24.0,24.0,2.0,0.6666666666666666,0.0,2,1,0,0,2,0.8047222222222222,1,2,0,3,59,0,1,0,2,49,0,0
82.0,0.024691358024691357,16.4,80.0,2.0,4.0,0.4,2.0,2,1,0,1,3,1.8286111111111112,1,2,0,1,43,1,0,0,4,72,2,6
18.0,18.0,9.0,0.0,18.0,1.0,0.5,0.5,1,1,0,0,2,0.3725,1,2,0,0,25,0,1,0,0,26,1,1
399.0,0.23076923076923078,44.333333333333336,324.0,75.0,8.0,0.2222222222222222,1.3333333333333333,2,1,0,0,2,1.3130555555555556,1,2,0,0,60,1,0,0,8,59,1,4
74.0,0.47058823529411764,18.5,50.0,24.0,3.0,0.5,2.0,2,1,0,1,3,0.41194444444444445,1,2,0,0,64,1,0,0,3,56,0,6
4.0,0.6666666666666666,2.0,2.0,2.0,1.0,0.5,0.0,1,1,0,0,2,2.4141666666666666,0,2,0,1,18,0,1,0,0,61,0,0
32.0,0.5714285714285714,16.0,20.0,12.0,1.0,0.5,0.5,1,1,0,0,2,1.4377777777777778,1,2,0,2,46,0,0,0,1,73,8,1
32.0,1.5384615384615385,10.666666666666666,12.0,20.0,2.0,1.0,0.5,3,1,0,0,2,0.8777777777777778,1,2,0,1,54,0,0,0,2,70,0,2
5.0,5.0,2.5,0.0,5.0,1.0,0.5,0.5,1,1,0,0,2,1.6291666666666667,1,2,0,2,12,0,0,0,1,49,0,1
326.0,0.26744186046511625,11.642857142857142,257.0,69.0,27.0,0.10714285714285714,0.75,3,1,0,0,2,1.745,1,2,0,1,51,1,0,0,27,36,0,3
114.0,0.6428571428571429,38.0,69.0,45.0,2.0,0.3333333333333333,0.0,1,1,0,0,2,1.2672222222222222,1,2,0,1,58,0,1,0,2,26,0,0
1169.0,0.1515748031496063,83.5,1015.0,154.0,13.0,1.0,0.4666666666666667,14,1,0,0,2,0.8830555555555556,1,2,0,1,55,1,0,0,13,49,0,7
370.0,0.036312849162011177,28.46153846153846,357.0,13.0,12.0,0.15384615384615385,2.6666666666666665,2,1,0,0,2,3.1805555555555554,0,2,0,1,51,1,0,0,11,34,1,8
39.0,0.0,19.5,39.0,0.0,1.0,0.5,0.0,1,1,0,0,2,1.2547222222222223,1,2,0,2,43,0,0,0,1,46,0,0
38.0,0.25806451612903225,9.5,30.0,8.0,3.0,0.5,0.0,2,1,0,0,2,0.4866666666666667,1,2,0,2,64,0,0,0,2,17,0,0
81.0,0.43859649122807015,7.363636363636363,56.0,25.0,10.0,0.2727272727272727,0.5,3,1,0,0,2,0.8694444444444445,1,2,0,1,56,1,0,0,10,46,0,2
5.0,0.5,2.5,3.0,2.0,1.0,0.5,0.0,1,1,0,0,2,0.7966666666666666,1,2,0,0,12,0,0,0,1,69,0,0
1.0,0.0,0.5,1.0,0.0,1.0,0.5,0.0,1,1,0,0,2,0.28194444444444444,1,2,0,2,8,0,0,0,0,26,0,0
2.0,0.5,1.0,1.0,1.0,1.0,0.5,0.5,1,1,0,0,2,0.2961111111111111,1,2,0,1,9,0,0,0,0,45,1,1
202.0,0.6916666666666667,67.33333333333333,119.0,83.0,2.0,0.3333333333333333,1.0,1,1,0,0,2,2.185277777777778,0,2,0,1,50,0,0,0,0,47,0,2
81.0,0.43859649122807015,7.363636363636363,56.0,25.0,10.0,0.2727272727272727,0.5,3,1,0,0,2,0.8694444444444445,1,2,0,1,56,1,0,0,10,46,0,2
39.0,0.6,7.8,24.0,15.0,4.0,0.4,0.3333333333333333,2,1,0,1,3,0.6191666666666666,1,2,0,2,50,1,0,0,4,60,0,1
42.0,0.075,14.0,39.0,3.0,2.0,0.6666666666666666,0.6666666666666666,2,1,0,1,3,0.40555555555555556,1,5,1,2,60,1,0,0,2,61,0,2
15.0,0.0,5.0,15.0,0.0,2.0,0.3333333333333333,0.5,1,1,0,0,2,4.561944444444444,0,5,1,2,22,0,0,0,0,67,0,1
96.0,0.49230769230769234,48.0,64.0,32.0,1.0,1.0,0.0,2,1,0,0,2,1.7033333333333334,1,5,1,2,88,0,0,0,1,54,1,0
566.0,0.46511627906976744,47.166666666666664,386.0,180.0,11.0,0.5833333333333334,0.25,7,1,0,1,4,52.43611111111111,0,3,0,2,41,1,0,0,8,51,1,2
13.0,0.5555555555555556,4.333333333333333,8.0,5.0,2.0,0.6666666666666666,0.0,2,1,0,0,2,2.960277777777778,0,5,1,3,33,0,0,0,2,63,0,0
144.0,0.16,18.0,124.0,20.0,7.0,0.25,0.0,2,1,0,0,2,3.055833333333333,0,5,1,0,36,1,0,0,7,66,0,0
2.0,0.5,1.0,1.0,1.0,1.0,0.5,0.0,1,1,0,0,2,2.026111111111111,0,5,1,2,9,0,1,0,0,38,0,0
36.0,0.08823529411764706,7.2,33.0,3.0,4.0,2.0,0.5454545454545454,10,1,0,1,3,11.641666666666667,0,4,0,3,65,1,1,0,1,63,1,6
5.0,0.2,2.5,4.0,1.0,1.0,1.5,0.0,3,1,0,0,2,10.300277777777778,0,4,0,3,16,0,0,0,0,57,1,0
4.0,0.25,2.0,3.0,1.0,1.0,2.0,0.2,4,1,0,0,2,18.121388888888887,0,4,0,2,11,0,0,0,1,58,0,1
27.0,0.037037037037037035,5.4,26.0,1.0,4.0,0.4,0.3333333333333333,2,1,0,0,2,5.223055555555556,0,4,0,0,45,0,1,0,4,41,0,1
280.0,0.05639097744360902,35.0,265.0,15.0,7.0,0.125,1.0,1,1,0,0,2,6.012777777777778,0,4,0,0,41,1,0,0,7,62,0,2
102.0,0.15730337078651685,17.0,88.0,14.0,5.0,0.16666666666666666,0.5,1,1,0,0,2,6.110555555555556,0,4,0,1,75,1,0,0,5,41,0,1
2.0,0.5,1.0,1.0,1.0,1.0,0.5,0.0,1,1,0,1,3,12.729722222222222,0,4,0,0,9,0,1,0,1,27,0,0
41.0,0.68,10.25,24.0,17.0,3.0,0.5,1.0,2,1,0,0,2,9.393888888888888,0,4,0,0,24,0,0,0,3,60,7,3
2.0,0.5,1.0,1.0,1.0,1.0,0.5,1.0,1,1,0,1,4,1.9366666666666668,1,4,0,0,9,0,0,0,1,53,1,2
78.0,0.01282051282051282,26.0,77.0,1.0,2.0,4.0,0.5384615384615384,12,1,0,1,4,96.64444444444445,0,1,0,0,75,1,0,0,2,42,0,7
100.0,0.08602150537634409,25.0,92.0,8.0,3.0,0.5,0.6666666666666666,2,1,0,0,2,1.8872222222222221,1,4,0,2,59,0,0,0,3,69,1,2
20.0,2.5,3.3333333333333335,5.0,15.0,5.0,3.1666666666666665,0.9,19,1,0,1,5,20.849166666666665,0,4,0,1,31,0,0,0,4,92,6,18
140.0,0.9859154929577465,70.0,70.0,70.0,1.0,1.0,0.0,2,1,0,0,2,3.7316666666666665,0,4,0,1,61,0,1,0,0,33,1,0
52.0,0.0392156862745098,4.333333333333333,50.0,2.0,11.0,1.9166666666666667,0.2916666666666667,23,1,0,1,5,157.34444444444443,0,2,0,1,59,0,0,0,11,25,3,7
217.0,0.013953488372093023,72.33333333333333,214.0,3.0,2.0,0.3333333333333333,0.0,1,1,0,0,1,152.045,0,1,0,0,62,0,0,0,0,61,1,0
412.0,0.05897435897435897,31.692307692307693,389.0,23.0,12.0,0.8461538461538461,0.4166666666666667,11,1,0,0,2,261.8586111111111,0,4,0,0,64,1,0,0,11,42,1,5
28.0,0.2608695652173913,14.0,22.0,6.0,1.0,2.0,0.0,4,1,0,0,1,2.7866666666666666,0,1,0,1,56,0,0,0,0,50,1,0
106.0,0.028846153846153848,9.636363636363637,103.0,3.0,10.0,0.18181818181818182,2.0,2,1,0,1,3,15.564166666666667,0,0,0,0,61,1,0,0,10,59,0,6
10.0,0.0,3.3333333333333335,10.0,0.0,2.0,0.3333333333333333,0.0,1,1,0,0,2,25.92861111111111,0,0,0,2,17,0,0,0,1,46,4,0
4004.0,0.3037109375,80.08,3071.0,933.0,49.0,0.46,0.2916666666666667,23,1,0,1,6,91.98861111111111,0,3,0,1,26,1,0,0,48,51,0,7
2921.0,0.5932388222464559,42.333333333333336,1833.0,1088.0,68.0,0.3333333333333333,0.125,23,1,0,0,2,6.635833333333333,0,0,0,1,65,1,1,0,58,35,4,3
16.0,0.5454545454545454,8.0,10.0,6.0,1.0,0.5,0.0,1,1,0,0,1,0.36,1,1,0,0,72,0,0,0,0,61,0,0
342.0,0.017804154302670624,31.09090909090909,336.0,6.0,10.0,0.2727272727272727,0.5,3,1,0,0,2,21.02722222222222,0,1,0,3,47,1,0,0,10,44,0,2
30.0,0.34782608695652173,5.0,22.0,8.0,5.0,0.5,1.0,3,1,0,0,2,7.384444444444444,0,0,0,1,36,0,0,0,5,50,0,4
58.0,0.9666666666666667,19.333333333333332,29.0,29.0,2.0,0.3333333333333333,0.0,1,1,0,0,1,0.5716666666666667,1,1,0,1,68,0,1,0,2,64,0,0
12.0,0.0,6.0,12.0,0.0,1.0,0.5,1.0,1,1,0,1,3,22.72972222222222,0,0,0,2,19,0,0,0,1,59,1,2
233.0,0.04,77.66666666666667,224.0,9.0,2.0,0.6666666666666666,0.0,2,1,0,0,1,1.0152777777777777,1,1,0,0,62,0,0,0,0,47,0,0
223.0,0.14871794871794872,44.6,194.0,29.0,4.0,0.6,1.0,3,1,0,1,3,83.5725,0,4,0,1,73,1,0,0,4,67,0,4
128.0,0.0,25.6,128.0,0.0,4.0,0.8,1.0,4,1,0,1,6,30.403055555555557,0,0,0,1,57,1,0,0,4,54,0,5
294.0,1.43801652892562,49.0,120.0,174.0,5.0,0.3333333333333333,0.6666666666666666,2,1,0,1,3,4.83,0,1,0,1,54,1,0,0,5,44,1,2
1452.0,0.04457225017972682,96.8,1390.0,62.0,14.0,0.6,0.0,9,1,0,0,2,3.1133333333333333,0,1,0,1,30,1,1,0,14,70,0,0
200.0,0.9900990099009901,10.526315789473685,100.0,100.0,18.0,0.05263157894736842,0.0,1,0,1,0,0,3.6533333333333333,0,0,0,1,47,1,1,0,16,30,0,0
128.0,0.0,25.6,128.0,0.0,4.0,0.8,1.0,4,1,0,1,6,30.403055555555557,0,0,0,1,57,1,0,0,4,54,0,5
58.0,0.9666666666666667,19.333333333333332,29.0,29.0,2.0,0.3333333333333333,0.0,1,1,0,0,1,0.5716666666666667,1,1,0,1,68,0,1,0,2,64,0,0
16.0,0.5454545454545454,8.0,10.0,6.0,1.0,0.5,0.0,1,1,0,0,1,0.36,1,1,0,0,72,0,0,0,0,61,0,0
294.0,1.43801652892562,49.0,120.0,174.0,5.0,0.3333333333333333,0.6666666666666666,2,1,0,1,3,4.83,0,1,0,1,54,1,0,0,5,44,1,2
3010.0,0.06735200283587381,136.8181818181818,2820.0,190.0,21.0,0.2727272727272727,2.142857142857143,6,1,0,0,2,5.198333333333333,0,1,0,1,60,0,0,0,13,64,0,15
42.0,0.0,21.0,42.0,0.0,1.0,0.5,0.0,1,1,0,0,1,0.37833333333333335,1,1,0,0,41,1,0,0,1,89,1,0
202.0,0.1092896174863388,33.666666666666664,182.0,20.0,5.0,0.5,0.75,3,1,0,0,2,3.8113888888888887,0,1,0,1,57,1,0,0,5,65,0,3
105.0,1.4090909090909092,35.0,43.0,62.0,2.0,0.3333333333333333,1.5,1,1,0,1,3,1.2105555555555556,1,1,0,0,60,0,1,0,2,29,0,3
49.0,3.5454545454545454,8.166666666666666,10.0,39.0,5.0,0.16666666666666666,0.5,1,1,0,0,1,1.1144444444444443,1,1,0,0,54,0,0,0,5,30,0,1
26.0,0.5882352941176471,13.0,16.0,10.0,1.0,2.5,0.3333333333333333,5,1,0,0,2,4.473888888888889,0,1,0,1,31,0,0,0,1,67,8,2
207.0,0.12432432432432433,23.0,184.0,23.0,8.0,0.4444444444444444,1.2,4,1,0,0,2,1.4,1,1,0,0,85,1,1,0,8,67,2,6
18.0,0.26666666666666666,6.0,14.0,4.0,2.0,0.3333333333333333,0.5,1,1,0,1,3,0.37416666666666665,1,1,0,2,38,0,0,0,1,60,2,1
67.0,0.030303030303030304,22.333333333333332,65.0,2.0,2.0,0.3333333333333333,0.0,1,1,0,0,2,0.5625,1,1,0,1,56,1,0,0,2,64,0,0
4.0,0.6666666666666666,1.3333333333333333,2.0,2.0,2.0,0.3333333333333333,0.0,1,1,0,0,1,0.5155555555555555,1,1,0,2,17,0,1,0,2,33,0,0
342.0,0.017804154302670624,31.09090909090909,336.0,6.0,10.0,0.18181818181818182,0.6666666666666666,2,1,0,0,1,4.301111111111111,0,1,0,2,47,1,0,0,10,60,2,2
2.0,0.5,1.0,1.0,1.0,1.0,0.5,0.5,1,1,0,0,2,0.36083333333333334,1,1,0,2,9,0,0,0,1,49,1,1
65.0,0.5,13.0,43.0,22.0,4.0,0.6,0.75,3,1,0,1,3,1.7838888888888889,1,1,0,1,36,0,0,0,1,49,0,3
37.0,0.9,9.25,19.0,18.0,3.0,0.75,0.25,3,1,0,0,2,1.7425,1,1,0,0,62,0,0,0,2,88,1,1
10.0,0.375,3.3333333333333335,7.0,3.0,2.0,1.0,0.75,3,1,0,1,3,0.9427777777777778,1,1,0,2,33,0,0,0,0,31,0,3
5.0,0.0,2.5,5.0,0.0,1.0,0.5,0.0,1,1,0,0,2,1.0825,1,1,0,2,12,0,0,0,1,40,0,0
18.0,0.26666666666666666,6.0,14.0,4.0,2.0,0.6666666666666666,0.0,2,1,0,0,2,1.7902777777777779,1,1,0,2,38,0,0,0,1,74,0,0
30.0,0.9375,4.285714285714286,15.0,15.0,6.0,0.2857142857142857,0.0,2,1,0,0,2,1.551111111111111,1,1,0,1,77,0,1,0,6,29,0,0
2.0,0.5,1.0,1.0,1.0,1.0,0.5,0.5,1,1,0,0,2,0.36083333333333334,1,1,0,2,9,0,0,0,1,49,1,1
4.0,0.6666666666666666,2.0,2.0,2.0,1.0,0.5,0.0,1,1,0,0,1,3.142777777777778,0,1,0,1,11,0,0,0,0,64,1,0
18.0,0.26666666666666666,6.0,14.0,4.0,2.0,0.3333333333333333,0.5,1,1,0,1,3,0.37416666666666665,1,1,0,2,38,0,0,0,1,60,2,1
26.0,0.5882352941176471,13.0,16.0,10.0,1.0,2.5,0.3333333333333333,5,1,0,0,2,4.473888888888889,0,1,0,1,31,0,0,0,1,67,8,2
116.0,0.9830508474576272,23.2,58.0,58.0,4.0,0.6,0.0,3,1,0,0,2,2.108888888888889,0,1,0,0,67,0,1,0,4,38,0,0
105.0,1.4090909090909092,35.0,43.0,62.0,2.0,0.3333333333333333,1.5,1,1,0,1,3,1.2105555555555556,1,1,0,0,60,0,1,0,2,29,0,3
27.0,0.8666666666666667,4.5,14.0,13.0,5.0,0.16666666666666666,0.0,1,1,0,0,2,0.3408333333333333,1,1,0,2,58,1,0,0,5,39,0,0
42.0,0.0,21.0,42.0,0.0,1.0,0.5,0.0,1,1,0,0,1,0.37833333333333335,1,1,0,0,41,1,0,0,1,89,1,0
342.0,0.017804154302670624,31.09090909090909,336.0,6.0,10.0,0.18181818181818182,0.6666666666666666,2,1,0,0,1,4.301111111111111,0,1,0,2,47,1,0,0,10,60,2,2
2.0,0.5,1.0,1.0,1.0,1.0,0.5,0.0,1,1,0,0,2,1.5625,1,1,0,1,9,0,0,0,0,43,1,0
207.0,0.12432432432432433,23.0,184.0,23.0,8.0,0.4444444444444444,1.2,4,1,0,0,2,1.4,1,1,0,0,85,1,1,0,8,67,2,6
5.0,0.0,2.5,5.0,0.0,1.0,0.5,0.0,1,1,0,0,2,1.0825,1,1,0,2,12,0,0,0,1,40,0,0
67.0,0.030303030303030304,22.333333333333332,65.0,2.0,2.0,0.3333333333333333,0.0,1,1,0,0,2,0.5625,1,1,0,1,56,1,0,0,2,64,0,0
23.0,0.043478260869565216,7.666666666666667,22.0,1.0,2.0,0.3333333333333333,0.0,1,1,0,0,2,0.6905555555555556,1,1,0,2,34,1,0,0,2,36,0,0
4.0,0.6666666666666666,2.0,2.0,2.0,1.0,0.5,0.5,1,1,0,0,2,0.8361111111111111,1,1,0,1,13,1,0,0,0,33,0,1
13.0,1.3333333333333333,4.333333333333333,5.0,8.0,2.0,0.3333333333333333,0.0,1,1,0,0,1,0.5430555555555555,1,1,0,1,33,0,1,0,0,45,1,0
20.0,0.3125,10.0,15.0,5.0,1.0,0.5,1.0,1,1,0,0,2,0.5422222222222223,1,4,0,2,33,0,0,0,1,86,1,2
353.0,0.6619718309859155,39.22222222222222,212.0,141.0,8.0,0.2222222222222222,1.0,2,1,0,0,2,2.718611111111111,0,4,0,0,71,0,0,0,7,62,1,3
4.0,0.25,2.0,3.0,1.0,1.0,1.0,0.3333333333333333,2,1,0,0,2,1.7044444444444444,1,4,0,2,10,0,0,0,0,61,0,1
602.0,0.5227272727272727,43.0,395.0,207.0,13.0,0.14285714285714285,0.6666666666666666,2,1,0,0,2,1.4708333333333334,1,4,0,0,61,1,0,0,13,44,0,2
14.0,0.6666666666666666,4.666666666666667,8.0,6.0,2.0,0.3333333333333333,1.5,1,1,0,1,4,0.5144444444444445,1,4,0,3,29,1,0,0,2,66,0,3
491.0,0.6510067114093959,49.1,297.0,194.0,9.0,0.8,0.3333333333333333,8,1,0,0,2,1.9766666666666666,1,4,0,1,65,1,0,0,9,62,0,3
2908.0,0.5465178096757044,72.7,1880.0,1028.0,39.0,0.275,0.3333333333333333,11,1,0,1,3,9.27111111111111,0,4,0,0,23,1,0,0,38,42,1,4
10.0,0.8333333333333334,2.0,5.0,5.0,4.0,0.2,0.0,1,1,0,1,4,1.3688888888888888,1,3,0,1,38,0,1,0,4,23,0,0
10.0,0.0,5.0,10.0,0.0,1.0,4.0,0.4444444444444444,8,1,0,1,5,31.61777777777778,0,3,0,2,28,0,0,0,1,52,1,4
99.0,0.7857142857142857,12.375,55.0,44.0,7.0,0.375,0.5,3,1,0,1,3,4.936944444444444,0,4,0,0,44,0,0,0,7,75,0,2
411.0,0.2755417956656347,29.357142857142858,322.0,89.0,13.0,0.07142857142857142,2.0,1,1,0,1,4,0.7408333333333333,1,4,0,1,71,1,0,0,12,39,0,4
2.0,0.5,1.0,1.0,1.0,1.0,1.0,0.0,2,1,0,0,2,24.055,0,3,0,2,9,0,1,0,1,45,0,0
269.0,0.06299212598425197,17.933333333333334,253.0,16.0,14.0,0.06666666666666667,2.5,1,1,0,0,2,0.6044444444444445,1,4,0,0,85,1,0,0,14,62,0,5
27.0,0.75,6.75,15.0,12.0,3.0,0.25,1.5,1,1,0,0,2,4.432222222222222,0,4,0,1,45,0,0,0,3,11,0,3
21.0,0.5714285714285714,10.5,13.0,8.0,1.0,1.5,0.25,3,1,0,0,2,2.2005555555555554,0,4,0,0,49,0,0,0,1,52,0,1
3512.0,0.09065507606333437,103.29411764705883,3220.0,292.0,33.0,0.4411764705882353,0.625,15,1,0,1,3,24.713055555555556,0,3,0,0,64,1,1,0,23,45,3,10
78.0,0.46296296296296297,15.6,53.0,25.0,4.0,0.6,0.25,3,1,0,0,2,1.06,1,4,0,2,59,1,0,0,4,11,0,1
89.0,0.13924050632911392,9.88888888888889,78.0,11.0,8.0,0.5555555555555556,0.5,5,1,0,1,3,30.18861111111111,0,3,0,1,39,1,0,0,8,69,6,3
68.0,0.078125,22.666666666666668,63.0,5.0,2.0,0.3333333333333333,0.0,1,1,0,0,2,1.446388888888889,1,4,0,1,37,1,0,0,2,72,0,0
161.0,0.11724137931034483,20.125,144.0,17.0,7.0,0.25,0.6666666666666666,2,1,0,0,2,4.935555555555555,0,4,0,0,43,1,0,0,7,61,0,2
4.0,0.6666666666666666,2.0,2.0,2.0,1.0,5.0,0.0,10,1,0,0,2,0.5452777777777778,1,4,0,0,18,0,1,0,0,38,1,0
218.0,0.15873015873015872,43.6,188.0,30.0,4.0,1.4,0.5,7,1,0,0,2,340.33166666666665,0,3,0,0,49,1,0,0,3,47,0,4
30.0,0.19230769230769232,10.0,25.0,5.0,2.0,0.6666666666666666,0.0,2,1,0,0,2,1.2352777777777777,1,4,0,0,68,0,0,0,2,38,0,0
3058.0,1.5012264922322158,113.25925925925925,1222.0,1836.0,26.0,0.2222222222222222,2.142857142857143,6,1,0,0,2,1.4430555555555555,1,4,0,0,82,0,1,0,26,58,0,15
3.0,1.0,1.5,1.0,2.0,1.0,0.5,0.0,1,1,0,0,2,21.174166666666668,0,3,0,2,10,0,0,0,0,35,1,0
386.0,0.6681034482758621,64.33333333333333,231.0,155.0,5.0,0.3333333333333333,0.6666666666666666,2,1,0,0,2,0.7916666666666666,1,4,0,0,54,0,0,0,3,36,0,2
8.0,0.2857142857142857,2.6666666666666665,6.0,2.0,2.0,0.6666666666666666,1.3333333333333333,2,1,0,1,3,1.1497222222222223,1,4,0,1,31,0,0,0,2,102,0,4
145.0,0.1774193548387097,14.5,123.0,22.0,9.0,0.4,0.4,4,1,0,0,2,10.003333333333334,0,4,0,1,55,1,0,0,9,52,0,2
25.0,0.0,12.5,25.0,0.0,1.0,1.0,0.6666666666666666,2,1,0,0,2,0.9083333333333333,1,4,0,0,26,0,0,0,0,36,0,2
34.0,0.2962962962962963,11.333333333333334,26.0,8.0,2.0,0.3333333333333333,0.0,1,1,0,0,2,0.7177777777777777,1,4,0,1,52,0,0,0,2,68,0,0
44.0,0.0,22.0,44.0,0.0,1.0,1.5,0.75,3,1,0,0,2,1.3655555555555556,1,4,0,3,68,0,0,0,1,64,1,3
6.0,0.75,3.0,3.0,3.0,1.0,0.5,1.5,1,1,0,0,2,1.6641666666666666,1,4,0,1,27,1,0,0,1,14,0,3
354.0,0.11987381703470032,88.5,316.0,38.0,3.0,1.0,0.4,4,1,0,1,3,1.8302777777777777,1,4,0,0,55,1,0,0,3,65,0,2
196.0,0.2875816993464052,21.77777777777778,152.0,44.0,8.0,0.5555555555555556,1.0,5,1,0,1,5,33.428333333333335,0,3,0,1,70,1,0,0,8,52,2,6
12.0,0.08333333333333333,4.0,11.0,1.0,2.0,1.0,0.75,3,1,0,1,3,66.46305555555556,0,1,0,0,32,1,0,0,2,63,3,3
14.0,0.15384615384615385,7.0,12.0,2.0,1.0,1.5,0.5,3,1,0,1,3,1.1613888888888888,1,4,0,1,28,0,0,0,1,62,0,2
275.0,0.5164835164835165,25.0,181.0,94.0,10.0,0.2727272727272727,1.0,3,1,0,1,3,14.046111111111111,0,3,0,0,65,1,1,0,10,56,0,4
709.0,0.014285714285714285,88.625,699.0,10.0,7.0,1.25,0.5454545454545454,10,1,0,1,4,237.64194444444445,0,1,0,0,45,1,0,0,7,53,1,6
4.0,0.0,2.0,4.0,0.0,1.0,0.5,0.5,1,1,0,0,2,0.48055555555555557,1,4,0,3,11,0,0,0,1,53,0,1
314.0,1.4803149606299213,28.545454545454547,126.0,188.0,10.0,0.18181818181818182,2.0,2,1,0,0,2,0.6544444444444445,1,0,0,1,65,1,1,0,10,56,5,6
1800.0,0.023295454545454546,94.73684210526316,1759.0,41.0,18.0,1.0526315789473684,0.47619047619047616,20,1,0,1,3,166.62,0,4,0,0,44,1,1,0,18,47,0,10
1.0,0.0,0.5,1.0,0.0,1.0,0.5,0.0,1,1,0,0,2,1.09,1,4,0,2,8,0,0,0,1,47,0,0
249.0,0.9841269841269841,8.586206896551724,125.0,124.0,28.0,0.1724137931034483,0.5,5,1,0,0,2,1.9052777777777778,1,4,0,0,86,0,0,0,0,46,2,3
3.0,1.0,1.5,1.0,2.0,1.0,0.5,1.0,1,1,0,0,2,1.1297222222222223,1,4,0,2,17,0,0,0,1,37,0,2
100.0,0.10989010989010989,14.285714285714286,90.0,10.0,6.0,0.5714285714285714,0.6,4,1,0,0,2,0.5463888888888889,1,4,0,1,61,1,0,0,6,96,0,3
68.0,0.06153846153846154,22.666666666666668,64.0,4.0,2.0,0.3333333333333333,0.5,1,1,0,0,2,0.9252777777777778,1,4,0,1,52,1,0,0,2,14,0,1
1.0,0.0,0.5,1.0,0.0,1.0,0.5,0.0,1,1,0,0,2,1.0930555555555554,1,4,0,2,8,0,0,0,1,59,0,0
8.0,0.8,1.6,4.0,4.0,4.0,0.2,0.0,1,1,0,0,2,0.8361111111111111,1,4,0,0,33,0,0,0,0,52,2,0
28.0,0.07407407407407407,14.0,26.0,2.0,1.0,0.5,1.0,1,1,0,0,2,0.6769444444444445,1,4,0,1,35,1,0,0,1,44,0,2
2.0,0.0,0.6666666666666666,2.0,0.0,2.0,0.3333333333333333,0.0,1,1,0,0,2,0.36,1,4,0,1,15,0,0,0,0,34,0,0
6.0,0.16666666666666666,3.0,5.0,1.0,1.0,0.5,0.0,1,1,0,0,2,10.691944444444445,0,3,0,0,17,0,0,0,0,15,0,0
2.0,0.5,1.0,1.0,1.0,1.0,0.5,0.0,1,1,0,0,2,17.435555555555556,0,3,0,1,9,0,0,0,1,38,0,0
1.0,0.0,0.5,1.0,0.0,1.0,0.5,0.0,1,1,0,0,2,0.5008333333333334,1,4,0,3,8,0,0,0,1,46,0,0
199.0,0.48148148148148145,11.055555555555555,134.0,65.0,17.0,0.4444444444444444,0.1111111111111111,8,1,0,0,2,2.426111111111111,0,4,0,1,47,1,1,0,17,68,2,1
12.0,0.18181818181818182,6.0,10.0,2.0,1.0,0.5,0.5,1,1,0,0,2,9.561111111111112,0,3,0,0,20,0,0,0,1,60,0,1
783.0,0.07988980716253444,46.05882352941177,725.0,58.0,16.0,0.47058823529411764,0.1111111111111111,8,1,0,1,3,10.655,0,3,0,2,32,1,0,0,16,61,1,1
648.0,0.5306603773584906,64.8,423.0,225.0,9.0,0.4,0.8,4,1,0,1,3,1.8141666666666667,1,4,0,0,66,1,0,0,8,54,1,4
4133.23,0.007309531873213734,61.68999999999999,4103.23,30.0,66.0,0.34328358208955223,2.375,23,1,0,1,4,37.18944444444445,0,2,0,2,90,1,1,0,62,43,2,57
10.0,0.375,5.0,7.0,3.0,1.0,0.5,0.0,1,1,0,1,3,1.7316666666666667,1,4,0,1,18,0,1,0,1,68,0,0
68.0,0.06153846153846154,22.666666666666668,64.0,4.0,2.0,0.3333333333333333,2.0,1,1,0,1,3,1.8516666666666666,1,4,0,2,83,0,0,0,2,55,1,4
310.0,0.6994535519125683,77.5,182.0,128.0,3.0,2.25,0.0,9,1,0,0,2,1.9452777777777779,1,4,0,1,92,0,1,0,0,50,1,0
347.0,6.565217391304348,34.7,45.0,302.0,9.0,0.6,0.0,6,1,0,1,3,3.4963888888888888,0,3,0,1,37,1,0,0,9,32,1,0
18.0,0.9,9.0,9.0,9.0,1.0,0.5,0.5,1,1,0,0,2,0.8230555555555555,1,3,0,1,52,0,0,0,1,42,0,1
823.0,0.04568527918781726,34.291666666666664,787.0,36.0,23.0,0.20833333333333334,0.6666666666666666,5,1,0,0,2,7.036111111111111,0,3,0,1,72,1,1,0,23,36,1,4
153.0,0.54,15.3,99.0,54.0,9.0,0.2,1.3333333333333333,2,1,0,1,3,2.8758333333333335,0,3,0,3,59,1,0,0,8,36,1,4
54.0,5.111111111111111,27.0,8.0,46.0,1.0,0.5,0.0,1,1,0,0,2,1.1772222222222222,1,0,0,1,69,0,0,0,1,70,0,0
1385.0,0.038202247191011236,60.21739130434783,1334.0,51.0,22.0,0.34782608695652173,1.2222222222222223,8,1,0,1,3,6.756666666666667,0,6,1,0,59,1,0,0,22,48,0,11
6.0,0.75,3.0,3.0,3.0,1.0,0.5,0.0,1,1,0,0,1,71.5286111111111,0,4,0,1,13,0,1,0,1,56,0,0
18.0,18.0,6.0,0.0,18.0,2.0,0.3333333333333333,0.0,1,1,0,0,2,5.070277777777778,0,0,0,0,38,0,0,0,1,71,0,0
16.0,0.8888888888888888,8.0,8.0,8.0,1.0,0.5,0.0,1,1,0,0,2,14.811944444444444,0,6,1,3,30,0,0,0,1,49,0,0
6.0,0.0,3.0,6.0,0.0,1.0,1.0,0.3333333333333333,2,1,0,0,2,1.4875,1,0,0,2,20,0,0,0,1,48,0,1
31.0,0.391304347826087,10.333333333333334,22.0,9.0,2.0,0.6666666666666666,2.3333333333333335,2,1,0,1,3,1.2666666666666666,1,0,0,2,51,1,0,0,2,56,0,7
54.0,0.71875,10.8,31.0,23.0,4.0,1.0,0.5,5,1,0,1,3,5.061944444444444,0,6,1,2,39,1,0,0,3,17,0,3
7.0,0.3333333333333333,3.5,5.0,2.0,1.0,0.5,0.5,1,1,0,0,2,0.3875,1,0,0,1,21,0,1,0,0,68,0,1
742.0,0.05539772727272727,61.833333333333336,703.0,39.0,11.0,1.9166666666666667,0.08333333333333333,23,1,0,0,2,72.885,0,4,0,2,41,1,0,0,9,60,0,2
81.0,0.43859649122807015,40.5,56.0,25.0,1.0,1.0,0.6666666666666666,2,1,0,0,2,76.25888888888889,0,4,0,2,65,0,0,0,1,76,0,2
1243.0,0.3150105708245243,88.78571428571429,945.0,298.0,13.0,0.2857142857142857,0.4,4,1,0,0,2,5.6575,0,6,1,0,69,1,0,0,13,52,0,2
17.0,2.6,8.5,4.0,13.0,1.0,0.5,0.5,1,1,0,0,2,1.0575,1,0,0,1,38,0,0,0,1,57,0,1
16.0,0.8888888888888888,8.0,8.0,8.0,1.0,0.5,0.0,1,1,0,0,2,14.811944444444444,0,6,1,3,30,0,0,0,1,49,0,0
742.0,0.05539772727272727,61.833333333333336,703.0,39.0,11.0,1.9166666666666667,0.08333333333333333,23,1,0,0,2,72.885,0,4,0,2,41,1,0,0,9,60,0,2
1243.0,0.3150105708245243,88.78571428571429,945.0,298.0,13.0,0.2857142857142857,0.4,4,1,0,0,2,5.6575,0,6,1,0,69,1,0,0,13,52,0,2
26.0,0.2857142857142857,13.0,20.0,6.0,1.0,1.0,0.3333333333333333,2,1,0,0,2,1.6241666666666668,1,0,0,1,40,0,0,0,1,26,0,1
2.0,0.5,1.0,1.0,1.0,1.0,0.5,0.0,1,1,0,0,1,8.810555555555556,0,0,0,1,9,0,0,0,1,46,0,0
11.0,1.0,3.6666666666666665,5.0,6.0,2.0,0.6666666666666666,0.0,2,1,0,0,1,3.2119444444444443,0,0,0,1,30,1,0,0,2,63,0,0
16.0,0.8888888888888888,3.2,8.0,8.0,4.0,0.4,0.0,2,1,0,0,1,7.7275,0,0,0,0,62,0,1,0,4,23,0,0
2.0,0.5,1.0,1.0,1.0,1.0,0.5,0.0,1,1,0,0,1,4.181666666666667,0,0,0,0,9,0,0,0,1,37,0,0
4.0,0.6666666666666666,2.0,2.0,2.0,1.0,0.5,0.5,1,1,0,0,2,0.7063888888888888,1,0,0,1,18,0,0,0,1,51,0,1
1.0,0.0,0.5,1.0,0.0,1.0,0.5,0.0,1,1,0,0,2,0.7086111111111111,1,0,0,0,8,0,0,0,0,77,0,0
574.0,0.0017421602787456446,63.77777777777778,573.0,1.0,8.0,0.2222222222222222,3.3333333333333335,2,1,0,0,2,1.1416666666666666,1,0,0,0,85,0,1,0,7,43,0,10
10.0,0.8333333333333334,3.3333333333333335,5.0,5.0,2.0,0.3333333333333333,0.0,1,1,0,0,1,2.3916666666666666,0,0,0,1,29,1,1,0,2,49,0,0
32.0,0.06451612903225806,6.4,30.0,2.0,4.0,0.4,0.3333333333333333,2,1,0,1,3,1.0944444444444446,1,0,0,0,35,0,0,0,4,74,1,1
166.0,0.19285714285714287,27.666666666666668,139.0,27.0,5.0,0.3333333333333333,1.3333333333333333,2,1,0,0,2,3.116111111111111,0,0,0,1,79,1,0,0,5,55,0,4
759.0,1.825278810408922,39.94736842105263,268.0,491.0,18.0,0.05263157894736842,0.0,1,1,0,0,1,2.404166666666667,0,0,0,3,62,0,1,0,15,83,1,0
974.0,5.914893617021277,121.75,140.0,834.0,7.0,0.25,0.6666666666666666,2,1,0,1,5,3.855,0,0,0,1,51,1,0,0,6,71,0,2
88.0,0.7450980392156863,14.666666666666666,50.0,38.0,5.0,0.3333333333333333,1.6666666666666667,2,1,0,0,2,3.1425,0,0,0,0,41,1,0,0,5,51,0,5
2.0,0.5,1.0,1.0,1.0,1.0,0.5,0.0,1,1,0,0,2,0.6736111111111112,1,0,0,0,9,0,0,0,1,37,0,0
759.0,1.825278810408922,39.94736842105263,268.0,491.0,18.0,0.05263157894736842,1.5,1,1,0,1,3,0.6319444444444444,1,0,0,3,62,0,1,0,15,69,1,3
3.0,0.3333333333333333,1.5,2.0,1.0,1.0,0.5,0.0,1,1,0,0,2,4.214166666666666,0,0,0,2,17,0,0,0,1,65,0,0
7.0,0.3333333333333333,3.5,5.0,2.0,1.0,1.0,0.0,2,1,0,1,3,1.263611111111111,1,0,0,2,14,0,0,0,1,85,1,0
2.0,0.5,1.0,1.0,1.0,1.0,0.5,0.0,1,1,0,0,2,0.5316666666666666,1,0,0,0,9,0,0,0,0,67,0,0
4.0,0.6666666666666666,1.3333333333333333,2.0,2.0,2.0,0.3333333333333333,0.0,1,1,0,0,1,14.820277777777777,0,0,0,1,17,0,0,0,0,45,0,0
266.0,0.09876543209876543,66.5,242.0,24.0,3.0,1.0,0.4,4,1,0,0,2,2.551388888888889,0,0,0,1,56,1,0,0,3,56,1,2
4.0,0.6666666666666666,2.0,2.0,2.0,1.0,0.5,0.0,1,1,0,0,1,0.7244444444444444,1,0,0,1,18,0,0,0,1,65,0,0
686.0,1.0265486725663717,85.75,338.0,348.0,7.0,0.375,1.25,3,1,0,0,2,1.113611111111111,1,0,0,2,86,1,0,0,7,51,0,5
4.0,0.6666666666666666,1.3333333333333333,2.0,2.0,2.0,0.3333333333333333,0.0,1,1,0,0,1,14.820277777777777,0,0,0,1,17,0,0,0,0,45,0,0
974.0,5.914893617021277,121.75,140.0,834.0,7.0,0.25,0.6666666666666666,2,1,0,1,5,3.855,0,0,0,1,51,1,0,0,6,71,0,2
1005.0,0.05230125523012552,71.78571428571429,955.0,50.0,13.0,0.35714285714285715,0.3333333333333333,5,1,0,1,5,4.557777777777778,0,0,0,4,30,1,1,0,13,47,1,2
974.0,5.914893617021277,121.75,140.0,834.0,7.0,0.125,0.0,1,1,0,0,1,0.5852777777777778,1,0,0,1,51,1,0,0,6,85,0,0
38.0,4.571428571428571,5.428571428571429,6.0,32.0,6.0,0.14285714285714285,1.0,1,1,0,0,2,0.5888888888888889,1,0,0,0,43,1,1,0,6,75,1,2
83.0,0.9090909090909091,27.666666666666668,43.0,40.0,2.0,0.3333333333333333,0.5,1,1,0,0,2,0.5616666666666666,1,0,0,2,41,1,0,0,2,72,0,1
79.0,0.05263157894736842,26.333333333333332,75.0,4.0,2.0,0.6666666666666666,1.3333333333333333,2,1,0,1,4,2.2091666666666665,0,0,0,1,63,1,0,0,2,56,2,4
68.0,22.0,17.0,2.0,66.0,3.0,0.25,0.0,1,1,0,1,3,2.609166666666667,0,0,0,0,33,0,0,0,3,58,0,0
361.0,0.08059701492537313,120.33333333333333,334.0,27.0,2.0,0.3333333333333333,0.0,1,1,0,1,3,1.4266666666666667,1,0,0,0,17,1,0,0,2,65,0,0
88.0,0.7450980392156863,14.666666666666666,50.0,38.0,5.0,0.16666666666666666,0.0,1,1,0,0,1,1.0566666666666666,1,0,0,0,41,1,0,0,5,65,0,0
4.0,0.6666666666666666,1.3333333333333333,2.0,2.0,2.0,0.3333333333333333,0.0,1,1,0,0,1,1.7822222222222222,1,0,0,0,17,0,1,0,2,44,1,0
2.0,0.0,1.0,2.0,0.0,1.0,0.5,0.0,1,1,0,0,1,0.5475,1,0,0,0,10,0,0,0,1,74,0,0
89.0,2.103448275862069,12.714285714285714,28.0,61.0,6.0,0.14285714285714285,0.0,1,1,0,0,2,5.685,0,0,0,1,6,0,0,0,3,48,3,0
88.0,0.7450980392156863,14.666666666666666,50.0,38.0,5.0,0.16666666666666666,0.0,1,1,0,0,1,1.3458333333333334,1,0,0,0,41,1,0,0,5,51,0,0
21.0,0.0,10.5,21.0,0.0,1.0,3.0,0.14285714285714285,6,1,0,0,2,1.8997222222222223,1,0,0,3,50,1,0,0,1,87,3,1
2.0,0.5,1.0,1.0,1.0,1.0,1.0,0.0,2,1,0,0,1,2.9930555555555554,0,0,0,0,9,0,1,0,1,27,0,0
19.0,0.3333333333333333,9.5,14.0,5.0,1.0,0.5,0.0,1,1,0,0,1,0.865,1,0,0,4,32,0,0,0,1,83,0,0
2.0,0.0,1.0,2.0,0.0,1.0,0.5,0.0,1,1,0,0,2,1.1380555555555556,1,0,0,0,10,0,0,0,1,60,1,0
805.0,0.01639344262295082,89.44444444444444,792.0,13.0,8.0,0.3333333333333333,0.75,3,1,0,0,2,1.5125,1,0,0,1,65,1,1,0,8,70,0,3
119.0,0.5789473684210527,13.222222222222221,75.0,44.0,8.0,0.2222222222222222,0.6666666666666666,2,1,0,0,2,0.38305555555555554,1,0,0,1,81,1,0,0,8,53,0,2
3.0,0.0,1.5,3.0,0.0,1.0,0.5,0.0,1,1,0,0,2,0.5527777777777778,1,0,0,1,10,0,0,0,1,62,0,0
33.0,0.1724137931034483,6.6,28.0,5.0,4.0,0.4,0.6666666666666666,2,1,0,1,3,1.8516666666666666,1,0,0,3,40,0,0,0,4,85,0,2
19.0,0.3333333333333333,9.5,14.0,5.0,1.0,1.0,0.6666666666666666,2,1,0,0,2,0.6644444444444444,1,0,0,4,32,0,0,0,1,69,1,2
4.0,0.6666666666666666,1.3333333333333333,2.0,2.0,2.0,0.3333333333333333,0.0,1,1,0,0,2,1.7158333333333333,1,0,0,0,17,0,1,0,2,30,2,0
20.0,0.9090909090909091,10.0,10.0,10.0,1.0,1.0,0.0,2,1,0,0,2,1.0316666666666667,1,0,0,3,65,0,1,0,1,63,0,0
38.0,4.571428571428571,5.428571428571429,6.0,32.0,6.0,0.14285714285714285,0.0,1,1,0,0,1,0.5708333333333333,1,0,0,0,43,1,1,0,6,98,0,0
6.0,0.0,3.0,6.0,0.0,1.0,0.5,0.0,1,1,0,0,2,0.6911111111111111,1,0,0,0,12,0,1,0,1,47,0,0
79.0,0.2903225806451613,26.333333333333332,61.0,18.0,2.0,0.3333333333333333,0.0,1,1,0,0,1,0.5405555555555556,1,0,0,0,40,0,0,0,2,65,0,0
21.0,0.0,10.5,21.0,0.0,1.0,3.0,0.14285714285714285,6,1,0,0,2,1.8997222222222223,1,0,0,3,50,1,0,0,1,87,3,1
89.0,2.103448275862069,12.714285714285714,28.0,61.0,6.0,0.14285714285714285,0.0,1,1,0,0,2,5.685,0,0,0,1,6,0,0,0,3,48,3,0
805.0,0.01639344262295082,89.44444444444444,792.0,13.0,8.0,0.3333333333333333,0.75,3,1,0,0,2,1.5125,1,0,0,1,65,1,1,0,8,70,0,3
3.0,0.3333333333333333,1.5,2.0,1.0,1.0,0.5,0.0,1,1,0,0,1,0.5752777777777778,1,0,0,1,17,0,0,0,1,75,0,0
6.0,0.0,3.0,6.0,0.0,1.0,0.5,0.0,1,1,0,0,2,0.6911111111111111,1,0,0,0,12,0,1,0,1,47,0,0
18.0,0.9,9.0,9.0,9.0,1.0,0.5,0.5,1,1,0,1,3,0.8722222222222222,1,3,0,0,52,0,0,0,1,50,0,1
135.0,0.030303030303030304,45.0,131.0,4.0,2.0,1.3333333333333333,0.6,4,1,0,1,3,149.67166666666665,0,4,0,1,69,1,0,0,2,53,3,3
284.0,0.014234875444839857,56.8,280.0,4.0,4.0,0.6,4.0,3,1,0,1,3,2.436111111111111,0,3,0,3,34,1,0,0,4,73,0,16
8.0,0.125,4.0,7.0,1.0,1.0,1.0,0.3333333333333333,2,1,0,0,2,1.5791666666666666,1,3,0,2,18,0,0,0,0,47,0,1
4.0,0.0,2.0,4.0,0.0,1.0,0.5,0.5,1,1,0,0,2,5.4655555555555555,0,3,0,3,18,0,0,0,1,59,0,1
893.0,0.23822714681440443,40.59090909090909,721.0,172.0,21.0,0.18181818181818182,1.6,4,1,0,1,3,2.2941666666666665,0,3,0,0,56,1,0,0,21,47,1,8
102.0,0.09574468085106383,34.0,93.0,9.0,2.0,0.6666666666666666,0.3333333333333333,2,1,0,0,2,2.278611111111111,0,3,0,3,55,1,0,0,2,71,0,1
158.0,0.1865671641791045,19.75,133.0,25.0,7.0,0.125,1.5,1,1,0,0,2,5.717777777777778,0,3,0,0,59,0,0,0,5,70,0,3
701.0,0.018867924528301886,63.72727272727273,688.0,13.0,10.0,0.2727272727272727,1.25,3,1,0,0,2,47.87722222222222,0,1,0,2,41,1,0,0,10,79,0,5
194.0,0.1206896551724138,27.714285714285715,173.0,21.0,6.0,0.42857142857142855,0.75,3,1,0,0,2,1.4930555555555556,1,3,0,0,48,1,1,0,6,60,0,3
93.0,0.0,15.5,93.0,0.0,5.0,0.16666666666666666,1.5,1,1,0,0,2,1.3655555555555556,1,3,0,1,49,1,0,0,4,28,0,3
483.0,0.10755148741418764,30.1875,436.0,47.0,15.0,0.3125,0.5,5,1,0,0,2,20.256944444444443,0,3,0,2,62,1,0,0,15,66,1,3
65.0,0.13793103448275862,32.5,57.0,8.0,1.0,1.0,1.6666666666666667,2,1,0,1,3,2.8925,0,3,0,1,54,0,0,0,1,73,0,5
170.0,0.9,24.285714285714285,89.0,81.0,6.0,0.14285714285714285,0.0,1,1,0,0,2,0.7852777777777777,1,3,0,2,71,1,1,0,6,24,0,0
180.0,0.14556962025316456,13.846153846153847,157.0,23.0,12.0,0.46153846153846156,0.5714285714285714,6,1,0,1,3,23.7025,0,2,0,0,45,1,0,0,11,58,1,4
82.0,0.16901408450704225,27.333333333333332,70.0,12.0,2.0,0.3333333333333333,0.0,1,0,1,0,0,13.845833333333333,0,0,0,2,84,0,1,0,1,26,6,0
181.0,1.1927710843373494,18.1,82.0,99.0,9.0,0.2,0.0,2,1,0,0,1,19.356666666666666,0,3,0,0,69,1,1,0,7,68,0,0
138.0,0.9857142857142858,2.76,69.0,69.0,49.0,0.04,0.0,2,1,0,0,1,13.699166666666667,0,3,0,0,46,1,1,0,41,50,0,0
136.0,0.9855072463768116,2.8333333333333335,68.0,68.0,47.0,0.041666666666666664,0.0,2,1,0,0,1,13.672222222222222,0,3,0,0,47,1,1,0,40,50,0,0
126.0,0.984375,3.073170731707317,63.0,63.0,40.0,0.04878048780487805,0.0,2,1,0,0,1,13.647222222222222,0,3,0,0,55,1,1,0,36,50,1,0
144.0,0.9863013698630136,2.769230769230769,72.0,72.0,51.0,0.038461538461538464,0.0,2,1,0,0,2,13.526111111111112,0,3,0,0,46,1,1,0,43,41,1,0
5872.5099999999975,1.155416513761467,55.40103773584903,2724.0,3148.5099999999975,105.0,0.03773584905660377,0.0,4,1,0,0,2,28.16611111111111,0,2,0,0,116,1,1,0,1,86,0,0
6.0,0.75,3.0,3.0,3.0,1.0,0.5,0.0,1,0,1,0,0,3.4558333333333335,0,5,1,0,20,0,0,0,1,22,12,0
302.0,0.23170731707317074,60.4,245.0,57.0,4.0,0.4,2.3333333333333335,2,1,0,0,2,9.238611111111112,0,0,0,2,105,1,0,0,4,41,5,7
767.0,0.7028824833702882,36.523809523809526,450.0,317.0,20.0,0.19047619047619047,0.0,4,1,0,0,1,25.55611111111111,0,2,0,0,68,1,1,0,0,63,0,0
52.0,2.7857142857142856,10.4,13.0,39.0,4.0,0.2,0.0,1,1,0,0,2,25.570555555555554,0,2,0,1,60,0,0,0,0,64,0,0
4409.23,0.07455722510678009,36.60630967206322,4103.23,306.0,119.44999999999959,0.19095060190950666,0.08333333333333333,23,1,0,1,4,1704.921111111111,0,0,0,2,103,1,1,0,137,38,22,2
44.0,0.7307692307692307,11.0,25.0,19.0,3.0,0.25,0.0,1,1,0,0,1,0.37166666666666665,1,1,0,1,68,0,1,0,0,62,2,0
12.0,0.08333333333333333,4.0,11.0,1.0,2.0,0.3333333333333333,0.0,1,1,0,0,1,0.37,1,1,0,1,23,0,1,0,1,69,2,0
2288.0,0.38391777509068925,20.07017543859649,1653.0,635.0,113.0,0.02631578947368421,0.0,3,0,1,0,0,0.44972222222222225,1,5,1,2,85,1,1,0,62,74,0,0
87.0,0.2753623188405797,5.8,68.0,19.0,14.0,0.13333333333333333,0.0,2,0,1,0,0,388.77472222222224,0,3,0,3,78,1,0,0,0,64,0,0
18.0,0.11764705882352941,3.0,16.0,2.0,5.0,0.16666666666666666,0.0,1,0,1,0,0,388.75444444444446,0,3,0,1,70,0,0,0,0,74,0,0
4845.0,0.9991749174917491,40.22415940224173,2423.0,2422.0,119.44999999999959,0.01660440016604406,0.0,2,1,0,0,1,5.2825,0,4,0,1,78,1,1,0,329,28,0,0
1298.0,0.3282208588957055,10.776255707762594,977.0,321.0,119.44999999999959,0.049813200498132176,0.0,6,1,0,0,1,1534.2133333333334,0,3,0,2,80,1,1,0,196,28,1,0
45.0,0.0,15.0,45.0,0.0,2.0,0.3333333333333333,0.0,1,1,0,0,2,0.31527777777777777,1,2,0,3,84,1,0,0,2,88,2,0
139.0,0.09375,27.8,127.0,12.0,4.0,0.2,0.0,1,1,0,0,2,69.43916666666667,0,6,1,0,103,1,0,0,4,53,2,0
5.0,5.0,1.25,0.0,5.0,3.0,0.5,0.3333333333333333,2,1,0,0,2,3.020277777777778,0,2,0,0,31,1,0,0,3,32,1,1
52.0,0.9629629629629629,3.466666666666667,26.0,26.0,14.0,0.06666666666666667,0.0,1,1,0,0,1,2.178611111111111,0,0,0,0,98,1,1,0,14,14,0,0
64.0,0.9696969696969697,4.0,32.0,32.0,15.0,0.0625,0.0,1,1,0,0,1,2.196388888888889,0,0,0,0,109,1,1,0,15,14,0,0
56.0,0.9655172413793104,3.7333333333333334,28.0,28.0,14.0,0.06666666666666667,0.0,1,1,0,0,1,2.2125,0,0,0,0,109,1,1,0,14,14,1,0
266.0,0.08979591836734693,53.2,244.0,22.0,4.0,0.2,0.0,1,1,0,0,1,20.434166666666666,0,6,1,1,93,1,0,0,4,60,1,0
362.0,0.2222222222222222,45.25,296.0,66.0,7.0,0.125,0.0,1,1,0,0,1,36.1475,0,5,1,1,96,1,0,0,7,39,1,0
143.0,0.125,47.666666666666664,127.0,16.0,2.0,0.3333333333333333,0.0,1,1,0,0,1,3.3444444444444446,0,6,1,3,117,1,0,0,2,42,1,0
73.0,1.0,24.333333333333332,36.0,37.0,2.0,0.3333333333333333,0.0,1,1,0,0,1,3.457777777777778,0,6,1,2,81,1,0,0,2,35,1,0
256.0,0.19534883720930232,36.57142857142857,214.0,42.0,6.0,0.14285714285714285,0.5,1,1,0,0,1,0.12472222222222222,1,2,0,1,77,0,1,0,6,57,1,1
137.0,0.5,11.416666666666666,91.0,46.0,11.0,0.08333333333333333,1.5,1,1,0,0,2,16.25111111111111,0,5,1,0,77,0,0,0,11,60,1,3
246.0,0.21674876847290642,61.5,202.0,44.0,3.0,0.25,0.0,1,1,0,0,1,15.81861111111111,0,4,0,2,113,1,0,0,3,65,1,0
87.0,0.1282051282051282,21.75,77.0,10.0,3.0,0.25,0.0,1,1,0,0,1,16.522222222222222,0,4,0,1,104,1,0,0,3,36,1,0
508.0,0.1412556053811659,72.57142857142857,445.0,63.0,6.0,0.14285714285714285,0.5,1,1,0,0,2,27.35611111111111,0,3,0,0,85,1,1,0,5,76,2,1
1844.0,3.9864864864864864,68.29629629629629,369.0,1475.0,26.0,0.037037037037037035,0.0,1,1,0,0,1,29.375833333333333,0,3,0,0,90,1,1,0,20,32,1,0
1981.0,4.243386243386244,73.37037037037037,377.0,1604.0,26.0,0.037037037037037035,0.0,1,1,0,0,1,32.882777777777775,0,3,0,0,76,1,1,0,19,32,0,0
2189.0,4.718015665796345,78.17857142857143,382.0,1807.0,27.0,0.07142857142857142,0.0,2,1,0,0,1,50.788333333333334,0,2,0,0,76,1,1,0,20,32,0,0
731.0,0.1674641148325359,81.22222222222223,626.0,105.0,8.0,0.1111111111111111,1.0,1,1,0,0,2,26.20277777777778,0,3,0,0,85,1,1,0,7,76,0,2
722.0,0.16990291262135923,80.22222222222223,617.0,105.0,8.0,0.1111111111111111,0.0,1,1,0,0,1,26.218055555555555,0,3,0,0,85,1,1,0,7,76,0,0
355.0,0.0028169014084507044,50.714285714285715,354.0,1.0,6.0,0.5714285714285714,0.4,4,1,0,0,2,1.6147222222222222,1,4,0,1,72,1,0,0,6,58,1,2
9.0,0.42857142857142855,4.5,6.0,3.0,1.0,0.5,0.0,1,1,0,0,1,3.7144444444444447,0,3,0,0,27,1,1,0,0,73,0,0
9.0,0.42857142857142855,4.5,6.0,3.0,1.0,0.5,0.5,1,1,0,0,2,3.098611111111111,0,3,0,0,27,1,1,0,0,65,1,1
96.0,0.7017543859649122,12.0,56.0,40.0,7.0,0.75,0.2857142857142857,6,1,0,0,2,16.79111111111111,0,2,0,1,75,1,1,0,5,18,1,2
297.0,0.06428571428571428,74.25,279.0,18.0,3.0,1.0,1.0,4,1,0,1,3,147.01944444444445,0,3,0,2,83,1,1,0,3,64,2,5
77.0,2.25,5.923076923076923,23.0,54.0,12.0,0.38461538461538464,0.3333333333333333,5,1,0,0,2,3.6686111111111113,0,2,0,1,76,1,1,0,11,18,0,2
8.0,2.0,2.6666666666666665,2.0,6.0,2.0,0.6666666666666666,0.3333333333333333,2,1,0,0,2,2.1205555555555557,0,2,0,1,21,1,1,0,1,18,0,1
6.0,2.5,3.0,1.0,5.0,1.0,0.5,0.0,1,1,0,0,1,2.7258333333333336,0,2,0,0,13,1,1,0,0,34,1,0
187.0,0.010752688172043012,31.166666666666668,185.0,2.0,5.0,0.16666666666666666,0.0,1,1,0,0,1,838.5388888888889,0,2,0,2,80,1,1,0,5,69,1,0
3.0,3.0,0.75,0.0,3.0,3.0,0.5,0.0,2,1,0,0,1,7.428333333333334,0,1,0,0,22,0,1,0,3,40,1,0
198.0,0.01015228426395939,66.0,196.0,2.0,2.0,0.6666666666666666,0.0,2,1,0,0,1,6.1097222222222225,0,1,0,3,98,1,0,0,2,115,1,0
2088.0,4.526455026455026,77.33333333333333,377.0,1711.0,26.0,0.18518518518518517,1.0,5,1,0,0,2,334.3811111111111,0,1,0,0,76,1,1,0,19,23,1,6
192.0,3.2888888888888888,17.454545454545453,44.0,148.0,10.0,0.09090909090909091,0.0,1,1,0,0,1,328.6152777777778,0,1,0,0,89,1,1,0,0,41,1,0
39.0,0.1111111111111111,19.5,35.0,4.0,1.0,0.5,0.0,1,1,0,0,1,117.29638888888888,0,2,0,2,51,1,0,0,1,68,0,0
202.0,0.3624161073825503,33.666666666666664,148.0,54.0,5.0,0.3333333333333333,0.0,2,1,0,0,2,473.98277777777776,0,1,0,2,110,1,1,0,4,61,4,0
556.0,0.7967741935483871,111.2,309.0,247.0,4.0,0.2,1.0,1,1,0,0,2,98.90166666666667,0,4,0,0,62,0,0,0,4,76,1,2
372.0,0.05070422535211268,46.5,354.0,18.0,7.0,0.75,0.0,6,0,1,0,0,0.2833333333333333,1,3,0,1,67,1,0,0,0,65,0,0
365.0,0.05172413793103448,52.142857142857146,347.0,18.0,6.0,0.7142857142857143,0.0,5,0,1,0,0,0.375,1,3,0,3,67,0,0,0,0,51,0,0
209.0,0.09375,34.833333333333336,191.0,18.0,5.0,0.6666666666666666,0.0,4,0,1,0,0,0.37,1,3,0,1,81,0,0,0,0,70,0,0
203.0,0.0851063829787234,40.6,187.0,16.0,4.0,0.6,0.0,3,0,1,0,0,0.3655555555555556,1,3,0,0,90,0,0,0,0,69,0,0
54.0,0.27906976744186046,18.0,42.0,12.0,2.0,0.6666666666666666,0.0,2,0,1,0,0,0.3625,1,3,0,0,76,0,0,0,0,75,0,0
20.0,0.23529411764705882,10.0,16.0,4.0,1.0,0.5,0.0,1,0,1,0,0,0.3586111111111111,1,3,0,0,55,0,0,0,0,74,0,0
185.0,0.2653061224489796,46.25,146.0,39.0,3.0,1.25,0.0,5,0,1,0,0,0.2688888888888889,1,3,0,2,72,1,0,0,1,64,0,0
170.0,0.26666666666666666,42.5,134.0,36.0,3.0,1.0,0.0,4,0,1,0,0,0.26555555555555554,1,3,0,1,72,1,0,0,1,71,0,0
127.0,0.3333333333333333,31.75,95.0,32.0,3.0,0.75,0.0,3,0,1,0,0,0.2613888888888889,1,3,0,2,72,1,0,0,1,54,0,0
93.0,0.42424242424242425,23.25,65.0,28.0,3.0,0.5,0.0,2,0,1,0,0,0.25333333333333335,1,3,0,5,63,1,0,0,1,69,0,0
13.0,0.75,4.333333333333333,7.0,6.0,2.0,0.3333333333333333,0.0,1,0,1,0,0,0.24222222222222223,1,3,0,1,35,1,0,0,1,64,0,0
19.0,0.05263157894736842,4.75,18.0,1.0,3.0,0.25,0.0,1,0,1,0,0,5.0072222222222225,0,2,0,2,38,1,0,0,2,75,1,0
15.0,0.0,7.5,15.0,0.0,1.0,0.5,0.0,1,0,1,0,0,0.07277777777777777,1,2,0,4,22,1,0,0,0,77,0,0
258.0,0.4076086956521739,32.25,183.0,75.0,7.0,0.25,0.0,2,0,1,0,0,1.3466666666666667,1,2,0,2,86,1,0,0,3,64,0,0
49.0,0.0,12.25,49.0,0.0,3.0,0.5,0.0,2,0,1,0,0,2.654166666666667,0,2,0,1,57,1,0,0,1,64,0,0
1654.0,0.2595129375951294,53.354838709677416,1313.0,341.0,30.0,0.16129032258064516,0.3333333333333333,5,1,0,0,1,258.5102777777778,0,3,0,2,89,1,0,0,15,56,1,2
246.0,0.060085836909871244,20.5,232.0,14.0,11.0,0.16666666666666666,0.0,2,0,1,0,0,19.02861111111111,0,1,0,2,67,1,0,0,1,61,0,0
2.0,0.5,1.0,1.0,1.0,1.0,0.5,0.0,1,0,1,0,0,0.2152777777777778,1,1,0,2,9,0,0,0,0,46,2,0
652.0,0.9205882352941176,5.413034454130363,339.0,313.0,119.44999999999959,0.01660440016604406,0.0,2,0,1,0,0,1.3197222222222222,1,1,0,1,124,1,1,0,0,19,1,0
545.0,0.07905138339920949,49.54545454545455,505.0,40.0,10.0,1.5454545454545454,0.7777777777777778,17,1,0,0,2,576.7055555555555,0,1,0,1,123,1,0,0,9,58,13,14
723.0,0.16962843295638125,80.33333333333333,618.0,105.0,8.0,0.6666666666666666,0.7142857142857143,6,1,0,0,2,21.731944444444444,0,2,0,2,85,1,1,0,7,68,1,5
286.0,0.0,143.0,286.0,0.0,1.0,0.5,0.0,1,1,0,0,1,16.355833333333333,0,2,0,0,86,1,0,0,1,44,1,0
121.0,0.1509433962264151,24.2,105.0,16.0,4.0,0.2,0.0,1,1,0,0,1,28.55027777777778,0,1,0,2,92,1,0,0,4,69,1,0
179.0,0.13924050632911392,44.75,157.0,22.0,3.0,0.5,0.6666666666666666,2,1,0,1,3,142.1772222222222,0,4,0,0,77,1,0,0,3,59,1,2
20.0,0.10526315789473684,6.666666666666667,18.0,2.0,2.0,0.3333333333333333,0.0,1,1,0,0,1,1.131388888888889,1,2,0,3,42,0,0,0,2,60,3,0
16.0,0.13333333333333333,2.2857142857142856,14.0,2.0,6.0,0.14285714285714285,0.0,1,1,0,0,1,130.69805555555556,0,6,1,0,91,1,0,0,6,49,2,0
17.0,0.0,8.5,17.0,0.0,1.0,0.5,0.0,1,1,0,0,1,751.0786111111111,0,2,0,1,24,0,0,0,1,63,2,0
9.0,0.42857142857142855,4.5,6.0,3.0,1.0,0.5,0.0,1,1,0,1,3,0.29,1,2,0,1,34,0,0,0,1,35,1,0
211.0,0.0392156862745098,17.583333333333332,203.0,8.0,11.0,0.08333333333333333,1.0,1,1,0,0,2,52.068333333333335,0,0,0,0,89,1,1,0,11,64,1,2
1756.0,0.0132641291810842,70.24,1733.0,23.0,24.0,0.04,0.0,1,1,0,0,1,239.73638888888888,0,4,0,2,58,1,1,0,21,62,2,0
174.0,0.5086206896551724,24.857142857142858,115.0,59.0,6.0,0.14285714285714285,2.0,1,1,0,1,3,40.52472222222222,0,2,0,0,69,0,0,0,6,67,3,4
83.0,0.024390243902439025,20.75,81.0,2.0,3.0,1.5,0.7142857142857143,6,1,0,1,4,2648.5716666666667,0,4,0,3,93,1,0,0,3,53,7,5
284.0,1.0802919708029197,142.0,136.0,148.0,1.0,0.5,0.0,1,1,0,0,1,3.8730555555555557,0,3,0,1,80,1,0,0,1,14,1,0
237.0,0.24607329842931938,29.625,190.0,47.0,7.0,0.875,1.875,7,1,0,0,2,3.451388888888889,0,3,0,3,67,1,0,0,6,55,25,15
166.0,0.006024096385542169,55.333333333333336,165.0,1.0,2.0,2.3333333333333335,0.375,7,1,0,1,3,911.9908333333333,0,6,1,2,85,1,0,0,2,92,9,3
11.0,0.0,3.6666666666666665,11.0,0.0,2.0,0.3333333333333333,0.0,1,1,0,0,1,0.14083333333333334,1,1,0,0,24,1,0,0,2,69,0,0
45.0,0.0,7.5,45.0,0.0,5.0,0.3333333333333333,2.0,2,1,0,1,3,600.2208333333333,0,3,0,0,78,1,0,0,5,64,1,6
4.0,0.25,2.0,3.0,1.0,1.0,0.5,0.0,1,1,0,0,1,0.043611111111111114,1,4,0,2,11,0,0,0,1,65,1,0
95.0,0.010526315789473684,31.666666666666668,94.0,1.0,2.0,0.6666666666666666,0.0,2,1,0,0,1,1039.5475,0,3,0,2,113,1,0,0,2,62,1,0
27.0,0.12,5.4,24.0,3.0,4.0,0.4,0.0,2,0,1,0,0,0.3138888888888889,1,4,0,0,62,0,0,0,2,33,1,0
19.0,0.1111111111111111,6.333333333333333,17.0,2.0,2.0,0.3333333333333333,0.0,1,0,1,0,0,0.15777777777777777,1,4,0,1,45,0,0,0,1,65,1,0
262.0,0.01937984496124031,43.666666666666664,257.0,5.0,5.0,0.3333333333333333,0.0,2,1,0,0,1,1039.6144444444444,0,3,0,1,107,1,0,0,5,61,1,0
34.0,0.4,11.333333333333334,24.0,10.0,2.0,0.3333333333333333,0.0,1,1,0,0,1,47.5175,0,2,0,1,42,0,1,0,2,50,1,0
4.0,4.0,2.0,0.0,4.0,1.0,0.5,0.0,1,1,0,0,1,7.639166666666667,0,4,0,1,11,0,1,0,0,71,1,0
13.0,0.0,6.5,13.0,0.0,1.0,0.5,0.0,1,1,0,0,1,0.6319444444444444,1,3,0,0,17,0,0,0,0,33,1,0
23.0,0.2631578947368421,11.5,18.0,5.0,1.0,0.5,0.0,1,1,0,0,1,0.5202777777777777,1,3,0,3,61,0,0,0,1,49,1,0
23.0,0.2631578947368421,5.75,18.0,5.0,3.0,1.25,0.0,5,1,0,0,1,343.2438888888889,0,3,0,0,83,0,0,0,3,80,1,0
3.0,0.0,1.0,3.0,0.0,2.0,0.6666666666666666,0.0,2,1,0,0,1,168.285,0,3,0,0,22,0,0,0,2,50,1,0
102.0,0.00980392156862745,25.5,101.0,1.0,3.0,0.25,0.0,1,1,0,0,1,2.4766666666666666,0,3,0,1,87,1,0,0,2,77,1,0
3164.5099999999975,185.20647058823513,87.90305555555548,16.0,3148.5099999999975,35.0,0.027777777777777776,0.0,1,1,0,0,1,0.39305555555555555,1,3,0,0,88,1,0,0,35,54,1,0
13.0,0.2727272727272727,3.25,10.0,3.0,3.0,0.25,0.5,1,1,0,0,2,1.4944444444444445,1,1,0,0,32,0,0,0,3,57,2,1
3.0,0.3333333333333333,1.0,2.0,1.0,2.0,0.3333333333333333,0.0,1,1,0,0,1,5.6775,0,2,0,0,23,0,0,0,2,43,0,0
648.0,91.71428571428571,108.0,6.0,642.0,5.0,0.16666666666666666,0.0,1,1,0,0,1,1.3463888888888889,1,1,0,3,75,0,0,0,5,46,3,0
791.0,0.020618556701030927,71.9090909090909,775.0,16.0,10.0,0.09090909090909091,7.5,1,1,0,0,2,68.65333333333334,0,5,1,1,97,0,0,0,10,59,0,15
124.0,0.041666666666666664,31.0,119.0,5.0,3.0,0.25,1.0,1,1,0,0,2,267.4658333333333,0,3,0,2,86,1,0,0,3,93,3,2
48.0,0.4,9.6,34.0,14.0,4.0,0.4,0.3333333333333333,2,0,1,0,0,3.4255555555555555,0,3,0,0,76,0,0,0,1,35,2,1
3664.0,0.2787857641311933,69.13207547169812,2865.0,799.0,52.0,0.4339622641509434,0.0,23,0,1,0,0,23.267222222222223,0,2,0,0,97,1,0,0,51,25,0,0
8.0,0.8,2.6666666666666665,4.0,4.0,2.0,4.333333333333333,0.14285714285714285,13,1,0,1,3,1928.8127777777777,0,5,1,2,16,0,0,0,0,30,2,2
22.0,0.0,11.0,22.0,0.0,1.0,0.5,1.0,1,1,0,1,3,19.674166666666668,0,0,0,0,24,0,1,0,0,24,5,2
41.0,0.07692307692307693,10.25,38.0,3.0,3.0,0.25,0.0,1,1,0,0,1,0.9263888888888889,1,3,0,1,58,0,0,0,3,71,1,0
19.0,0.25,4.75,15.0,4.0,3.0,0.25,0.0,1,1,0,0,1,0.09861111111111111,1,2,0,1,51,0,0,0,3,32,1,0
70.0,0.0,17.5,70.0,0.0,3.0,0.25,0.0,1,0,1,0,0,480.2213888888889,0,3,0,1,68,1,0,0,2,82,2,0
27.0,0.21739130434782608,9.0,22.0,5.0,2.0,0.3333333333333333,0.0,1,1,0,0,1,13.312222222222223,0,4,0,0,46,1,0,0,2,45,0,0
8.0,0.8,4.0,4.0,4.0,1.0,0.5,0.0,1,1,0,0,1,383.7736111111111,0,0,0,0,17,0,0,0,1,85,0,0
1098.0,0.3145933014354067,57.78947368421053,835.0,263.0,18.0,0.10526315789473684,1.0,2,1,0,1,6,0.2511111111111111,1,0,0,1,86,0,1,0,18,68,6,3
4.0,0.0,2.0,4.0,0.0,1.0,0.5,1.0,1,0,1,0,0,92.27083333333333,0,0,0,1,11,0,0,0,0,41,3,2
4103.23,0.0,102.58075,4103.23,0.0,39.0,0.575,0.0,23,1,0,0,1,19.564166666666665,0,2,0,1,61,0,1,0,37,32,1,0
266.0,0.0037593984962406013,29.555555555555557,265.0,1.0,8.0,0.2222222222222222,0.0,2,1,0,0,1,131.75277777777777,0,6,1,1,117,0,1,0,5,50,13,0
8.0,0.8,1.6,4.0,4.0,4.0,0.2,0.0,1,0,1,0,0,1612.0208333333333,0,4,0,2,33,1,0,0,4,63,1,0
6.0,0.75,3.0,3.0,3.0,1.0,0.5,0.0,1,0,1,0,0,6.877222222222223,0,0,0,2,15,0,0,0,0,65,4,0
229.0,0.24324324324324326,28.625,184.0,45.0,7.0,0.125,0.0,1,1,0,0,1,68.30277777777778,0,4,0,0,96,1,1,0,6,57,1,0
275.0,0.049429657794676805,25.0,262.0,13.0,10.0,0.2727272727272727,0.25,3,1,0,0,2,32.61694444444444,0,4,0,1,90,1,0,0,10,43,1,1
97.0,0.053763440860215055,32.333333333333336,92.0,5.0,2.0,0.3333333333333333,0.0,1,1,0,0,1,0.20527777777777778,1,4,0,3,87,1,0,0,2,55,1,0
6.0,0.75,1.5,3.0,3.0,3.0,0.25,0.0,1,1,0,0,1,1206.3177777777778,0,3,0,2,25,1,0,0,3,21,4,0
14.0,0.875,2.0,7.0,7.0,6.0,0.5714285714285714,0.0,4,1,0,0,2,1448.1197222222222,0,0,0,2,31,1,0,0,6,31,0,0
6.0,0.75,1.5,3.0,3.0,3.0,0.25,0.0,1,1,0,0,1,1489.2525,0,5,1,2,25,0,0,0,2,59,0,0
2.0,0.5,1.0,1.0,1.0,1.0,0.5,0.0,1,1,0,0,1,1467.0072222222223,0,6,1,2,9,0,0,0,1,35,0,0
158.0,0.2619047619047619,9.875,125.0,33.0,15.0,0.125,0.3333333333333333,2,1,0,0,2,518.3005555555555,0,1,0,0,56,1,1,0,14,37,3,1
3045.0,0.047095221725678926,63.4375,2908.0,137.0,47.0,0.08333333333333333,0.2,4,1,0,0,1,2.852777777777778,0,4,0,0,58,1,1,0,45,92,3,1
72.0,0.028169014084507043,18.0,70.0,2.0,3.0,0.75,0.0,3,1,0,0,1,0.13944444444444445,1,1,0,4,83,1,0,0,3,34,1,0
529.0,0.06,52.9,499.0,30.0,9.0,0.1,1.5,1,1,0,0,2,114.18472222222222,0,2,0,0,96,1,0,0,9,68,4,3
1008.0,0.9441233140655106,336.0,518.0,490.0,2.0,0.3333333333333333,1.0,1,1,0,0,2,254.48805555555555,0,0,0,0,100,0,0,0,2,51,0,2
446.0,0.05673758865248227,26.235294117647058,422.0,24.0,16.0,1.3529411764705883,0.3333333333333333,23,1,0,1,3,868.6747222222223,0,2,0,1,116,1,1,0,16,70,1,8
755.0,0.03561643835616438,30.2,729.0,26.0,24.0,0.48,2.3076923076923075,12,1,0,1,3,119.5925,0,6,1,0,95,1,1,0,24,50,1,30
6.0,0.75,1.5,3.0,3.0,3.0,0.25,0.0,1,1,0,0,1,0.21027777777777779,1,3,0,0,25,1,0,0,3,44,1,0
793.0,1.0,20.86842105263158,396.0,397.0,37.0,0.02631578947368421,0.0,1,1,0,0,1,0.029166666666666667,1,1,0,0,81,1,0,0,37,29,0,0
162.0,0.4818181818181818,54.0,109.0,53.0,2.0,0.3333333333333333,4.0,1,1,0,0,2,183.595,0,1,0,1,78,1,0,0,2,95,1,8
74.0,0.0273972602739726,37.0,72.0,2.0,1.0,1.0,0.0,2,1,0,0,2,1193.0422222222223,0,0,0,0,87,0,0,0,1,34,1,0
21.0,0.1,5.25,19.0,2.0,3.0,0.5,0.0,2,1,0,0,1,0.15305555555555556,1,1,0,0,36,1,1,0,3,84,2,0
114.0,0.026785714285714284,38.0,111.0,3.0,2.0,0.3333333333333333,0.0,1,1,0,0,1,28.885833333333334,0,2,0,2,83,1,0,0,2,56,1,0
3.0,0.0,1.5,3.0,0.0,1.0,0.5,0.0,1,1,0,0,1,24.552777777777777,0,2,0,1,10,1,0,0,1,53,0,0
94.0,0.0,23.5,94.0,0.0,3.0,0.5,0.0,2,1,0,0,1,5.045277777777778,0,3,0,2,87,1,0,0,3,66,1,0
16.0,0.8888888888888888,3.2,8.0,8.0,4.0,0.2,0.0,1,1,0,0,1,0.8041666666666667,1,3,0,0,41,1,0,0,4,39,1,0
37.0,0.1875,18.5,31.0,6.0,1.0,0.5,0.0,1,0,1,0,0,1359.1652777777779,0,3,0,1,64,0,0,0,0,46,0,0
4.0,0.6666666666666666,2.0,2.0,2.0,1.0,0.5,0.0,1,0,1,0,0,1386.743611111111,0,1,0,2,11,0,0,0,0,68,1,0
4.0,0.6666666666666666,2.0,2.0,2.0,1.0,0.5,0.0,1,0,1,0,0,1685.026388888889,0,3,0,2,11,0,0,0,0,63,1,0
23.0,1.0,11.5,11.0,12.0,1.0,0.5,0.0,1,0,1,0,0,2062.5427777777777,0,1,0,1,52,0,0,0,0,28,1,0
104.0,0.16666666666666666,14.857142857142858,89.0,15.0,6.0,0.2857142857142857,0.0,2,1,0,0,1,15.596944444444444,0,1,0,0,99,0,0,0,6,96,1,0
113.0,0.017857142857142856,28.25,111.0,2.0,3.0,0.5,0.0,2,1,0,0,1,18.791666666666668,0,0,0,3,115,1,0,0,3,89,1,0
27.0,0.47368421052631576,9.0,18.0,9.0,2.0,1.0,1.5,3,1,0,1,3,118.50916666666667,0,5,1,4,81,0,0,0,2,69,0,6
6.0,0.75,1.5,3.0,3.0,3.0,0.25,0.0,1,0,1,0,0,411.9447222222222,0,6,1,1,25,1,1,0,3,34,2,0
924.0,0.5651438240270727,71.07692307692308,590.0,334.0,12.0,0.46153846153846156,0.2857142857142857,6,1,0,0,2,39.81777777777778,0,0,0,2,81,1,0,0,12,71,1,2
847.0,0.08301404853128991,38.5,782.0,65.0,21.0,0.13636363636363635,0.75,3,1,0,0,2,42.54944444444445,0,0,0,1,85,1,0,0,20,75,1,3
41.0,0.2,8.2,34.0,7.0,4.0,0.2,0.0,1,1,0,0,1,25.375555555555554,0,1,0,2,77,1,0,0,4,50,1,0
214.0,0.27976190476190477,53.5,167.0,47.0,3.0,0.5,0.3333333333333333,2,1,0,0,1,2.9075,0,2,0,1,110,0,0,0,3,58,1,1
54.0,0.018518518518518517,13.5,53.0,1.0,3.0,0.25,0.0,1,0,1,0,0,941.8730555555555,0,5,1,4,62,1,0,0,2,78,5,0
50.0,1.3181818181818181,12.5,21.0,29.0,3.0,0.25,0.0,1,1,0,0,1,845.6555555555556,0,1,0,0,73,1,0,0,3,41,1,0
67.0,0.014925373134328358,22.333333333333332,66.0,1.0,2.0,0.6666666666666666,0.0,2,1,0,0,1,1.5788888888888888,1,1,0,1,83,1,0,0,2,52,2,0
40.0,0.07894736842105263,20.0,37.0,3.0,1.0,0.5,0.0,1,1,0,0,1,2.678611111111111,0,1,0,0,52,0,0,0,1,75,1,0
914.0,0.787109375,114.25,511.0,403.0,7.0,0.125,1.5,1,1,0,0,2,91.78916666666667,0,4,0,0,103,1,0,0,7,63,2,3
106.0,0.22988505747126436,15.142857142857142,86.0,20.0,6.0,0.2857142857142857,0.0,2,1,0,0,1,67.30222222222223,0,5,1,2,89,1,0,0,6,75,0,0
19.0,0.0,9.5,19.0,0.0,1.0,0.5,1.0,1,1,0,0,2,58.32833333333333,0,5,1,0,52,0,0,0,1,49,2,2
2.0,0.0,0.6666666666666666,2.0,0.0,2.0,0.3333333333333333,0.0,1,1,0,0,1,10.115,0,4,0,0,15,0,0,0,2,39,1,0
70.0,2.9444444444444446,5.0,17.0,53.0,13.0,0.07142857142857142,0.0,1,1,0,0,1,17.055555555555557,0,3,0,0,77,1,0,0,13,60,1,0
156.0,4.607142857142857,15.6,27.0,129.0,9.0,0.1,0.0,1,1,0,0,1,1.2641666666666667,1,3,0,1,79,1,0,0,3,107,1,0
1.0,1.0,0.5,0.0,1.0,1.0,0.5,0.0,1,0,1,0,0,0.002777777777777778,1,3,0,1,8,1,0,0,1,41,1,0
16.0,0.0625,5.333333333333333,15.0,1.0,2.0,0.3333333333333333,0.0,1,1,0,0,1,2.6830555555555557,0,3,0,1,57,1,0,0,2,54,1,0
149.0,0.006711409395973154,49.666666666666664,148.0,1.0,2.0,0.3333333333333333,0.0,1,1,0,0,1,2.7319444444444443,0,3,0,1,104,1,0,0,2,61,1,0
16.0,1.125,1.7777777777777777,7.0,9.0,8.0,0.1111111111111111,0.0,1,1,0,0,1,170.12,0,2,0,0,49,1,0,0,8,44,1,0
47.0,0.09090909090909091,15.666666666666666,43.0,4.0,2.0,0.3333333333333333,0.0,1,1,0,0,1,2.0388888888888888,0,2,0,1,90,0,0,0,2,79,2,0
299.0,0.08303249097472924,33.22222222222222,276.0,23.0,8.0,0.1111111111111111,0.5,1,1,0,0,2,3.229722222222222,0,1,0,0,75,1,0,0,5,61,1,1
155.0,0.11428571428571428,22.142857142857142,139.0,16.0,6.0,0.14285714285714285,0.0,1,1,0,0,1,19.294722222222223,0,0,0,0,36,0,0,0,3,95,0,0
2.0,0.0,0.6666666666666666,2.0,0.0,2.0,0.3333333333333333,0.0,1,1,0,0,1,0.11972222222222222,1,1,0,1,15,0,0,0,2,50,0,0
371.0,14.5,92.75,23.0,348.0,3.0,0.25,0.0,1,0,1,0,0,1.4352777777777779,1,0,0,1,42,0,0,0,0,72,0,0
1.0,0.0,0.5,1.0,0.0,1.0,0.5,0.0,1,1,0,0,1,6.057222222222222,0,0,0,3,8,0,0,0,1,67,2,0
4.0,0.6666666666666666,2.0,2.0,2.0,1.0,0.5,0.0,1,1,0,0,1,6.009166666666666,0,0,0,1,18,0,0,0,1,62,0,0
1429.0,0.8309859154929577,84.05882352941177,780.0,649.0,16.0,0.058823529411764705,0.0,1,1,0,0,1,5.977222222222222,0,0,0,1,85,0,0,0,16,86,0,0
503.0,0.9310344827586207,25.15,260.0,243.0,19.0,0.05,0.0,1,1,0,0,1,5.951944444444444,0,0,0,2,106,1,0,0,12,79,0,0
76.0,0.6382978723404256,10.857142857142858,46.0,30.0,6.0,0.14285714285714285,0.0,1,1,0,0,1,5.915555555555556,0,0,0,1,22,0,0,0,5,71,0,0
443.0,0.0,36.916666666666664,443.0,0.0,11.0,0.08333333333333333,0.0,1,1,0,0,1,5.892222222222222,0,0,0,1,43,1,0,0,5,44,0,0
469.0,1.2596153846153846,42.63636363636363,207.0,262.0,10.0,0.09090909090909091,0.0,1,1,0,0,1,5.866666666666666,0,0,0,0,37,1,0,0,3,59,0,0
91.0,0.06976744186046512,22.75,85.0,6.0,3.0,0.25,0.0,1,1,0,0,1,5.824722222222222,0,0,0,2,80,1,0,0,1,64,0,0
218.0,0.9553571428571429,16.76923076923077,111.0,107.0,12.0,0.07692307692307693,0.0,1,1,0,0,1,5.800277777777778,0,0,0,1,47,1,0,0,10,79,0,0
181.0,1.0919540229885059,13.923076923076923,86.0,95.0,12.0,0.07692307692307693,0.0,1,1,0,0,1,5.381388888888889,0,0,0,1,49,1,0,0,11,78,0,0
724.0,0.14173228346456693,26.814814814814813,634.0,90.0,26.0,0.037037037037037035,0.0,1,1,0,0,1,5.2252777777777775,0,0,0,2,51,1,0,0,3,75,0,0
86.0,0.03571428571428571,28.666666666666668,83.0,3.0,2.0,0.3333333333333333,0.0,1,1,0,0,1,5.091388888888889,0,0,0,1,66,0,0,0,1,72,0,0
320.0,0.0,160.0,320.0,0.0,1.0,0.5,0.0,1,1,0,0,1,5.043333333333333,0,0,0,1,33,0,0,0,0,44,0,0
205.0,24.75,29.285714285714285,7.0,198.0,6.0,0.14285714285714285,0.0,1,0,1,0,0,68.10138888888889,0,4,0,2,87,0,0,0,6,57,0,0
160.0,0.03205128205128205,40.0,155.0,5.0,3.0,0.25,0.0,1,1,0,0,1,1.0394444444444444,1,5,1,1,64,1,0,0,3,61,1,0
3236.5099999999975,35.37651685393256,26.870153590701605,88.0,3148.5099999999975,119.44999999999959,0.15774180157741854,0.05,19,1,0,0,1,20.40861111111111,0,4,0,0,75,1,0,0,170,31,0,1
203.0,0.0967741935483871,40.6,185.0,18.0,4.0,1.4,0.25,7,1,0,0,2,48.324444444444445,0,1,0,1,112,1,0,0,4,51,1,2
222.0,0.027649769585253458,31.714285714285715,216.0,6.0,6.0,0.14285714285714285,0.0,1,1,0,0,1,0.9738888888888889,1,3,0,0,81,1,0,0,6,71,0,0
68.0,0.38,22.666666666666668,49.0,19.0,2.0,3.3333333333333335,1.3636363636363635,10,1,0,0,2,144.72916666666666,0,4,0,0,78,0,0,0,2,85,1,15
2.0,0.0,0.6666666666666666,2.0,0.0,2.0,0.3333333333333333,0.0,1,1,0,0,1,0.6647222222222222,1,2,0,1,15,0,0,0,0,49,0,0
38.0,0.0,7.6,38.0,0.0,4.0,0.4,0.0,2,1,0,0,1,3449.228611111111,0,5,1,1,63,1,0,0,4,79,3,0
2.0,0.0,0.6666666666666666,2.0,0.0,2.0,1.3333333333333333,0.4,4,1,0,0,1,96.9575,0,4,0,0,15,0,0,0,2,61,1,2
218.0,0.12307692307692308,18.166666666666668,194.0,24.0,11.0,0.08333333333333333,0.0,1,1,0,0,1,46.05777777777778,0,0,0,1,87,1,0,0,10,43,0,0
96.0,0.24358974358974358,32.0,77.0,19.0,2.0,0.6666666666666666,1.6666666666666667,2,1,0,0,2,16.77861111111111,0,0,0,1,81,1,0,0,2,72,1,5
356.0,0.005633802816901409,29.666666666666668,354.0,2.0,11.0,0.08333333333333333,0.0,1,1,0,0,2,3.3002777777777776,0,4,0,0,114,1,1,0,2,25,2,0
7.0,0.0,3.5,7.0,0.0,1.0,0.5,0.0,1,1,0,0,1,1.2761111111111112,1,4,0,0,14,0,0,0,1,88,0,0
17.0,0.058823529411764705,8.5,16.0,1.0,1.0,0.5,0.0,1,1,0,0,1,8.774444444444445,0,3,0,0,31,1,0,0,1,76,0,0
71.0,4.538461538461538,11.833333333333334,12.0,59.0,5.0,0.16666666666666666,0.0,1,1,0,0,1,8.018888888888888,0,3,0,0,74,0,0,0,5,41,0,0
312.0,1.204225352112676,18.352941176470587,141.0,171.0,16.0,0.29411764705882354,0.5,5,1,0,0,2,18.88361111111111,0,1,0,0,86,1,0,0,16,49,3,3
66.0,0.015151515151515152,22.0,65.0,1.0,2.0,1.0,0.5,3,1,0,0,2,0.9038888888888889,1,2,0,3,74,1,0,0,2,57,1,2
94.0,94.0,9.4,0.0,94.0,9.0,0.1,0.0,1,0,1,0,0,27.535,0,1,0,0,70,0,0,0,9,78,1,0
70.0,0.5777777777777777,35.0,44.0,26.0,1.0,2.0,0.2,4,1,0,0,1,360.0475,0,1,0,0,76,0,0,0,1,36,1,1
68.0,0.3269230769230769,13.6,51.0,17.0,4.0,0.2,0.0,1,1,0,0,1,376.455,0,0,0,0,80,0,0,0,4,45,1,0
152.0,0.026845637583892617,50.666666666666664,148.0,4.0,2.0,0.6666666666666666,0.3333333333333333,2,1,0,0,2,6.721388888888889,0,1,0,0,113,1,0,0,2,57,2,1
116.0,0.08333333333333333,38.666666666666664,107.0,9.0,2.0,0.6666666666666666,0.6666666666666666,2,1,0,0,2,17.53527777777778,0,0,0,0,92,1,0,0,2,95,0,2
21.0,0.2222222222222222,10.5,17.0,4.0,1.0,1.0,0.6666666666666666,2,1,0,0,2,6.0569444444444445,0,1,0,2,49,0,0,0,1,73,1,2
57.0,0.017543859649122806,19.0,56.0,1.0,2.0,0.6666666666666666,0.0,2,1,0,0,1,0.55,1,1,0,1,69,1,0,0,2,53,1,0
305.0,0.987012987012987,50.833333333333336,153.0,152.0,5.0,0.16666666666666666,0.0,1,1,0,0,1,12.770833333333334,0,0,0,0,69,1,0,0,5,60,0,0
207.0,0.09473684210526316,69.0,189.0,18.0,2.0,0.3333333333333333,1.0,1,1,0,0,2,28.92388888888889,0,6,1,2,102,1,0,0,2,66,0,2
40.0,0.41379310344827586,13.333333333333334,28.0,12.0,2.0,0.3333333333333333,0.0,1,1,0,0,1,0.25972222222222224,1,0,0,1,60,1,0,0,2,46,0,0
79.0,0.05263157894736842,26.333333333333332,75.0,4.0,2.0,0.3333333333333333,0.0,1,1,0,0,1,50.23416666666667,0,5,1,1,90,1,0,0,2,75,1,0
55.0,0.0,18.333333333333332,55.0,0.0,2.0,0.6666666666666666,0.0,2,1,0,0,1,1.1375,1,0,0,2,66,1,0,0,2,74,0,0
108.0,0.06862745098039216,27.0,101.0,7.0,3.0,0.5,0.0,2,1,0,0,1,1.2341666666666666,1,0,0,2,97,1,0,0,3,53,1,0
288.0,0.035842293906810034,16.0,278.0,10.0,17.0,0.1111111111111111,0.6666666666666666,2,1,0,0,1,2.5613888888888887,0,0,0,1,70,1,0,0,17,66,1,2
144.0,0.013986013986013986,28.8,142.0,2.0,4.0,0.2,1.0,1,1,0,1,3,1.7275,1,0,0,1,76,1,0,0,4,60,1,2
6.0,0.75,1.5,3.0,3.0,3.0,0.25,0.0,1,1,0,0,1,0.7886111111111112,1,6,1,2,25,0,0,0,3,72,1,0
171.0,10.466666666666667,85.5,14.0,157.0,1.0,0.5,0.0,1,1,0,0,1,0.8208333333333333,1,4,0,1,88,1,0,0,1,60,0,0
94.0,2.2758620689655173,15.666666666666666,28.0,66.0,5.0,0.5,0.25,3,1,0,0,2,3.9583333333333335,0,4,0,4,80,0,0,0,5,64,2,1
372.0,5.016129032258065,17.714285714285715,61.0,311.0,20.0,0.19047619047619047,0.2,4,1,0,0,2,15.713611111111112,0,3,0,0,99,1,0,0,20,28,1,1
188.0,0.7027027027027027,37.6,110.0,78.0,4.0,0.8,0.2,4,1,0,0,2,6.530833333333334,0,3,0,0,104,0,0,0,2,40,0,1
346.0,0.10158730158730159,69.2,314.0,32.0,4.0,0.8,0.0,4,1,0,0,1,8.46,0,3,0,0,105,0,0,0,2,51,0,0
2.0,0.5,1.0,1.0,1.0,1.0,0.5,0.0,1,1,0,0,1,0.13,1,3,0,0,9,0,0,0,1,38,0,0
13.0,0.5555555555555556,6.5,8.0,5.0,1.0,0.5,0.0,1,1,0,0,1,1.7866666666666666,1,3,0,2,20,0,0,0,1,68,0,0
883.0,0.5590828924162258,294.3333333333333,566.0,317.0,2.0,0.6666666666666666,0.0,2,1,0,1,3,290.8852777777778,0,4,0,1,91,1,0,0,2,70,1,0
36.0,0.6086956521739131,18.0,22.0,14.0,1.0,1.0,0.0,2,1,0,0,1,13.141111111111112,0,2,0,0,53,0,0,0,1,60,0,0
58.0,0.0,14.5,58.0,0.0,3.0,0.25,0.0,1,1,0,0,1,20.820833333333333,0,5,1,1,85,0,1,0,2,27,2,0
464.0,0.013071895424836602,35.69230769230769,458.0,6.0,12.0,0.38461538461538464,0.5,5,1,0,0,2,431.03527777777776,0,5,1,2,75,1,0,0,12,42,1,3
81.0,0.0,40.5,81.0,0.0,1.0,2.0,0.4,4,1,0,0,2,405.95166666666665,0,6,1,2,88,1,0,0,1,66,1,2
526.0,0.017374517374517374,40.46153846153846,517.0,9.0,12.0,0.3076923076923077,0.6,4,1,0,0,2,1130.2611111111112,0,4,0,0,82,1,0,0,12,39,3,3
30.0,0.14814814814814814,10.0,26.0,4.0,2.0,0.3333333333333333,0.0,1,1,0,0,1,0.33111111111111113,1,2,0,2,57,1,0,0,2,47,1,0
136.0,0.022388059701492536,68.0,133.0,3.0,1.0,0.5,0.0,1,0,1,0,0,10.802777777777777,0,2,0,1,93,0,0,0,1,47,0,0
2.0,0.5,1.0,1.0,1.0,1.0,0.5,0.0,1,1,0,0,1,17.73611111111111,0,1,0,0,9,1,0,0,1,67,1,0
87.0,0.011494252873563218,29.0,86.0,1.0,2.0,0.6666666666666666,0.0,2,1,0,0,1,0.9816666666666667,1,2,0,2,105,1,0,0,2,56,1,0
8.0,0.125,1.1428571428571428,7.0,1.0,6.0,0.2857142857142857,0.3333333333333333,2,1,0,0,2,16.557222222222222,0,1,0,0,52,0,0,0,6,45,2,1
262.0,0.100418410041841,26.2,238.0,24.0,9.0,0.1,0.0,1,0,1,0,0,4.101388888888889,0,1,0,2,71,0,0,0,5,70,0,0
1330.0,0.3850156087408949,53.2,960.0,370.0,24.0,0.16,0.6,4,1,0,0,2,2.729722222222222,0,1,0,4,53,1,0,0,16,39,0,3
13.0,1.0,1.625,6.0,7.0,7.0,0.125,0.0,1,1,0,0,1,0.9408333333333333,1,1,0,1,51,1,0,0,7,49,1,0
120.0,0.025423728813559324,40.0,117.0,3.0,2.0,1.3333333333333333,0.4,4,1,0,0,2,7.127777777777778,0,1,0,3,103,1,0,0,2,53,1,2
185.0,0.273972602739726,18.5,145.0,40.0,9.0,0.2,0.6666666666666666,2,1,0,0,1,12.072222222222223,0,1,0,0,92,1,0,0,9,52,2,2
157.0,4.642857142857143,8.722222222222221,27.0,130.0,17.0,0.05555555555555555,0.0,1,1,0,0,2,0.9297222222222222,1,1,0,0,82,1,0,0,17,32,1,0
358.0,0.0056022408963585435,22.375,356.0,2.0,15.0,0.25,1.0,4,1,0,0,2,288.6325,0,3,0,1,77,1,0,0,15,70,1,5
86.0,0.0,28.666666666666668,86.0,0.0,2.0,0.3333333333333333,1.5,1,1,0,0,2,21.36888888888889,0,0,0,4,73,1,0,0,2,63,1,3
29.0,6.5,2.9,3.0,26.0,9.0,0.2,0.3333333333333333,2,1,0,0,2,3.168888888888889,0,1,0,1,77,0,0,0,9,40,1,1
2224.0,0.01598173515981735,444.8,2189.0,35.0,4.0,0.2,1.0,1,1,0,0,1,73.53972222222222,0,5,1,4,101,0,1,0,3,55,0,2
50.0,0.02,10.0,49.0,1.0,4.0,0.2,0.0,1,1,0,0,1,288.1375,0,2,0,2,82,1,0,0,4,50,1,0
167.0,0.0,33.4,167.0,0.0,4.0,0.6,0.0,3,1,0,0,1,1783.9019444444446,0,3,0,2,89,1,0,0,4,59,1,0
300.0,0.03793103448275862,11.11111111111111,289.0,11.0,26.0,0.07407407407407407,1.0,2,1,0,1,3,71.93916666666667,0,4,0,2,86,1,0,0,26,59,1,3
291.0,0.16334661354581673,2.4159402241594106,250.0,41.0,119.44999999999959,0.01660440016604406,0.0,2,1,0,0,1,20.766944444444444,0,3,0,3,127,1,0,0,2,52,0,0
9.0,0.25,4.5,7.0,2.0,1.0,0.5,0.0,1,1,0,0,1,0.6277777777777778,1,3,0,1,18,0,0,0,1,55,1,0
17.0,1.0,5.666666666666667,8.0,9.0,2.0,0.3333333333333333,0.0,1,0,1,0,0,0.3552777777777778,1,2,0,2,37,1,0,0,2,34,1,0
717.0,0.07164179104477612,89.625,669.0,48.0,7.0,0.125,0.0,1,1,0,0,1,50.59861111111111,0,0,0,1,92,0,0,0,7,62,1,0
853.0,0.09768637532133675,47.388888888888886,777.0,76.0,17.0,0.05555555555555555,1.0,1,1,0,0,1,50.826388888888886,0,0,0,1,90,1,0,0,17,52,1,2
115.0,0.23404255319148937,12.777777777777779,93.0,22.0,8.0,0.5555555555555556,0.6666666666666666,5,1,0,0,1,18.858888888888888,0,1,0,1,74,1,0,0,8,52,4,4
58.0,0.0,19.333333333333332,58.0,0.0,2.0,1.0,0.25,3,1,0,0,2,2.955277777777778,0,2,0,0,71,1,0,0,2,91,1,1
8.0,0.8,2.6666666666666665,4.0,4.0,2.0,0.3333333333333333,0.0,1,1,0,0,1,1.0972222222222223,1,2,0,0,35,1,0,0,2,66,1,0
2929.0,2.3485714285714288,66.56818181818181,874.0,2055.0,43.0,0.09090909090909091,0.0,4,1,0,0,1,365.8066666666667,0,0,0,0,90,1,0,0,42,54,1,0
320.0,0.32644628099173556,12.8,241.0,79.0,24.0,0.36,0.4,9,0,1,0,0,117.61916666666667,0,2,0,0,118,1,0,0,22,33,7,4
10.0,0.375,5.0,7.0,3.0,1.0,0.5,0.0,1,1,0,0,1,5.8575,0,4,0,0,31,1,0,0,1,48,6,0
6.0,0.75,2.0,3.0,3.0,2.0,0.3333333333333333,0.0,1,1,0,0,1,0.16305555555555556,1,0,0,1,26,0,0,0,2,47,1,0
8.0,1.25,1.6,3.0,5.0,4.0,0.2,0.0,1,1,0,0,1,1.9841666666666666,1,0,0,0,37,0,0,0,4,62,1,0
9.0,0.0,4.5,9.0,0.0,1.0,0.5,0.0,1,1,0,0,1,92.07944444444445,0,3,0,0,16,0,0,0,1,63,6,0
233.0,0.828125,14.5625,127.0,106.0,15.0,0.25,0.6,4,1,0,0,2,114.83555555555556,0,2,0,0,18,1,0,0,14,50,1,3
214.0,0.004672897196261682,53.5,213.0,1.0,3.0,0.25,0.0,1,1,0,0,1,24.011388888888888,0,0,0,2,98,1,0,0,3,49,2,0
1.0,0.0,0.5,1.0,0.0,1.0,0.5,2.0,1,1,0,0,2,0.6413888888888889,1,4,0,0,8,0,0,0,0,28,1,4
4117.23,0.003411114874166409,68.62049999999999,4103.23,14.0,59.0,0.03333333333333333,0.0,2,0,1,0,0,42.67777777777778,0,3,0,0,54,1,0,0,2,75,0,0
200.0,0.0748663101604278,66.66666666666667,186.0,14.0,2.0,0.3333333333333333,0.0,1,0,1,0,0,167.8997222222222,0,4,0,4,106,0,0,0,2,53,0,0
2499.0,6.886435331230284,34.23287671232877,316.0,2183.0,72.0,0.0136986301369863,0.0,1,0,1,0,0,0.7183333333333334,1,4,0,1,92,1,0,0,72,61,0,0
43.0,0.1891891891891892,14.333333333333334,36.0,7.0,2.0,0.3333333333333333,0.0,1,0,1,0,0,23.78611111111111,0,3,0,0,78,0,0,0,0,28,1,0
197.0,0.6923076923076923,3.283333333333333,116.0,81.0,59.0,0.016666666666666666,0.0,1,0,1,0,0,0.0961111111111111,1,4,0,2,86,1,0,0,30,72,0,0
438.0,0.31044776119402984,54.75,334.0,104.0,7.0,0.25,0.0,2,0,1,0,0,167.97166666666666,0,4,0,0,96,0,1,0,5,33,0,0
225.0,0.0,56.25,225.0,0.0,3.0,0.25,0.5,1,1,0,0,1,185.35722222222222,0,4,0,0,96,0,1,0,1,31,0,1
26.0,4.4,1.7333333333333334,4.0,22.0,14.0,0.06666666666666667,0.0,1,1,0,0,1,19.511944444444445,0,3,0,0,73,1,0,0,14,35,1,0
126.0,0.0,42.0,126.0,0.0,2.0,0.3333333333333333,0.0,1,1,0,0,2,6.411111111111111,0,3,0,0,124,0,0,0,0,19,5,0
26.0,5.75,2.3636363636363638,3.0,23.0,10.0,0.09090909090909091,0.0,1,1,0,0,1,117.56722222222223,0,5,1,0,73,1,0,0,10,44,1,0
134.0,0.022727272727272728,16.75,131.0,3.0,7.0,0.375,2.25,3,1,0,0,2,1164.8830555555555,0,3,0,1,88,1,0,0,5,59,0,9
390.0,0.0,78.0,390.0,0.0,4.0,0.2,0.0,1,1,0,0,1,1.1972222222222222,1,2,0,0,94,1,0,0,4,64,2,0
150.0,0.411214953271028,16.666666666666668,106.0,44.0,8.0,0.1111111111111111,0.0,1,1,0,0,1,3.0394444444444444,0,2,0,0,76,0,0,0,8,89,1,0
35.0,1.0,17.5,17.0,18.0,1.0,0.5,0.0,1,1,0,0,1,10.314166666666667,0,2,0,3,43,0,0,0,1,80,1,0
6.0,0.0,3.0,6.0,0.0,1.0,0.5,0.0,1,1,0,0,1,1335.3861111111112,0,2,0,3,13,0,0,0,1,47,0,0
414.0,0.509090909090909,16.56,274.0,140.0,24.0,0.28,0.0,7,1,0,0,1,18.00583333333333,0,3,0,0,79,1,0,0,23,69,2,0
132.0,0.25471698113207547,12.0,105.0,27.0,10.0,0.2727272727272727,0.0,3,1,0,0,1,5.798055555555556,0,0,0,1,93,1,0,0,10,71,2,0
160.0,0.03870967741935484,26.666666666666668,154.0,6.0,5.0,0.16666666666666666,1.0,1,1,0,0,2,21.223333333333333,0,0,0,0,84,0,0,0,5,47,2,2
3.0,0.0,1.0,3.0,0.0,2.0,0.3333333333333333,0.0,1,0,1,0,0,0.0019444444444444444,1,1,0,0,16,0,0,0,2,47,1,0
35.0,0.5652173913043478,11.666666666666666,22.0,13.0,2.0,0.6666666666666666,0.0,2,1,0,0,1,1.9366666666666668,1,0,0,0,59,0,0,0,2,44,1,0
137.0,0.22123893805309736,34.25,112.0,25.0,3.0,1.0,0.0,4,1,0,0,1,2.6280555555555556,0,0,0,0,109,0,0,0,2,79,1,0
13.0,0.2727272727272727,6.5,10.0,3.0,1.0,0.5,1.0,1,1,0,0,2,20.246944444444445,0,0,0,0,62,0,0,0,1,36,2,2
554.0,0.05113636363636364,110.8,527.0,27.0,4.0,2.2,0.16666666666666666,11,1,0,0,2,1290.145,0,2,0,3,118,1,0,0,4,55,1,2
4.0,0.6666666666666666,2.0,2.0,2.0,1.0,0.5,0.0,1,0,1,0,0,0.3030555555555556,1,4,0,2,11,0,0,0,1,31,0,0
23.0,0.0,7.666666666666667,23.0,0.0,2.0,0.3333333333333333,0.0,1,1,0,0,1,90.93555555555555,0,3,0,3,33,1,0,0,2,30,4,0
251.0,35.0,19.307692307692307,6.0,245.0,12.0,0.07692307692307693,0.0,1,0,1,0,0,0.07805555555555556,1,5,1,1,75,1,0,0,12,44,1,0
448.0,0.4483870967741935,24.88888888888889,309.0,139.0,17.0,0.1111111111111111,0.0,2,1,0,0,1,19.15,0,4,0,0,73,1,0,0,17,41,0,0
102.0,5.0588235294117645,51.0,16.0,86.0,1.0,0.5,2.0,1,1,0,0,2,43.47694444444444,0,4,0,1,97,1,0,0,0,65,10,4
529.0,0.8213058419243986,88.16666666666667,290.0,239.0,5.0,0.16666666666666666,0.0,1,0,1,0,0,9.46111111111111,0,5,1,0,65,1,0,0,0,65,4,0
130.0,0.031496062992125984,65.0,126.0,4.0,1.0,0.5,1.5,1,1,0,0,2,3.607222222222222,0,5,1,0,97,1,0,0,0,52,7,3
73.0,0.574468085106383,18.25,46.0,27.0,3.0,0.25,0.0,1,1,0,0,1,579.5494444444445,0,1,0,0,38,1,0,0,0,78,13,0
190.0,0.2905405405405405,38.0,147.0,43.0,4.0,0.2,8.5,1,1,0,1,4,200.78666666666666,0,4,0,1,82,1,1,0,0,71,4,17
112.0,0.1414141414141414,8.615384615384615,98.0,14.0,12.0,0.07692307692307693,4.5,1,1,0,1,3,1196.2777777777778,0,0,0,1,49,1,1,0,0,65,41,9
115.0,0.589041095890411,19.166666666666668,72.0,43.0,5.0,0.16666666666666666,0.0,1,1,0,0,1,438.86694444444447,0,0,0,1,80,1,1,0,0,60,7,0
149.0,0.0,10.642857142857142,149.0,0.0,13.0,0.07142857142857142,2.5,1,1,0,1,3,372.3172222222222,0,3,0,1,95,1,1,0,0,58,14,5
156.0,0.7840909090909091,26.0,87.0,69.0,5.0,0.16666666666666666,3.0,1,1,0,1,3,9.815833333333334,0,4,0,0,74,1,0,0,0,69,9,6
2.0,0.5,1.0,1.0,1.0,1.0,0.5,0.0,1,0,1,0,0,2.0102777777777776,0,4,0,5,9,1,0,0,0,52,14,0
142.0,0.014184397163120567,47.333333333333336,140.0,2.0,2.0,0.3333333333333333,7.0,1,1,0,1,4,22.323055555555555,0,3,0,2,77,1,0,0,0,47,14,14
21.0,0.15789473684210525,7.0,18.0,3.0,2.0,1.3333333333333333,0.8,4,1,0,0,2,412.4125,0,1,0,1,35,0,0,0,0,56,11,4
581.0,0.05434782608695652,96.83333333333333,551.0,30.0,5.0,0.8333333333333334,2.5,5,1,0,1,4,198.2552777777778,0,3,0,2,52,1,0,0,0,50,8,15
69.0,0.07692307692307693,9.857142857142858,64.0,5.0,6.0,0.14285714285714285,12.0,1,1,0,1,4,92.89361111111111,0,6,1,1,70,1,1,0,0,34,3,24
201.0,0.2392638036809816,50.25,162.0,39.0,3.0,0.75,1.0,3,1,0,0,2,53.70666666666666,0,2,0,1,96,1,0,0,0,57,13,4
48.0,0.0,16.0,48.0,0.0,2.0,1.0,1.75,3,1,0,1,3,387.5163888888889,0,2,0,0,64,1,0,0,0,80,9,7
208.0,0.3660130718954248,41.6,152.0,56.0,4.0,0.2,1.5,1,1,0,0,2,13.984166666666667,0,3,0,1,67,1,0,0,0,56,13,3
39.0,0.14285714285714285,13.0,34.0,5.0,2.0,0.3333333333333333,0.0,1,1,0,0,2,257.3877777777778,0,3,0,2,62,1,0,0,0,97,4,0
39.0,0.14285714285714285,13.0,34.0,5.0,2.0,0.3333333333333333,0.0,1,1,0,0,2,257.0105555555556,0,3,0,2,62,1,0,0,0,97,5,0
527.0,0.7959183673469388,175.66666666666666,293.0,234.0,2.0,0.3333333333333333,4.5,1,1,0,1,3,210.65916666666666,0,2,0,1,80,1,0,0,0,35,12,9
4.0,0.6666666666666666,1.3333333333333333,2.0,2.0,2.0,0.3333333333333333,0.0,1,1,0,0,1,21.1425,0,3,0,2,17,1,0,0,0,54,8,0
7.0,0.3333333333333333,3.5,5.0,2.0,1.0,0.5,0.0,1,0,1,0,0,3.016388888888889,0,4,0,1,21,0,0,0,0,28,7,0
75.0,0.1875,25.0,63.0,12.0,2.0,0.3333333333333333,0.0,1,0,1,0,0,35.39416666666666,0,2,0,2,57,1,0,0,0,76,9,0
8.0,0.8,4.0,4.0,4.0,1.0,0.5,0.0,1,1,0,0,2,202.20111111111112,0,2,0,3,22,1,0,0,0,40,7,0
399.0,0.941747572815534,44.333333333333336,205.0,194.0,8.0,0.1111111111111111,3.5,1,1,0,1,3,4.475833333333333,0,3,0,0,65,1,0,0,0,72,6,7
29.0,0.30434782608695654,14.5,22.0,7.0,1.0,0.5,0.0,1,0,1,0,0,23.669166666666666,0,2,0,2,51,1,0,0,0,30,5,0
101.0,0.02,33.666666666666664,99.0,2.0,2.0,0.3333333333333333,2.0,1,1,0,0,2,53.59361111111111,0,1,0,3,88,1,0,0,0,69,7,4
102.0,0.13186813186813187,17.0,90.0,12.0,5.0,0.16666666666666666,7.5,1,1,0,1,3,124.81472222222222,0,5,1,0,66,1,0,0,0,60,5,15
31.0,0.10344827586206896,6.2,28.0,3.0,4.0,0.2,6.5,1,1,0,1,5,25.197222222222223,0,0,0,0,72,1,0,0,0,71,6,13
157.0,0.0,52.333333333333336,157.0,0.0,2.0,0.3333333333333333,2.0,1,1,0,1,3,347.93194444444447,0,3,0,0,90,1,0,0,0,67,24,4
65.0,1.0,2.7083333333333335,32.0,33.0,23.0,0.08333333333333333,0.0,2,0,1,0,0,21.269166666666667,0,2,0,2,52,0,1,0,1,43,8,0
392.0,0.005115089514066497,65.33333333333333,390.0,2.0,5.0,0.6666666666666666,0.0,4,1,0,0,1,63.63861111111111,0,1,0,3,77,1,0,0,0,70,6,0
20.0,0.05,6.666666666666667,19.0,1.0,2.0,0.3333333333333333,0.0,1,0,1,0,0,8.628055555555555,0,3,0,2,40,1,0,0,0,72,6,0
3289.0,0.15196078431372548,49.833333333333336,2855.0,434.0,65.0,0.15151515151515152,0.09090909090909091,10,1,0,0,1,71.00055555555555,0,0,0,1,68,1,0,0,0,52,9,1
96.0,0.8653846153846154,6.0,51.0,45.0,15.0,0.125,0.0,2,1,0,0,1,2.21,0,3,0,1,76,1,0,0,0,40,5,0
592.0,36.0625,25.73913043478261,15.0,577.0,22.0,0.08695652173913043,3.3333333333333335,2,1,0,1,3,2505.360833333333,0,4,0,1,83,1,1,0,0,66,14,10
43.0,0.6296296296296297,10.75,26.0,17.0,3.0,0.25,0.0,1,0,1,0,0,2.986111111111111,0,3,0,1,89,1,0,0,0,97,6,0
3.0,0.0,1.5,3.0,0.0,1.0,0.5,0.0,1,0,1,0,0,24.870277777777776,0,2,0,0,10,0,0,0,0,71,7,0
6.0,0.75,3.0,3.0,3.0,1.0,0.5,0.0,1,1,0,0,1,15.665833333333333,0,2,0,0,20,1,0,0,0,30,3,0
96.0,1.0208333333333333,8.727272727272727,47.0,49.0,10.0,0.09090909090909091,0.0,1,1,0,0,1,662.7025,0,3,0,2,52,1,0,0,0,47,17,0
5.0,0.5,2.5,3.0,2.0,1.0,0.5,0.0,1,0,1,0,0,12.950833333333334,0,2,0,5,20,1,0,0,0,47,17,0
28.0,0.03571428571428571,9.333333333333334,27.0,1.0,2.0,0.6666666666666666,0.6666666666666666,2,1,0,0,2,2192.8955555555553,0,3,0,1,48,1,0,0,0,60,7,2
222.0,0.15544041450777202,55.5,192.0,30.0,3.0,0.25,1.5,1,1,0,0,2,179.19833333333332,0,2,0,1,94,1,0,0,0,84,6,3
86.0,0.023529411764705882,28.666666666666668,84.0,2.0,2.0,0.3333333333333333,2.5,1,1,0,1,3,191.96944444444443,0,2,0,3,68,1,0,0,0,65,17,5
6.0,0.75,3.0,3.0,3.0,1.0,0.5,0.0,1,1,0,0,2,2310.321388888889,0,4,0,1,21,0,0,0,0,42,6,0
6.0,0.0,3.0,6.0,0.0,1.0,0.5,1.0,1,1,0,1,3,124.38444444444444,0,4,0,1,48,1,0,0,0,67,15,2
920.0,0.019933554817275746,65.71428571428571,902.0,18.0,13.0,0.35714285714285715,4.166666666666667,5,1,0,1,3,54.36638888888889,0,0,0,1,46,1,1,0,0,45,7,25
2211.0,0.007744874715261959,28.346153846153847,2194.0,17.0,77.0,0.0641025641025641,8.0,5,1,0,1,4,624.4097222222222,0,4,0,0,64,1,0,0,0,51,9,48
546.0,0.9676258992805755,54.6,277.0,269.0,9.0,0.4,2.8,4,1,0,1,3,5501.233333333334,0,4,0,0,66,1,0,0,0,62,21,14
25.0,0.8571428571428571,8.333333333333334,13.0,12.0,2.0,0.3333333333333333,0.0,1,1,0,0,1,198.30944444444444,0,1,0,1,61,1,0,0,0,29,7,0
848.0,0.014336917562724014,84.8,836.0,12.0,9.0,0.1,5.5,1,1,0,0,2,478.7136111111111,0,3,0,0,82,1,1,0,0,50,12,11
42.0,0.7916666666666666,21.0,23.0,19.0,1.0,0.5,0.0,1,0,1,0,0,4.019444444444445,0,2,0,0,50,1,0,0,0,77,6,0
2.0,0.5,1.0,1.0,1.0,1.0,0.5,0.0,1,1,0,0,2,12.189722222222223,0,2,0,2,9,0,0,0,0,48,8,0
1691.0,0.02112251056125528,211.375,1656.0,35.0,7.0,0.375,0.0,3,1,0,0,1,20.360833333333332,0,1,0,2,114,1,1,0,2,60,5,0
154.0,0.13138686131386862,22.0,136.0,18.0,6.0,0.14285714285714285,3.0,1,1,0,0,2,21.055833333333332,0,1,0,1,76,1,0,0,0,59,13,6
56.0,0.9655172413793104,4.3076923076923075,28.0,28.0,12.0,0.07692307692307693,0.0,1,1,0,0,1,12.17,0,2,0,1,80,1,1,0,0,40,9,0
91.0,0.022222222222222223,30.333333333333332,89.0,2.0,2.0,0.3333333333333333,3.0,1,1,0,1,4,754.575,0,6,1,2,107,1,0,0,0,41,15,6
384.0,0.11918604651162791,42.666666666666664,343.0,41.0,8.0,0.1111111111111111,1.0,1,1,0,1,3,2071.2761111111113,0,0,0,2,69,1,1,0,0,72,40,2
8.0,0.5,2.0,5.0,3.0,3.0,0.5,0.6666666666666666,2,1,0,0,2,624.8516666666667,0,4,0,2,34,1,0,0,0,48,14,2
33.0,0.25925925925925924,11.0,26.0,7.0,2.0,0.3333333333333333,2.0,1,1,0,1,3,292.0577777777778,0,3,0,0,67,1,0,0,0,56,8,4
539.0,0.2328767123287671,49.0,437.0,102.0,10.0,0.09090909090909091,3.0,1,1,0,1,3,277.4894444444444,0,4,0,0,63,1,0,0,0,29,7,6
272.0,0.011111111111111112,30.22222222222222,269.0,3.0,8.0,1.5555555555555556,0.9333333333333333,14,1,0,1,3,2888.402777777778,0,0,0,1,78,1,0,0,0,29,27,14
20.0,0.6153846153846154,3.3333333333333335,12.0,8.0,5.0,0.16666666666666666,0.0,1,1,0,0,1,444.50888888888886,0,2,0,3,82,0,0,0,0,65,4,0
20.0,0.6153846153846154,3.3333333333333335,12.0,8.0,5.0,0.16666666666666666,0.0,1,1,0,0,1,444.54305555555555,0,2,0,3,82,0,0,0,0,65,4,0
20.0,0.6153846153846154,3.3333333333333335,12.0,8.0,5.0,0.16666666666666666,0.0,1,1,0,0,1,447.7966666666667,0,2,0,3,82,0,0,0,0,65,6,0
12.0,0.08333333333333333,6.0,11.0,1.0,1.0,0.5,0.0,1,1,0,0,1,3050.0216666666665,0,0,0,4,19,1,0,0,0,44,6,0
24.0,0.47058823529411764,12.0,16.0,8.0,1.0,0.5,0.5,1,1,0,0,1,57.55027777777778,0,5,1,1,43,0,0,0,0,34,6,1
39.0,0.02564102564102564,19.5,38.0,1.0,1.0,0.5,1.5,1,1,0,1,3,3.2105555555555556,0,1,0,1,53,0,0,0,0,78,8,3
4.0,0.6666666666666666,1.3333333333333333,2.0,2.0,2.0,0.3333333333333333,0.0,1,1,0,0,2,178.27694444444444,0,1,0,1,17,0,0,0,0,55,7,0
281.0,0.6206896551724138,31.22222222222222,173.0,108.0,8.0,0.3333333333333333,0.75,3,1,0,0,2,3.491111111111111,0,1,0,1,75,1,0,0,0,26,5,3
275.0,0.1794871794871795,39.285714285714285,233.0,42.0,6.0,0.5714285714285714,7.2,4,1,0,1,4,2760.713888888889,0,1,0,0,78,1,1,0,0,47,9,36
80.0,0.975609756097561,11.428571428571429,40.0,40.0,6.0,0.14285714285714285,0.0,1,1,0,0,1,3.013611111111111,0,1,0,1,93,1,1,0,0,82,4,0
142.0,0.9861111111111112,20.285714285714285,71.0,71.0,6.0,0.14285714285714285,0.0,1,1,0,0,1,2.7255555555555557,0,1,0,1,91,1,1,0,0,81,6,0
80.0,0.975609756097561,11.428571428571429,40.0,40.0,6.0,0.14285714285714285,0.0,1,1,0,0,1,1.9547222222222222,1,1,0,1,87,1,1,0,0,81,6,0
131.0,8.428571428571429,16.375,13.0,118.0,7.0,0.125,0.5,1,1,0,0,1,2.368333333333333,0,1,0,1,56,0,1,0,1,37,5,1
540.0,0.25813953488372093,45.0,429.0,111.0,11.0,0.3333333333333333,0.8,4,1,0,0,2,275.05916666666667,0,3,0,0,85,1,0,0,0,53,6,4
78.0,0.01282051282051282,19.5,77.0,1.0,3.0,0.25,1.0,1,1,0,0,2,10.398055555555555,0,1,0,1,92,1,0,0,0,61,10,2
145.0,9.428571428571429,36.25,13.0,132.0,3.0,0.25,0.0,1,1,0,0,1,624.3175,0,3,0,0,70,1,0,0,0,32,21,0
47.0,4.333333333333333,4.2727272727272725,8.0,39.0,10.0,0.09090909090909091,0.0,1,1,0,0,1,104.04277777777777,0,4,0,1,81,1,0,0,0,50,15,0
7251.739999999997,0.7671378066044051,60.205396430054144,4103.23,3148.5099999999975,119.44999999999959,0.024906600249066088,1.5,3,1,0,1,3,355.94138888888887,0,0,0,0,67,1,1,0,1,24,14,6
54.0,0.9642857142857143,4.909090909090909,27.0,27.0,10.0,0.18181818181818182,0.0,2,0,1,0,0,680.3247222222222,0,1,0,0,80,1,1,0,0,25,7,0
186.0,0.43846153846153846,18.6,129.0,57.0,9.0,0.1,1.5,1,1,0,0,2,12865.32111111111,0,4,0,3,74,1,0,0,0,71,16,3
14.0,0.875,2.8,7.0,7.0,4.0,0.2,0.0,1,1,0,0,1,2.3963888888888887,0,1,0,1,49,1,1,0,0,80,4,0
14.0,0.875,2.8,7.0,7.0,4.0,0.2,0.0,1,0,1,0,0,0.8772222222222222,1,1,0,1,49,1,1,0,0,61,4,0
8.0,0.125,2.6666666666666665,7.0,1.0,2.0,0.3333333333333333,9.5,1,1,0,1,4,27851.495833333334,0,2,0,2,21,0,0,0,0,58,48,19
12.0,3.3333333333333335,3.0,2.0,10.0,3.0,0.25,0.0,1,1,0,0,2,375.6788888888889,0,6,1,2,33,0,1,0,0,57,8,0
464.0,0.006493506493506494,38.666666666666664,461.0,3.0,11.0,0.4166666666666667,0.6666666666666666,5,1,0,1,3,172.77055555555555,0,0,0,2,84,1,0,0,0,66,10,4
98.0,0.020618556701030927,32.666666666666664,96.0,2.0,2.0,0.3333333333333333,0.0,1,1,0,0,1,422.80333333333334,0,3,0,3,94,1,0,0,0,84,6,0
98.0,0.020618556701030927,32.666666666666664,96.0,2.0,2.0,0.3333333333333333,0.0,1,1,0,0,1,422.46305555555557,0,3,0,3,94,1,0,0,0,84,6,0
21.0,0.6923076923076923,10.5,12.0,9.0,1.0,0.5,0.0,1,0,1,0,0,1.8569444444444445,1,0,0,0,49,1,0,0,0,64,5,0
39.0,0.7391304347826086,19.5,22.0,17.0,1.0,0.5,0.0,1,0,1,0,0,1.8847222222222222,1,0,0,1,46,1,0,0,0,70,5,0
207.0,0.06666666666666667,41.4,194.0,13.0,4.0,0.2,2.0,1,1,0,0,2,29.782777777777778,0,6,1,0,71,1,0,0,0,77,7,4
69.0,0.06060606060606061,23.0,65.0,4.0,2.0,0.3333333333333333,0.0,1,1,0,0,1,148.73361111111112,0,1,0,3,66,1,0,0,0,82,10,0
17.0,0.058823529411764705,5.666666666666667,16.0,1.0,2.0,0.6666666666666666,0.6666666666666666,2,1,0,0,2,2102.742777777778,0,4,0,3,34,1,0,0,0,82,11,2
28.0,0.9333333333333333,3.111111111111111,14.0,14.0,8.0,0.1111111111111111,0.0,1,1,0,0,1,91.7225,0,3,0,3,50,0,0,0,0,61,15,0
14.0,0.875,2.8,7.0,7.0,4.0,0.2,0.0,1,1,0,0,1,90.77194444444444,0,3,0,3,45,0,0,0,0,61,9,0
79.0,0.05263157894736842,26.333333333333332,75.0,4.0,2.0,0.3333333333333333,0.5,1,1,0,0,1,1773.7533333333333,0,1,0,1,71,1,0,0,0,61,6,1
69.0,0.06060606060606061,23.0,65.0,4.0,2.0,0.3333333333333333,0.0,1,1,0,0,2,144.94916666666666,0,1,0,3,66,1,0,0,0,82,6,0
58.0,0.475,29.0,39.0,19.0,1.0,0.5,0.0,1,0,1,0,0,50.095555555555556,0,5,1,0,60,1,0,0,0,69,7,0
24.0,0.3157894736842105,12.0,18.0,6.0,1.0,0.5,0.0,1,0,1,0,0,409.10833333333335,0,4,0,2,42,1,0,0,0,56,9,0
15.0,1.0,7.5,7.0,8.0,1.0,0.5,0.0,1,1,0,0,1,142.73472222222222,0,1,0,0,39,1,1,0,0,61,9,0
99.0,0.010101010101010102,19.8,98.0,1.0,4.0,0.4,0.0,2,1,0,0,1,425.30694444444447,0,3,0,4,69,1,0,0,0,98,6,0
39.0,0.0,9.75,39.0,0.0,3.0,0.25,0.0,1,1,0,0,1,651.0969444444445,0,1,0,2,58,1,0,0,0,83,9,0
69.0,0.06060606060606061,23.0,65.0,4.0,2.0,0.3333333333333333,0.0,1,1,0,0,1,141.30694444444444,0,1,0,3,66,1,0,0,0,82,5,0
122.0,0.00819672131147541,40.666666666666664,121.0,1.0,2.0,0.3333333333333333,1.0,1,1,0,0,2,236.79916666666668,0,4,0,2,74,1,0,0,0,62,8,2
98.0,0.020618556701030927,32.666666666666664,96.0,2.0,2.0,0.3333333333333333,0.0,1,1,0,0,1,422.95916666666665,0,3,0,3,97,1,0,0,0,84,7,0
575.0,0.1405940594059406,71.875,504.0,71.0,7.0,0.375,0.0,3,1,0,0,1,501.5441666666667,0,0,0,0,83,1,0,0,0,39,6,0
71.0,0.3090909090909091,14.2,54.0,17.0,4.0,0.4,0.0,2,1,0,0,1,423.8066666666667,0,3,0,4,63,1,0,0,0,98,5,0
110.0,0.35365853658536583,18.333333333333332,81.0,29.0,5.0,0.16666666666666666,0.0,1,1,0,0,2,438.0375,0,3,0,2,68,1,0,0,0,90,6,0
319.0,0.2260536398467433,63.8,260.0,59.0,4.0,0.6,0.0,3,1,0,0,1,501.2861111111111,0,0,0,1,83,1,0,0,0,95,6,0
40.0,0.0,8.0,40.0,0.0,4.0,0.2,0.0,1,1,0,0,1,648.9430555555556,0,1,0,2,65,1,0,0,0,83,8,0
98.0,0.020618556701030927,32.666666666666664,96.0,2.0,2.0,0.3333333333333333,0.0,1,1,0,0,1,422.32666666666665,0,3,0,3,95,1,0,0,0,84,7,0
99.0,0.010101010101010102,19.8,98.0,1.0,4.0,0.4,0.0,2,1,0,0,1,422.7386111111111,0,3,0,4,69,1,0,0,0,98,5,0
9.0,0.1111111111111111,4.5,8.0,1.0,1.0,0.5,0.0,1,1,0,0,1,10.782222222222222,0,6,1,2,23,1,0,0,0,26,4,0
62.0,4.25,15.5,11.0,51.0,3.0,0.25,0.0,1,0,1,0,0,6.7844444444444445,0,5,1,0,77,1,0,0,0,120,6,0
98.0,0.05319148936170213,32.666666666666664,93.0,5.0,2.0,0.3333333333333333,1.0,1,1,0,0,1,26.145833333333332,0,4,0,4,97,1,0,0,0,76,16,2
41.0,0.6153846153846154,13.666666666666666,25.0,16.0,2.0,0.3333333333333333,0.5,1,1,0,0,1,12.823055555555555,0,4,0,0,64,1,0,0,0,61,5,1
1492.0,0.4219047619047619,99.46666666666667,1049.0,443.0,14.0,0.6,3.4,9,1,0,1,9,520.7625,0,0,0,1,87,1,0,0,0,111,27,34
177.0,0.6181818181818182,35.4,109.0,68.0,4.0,0.2,1.0,1,1,0,0,2,33.96666666666667,0,3,0,0,70,1,0,0,0,56,6,2
49.0,0.02040816326530612,16.333333333333332,48.0,1.0,2.0,0.6666666666666666,0.3333333333333333,2,1,0,0,1,230.42944444444444,0,0,0,0,66,1,0,0,0,73,7,1
20.0,0.4,6.666666666666667,14.0,6.0,2.0,0.3333333333333333,0.0,1,0,1,0,0,6.688611111111111,0,2,0,1,67,1,0,0,0,55,4,0
145.0,0.21666666666666667,20.714285714285715,119.0,26.0,6.0,0.14285714285714285,13.0,1,1,0,1,6,1015.8169444444444,0,1,0,1,66,1,0,0,0,61,16,26
31.0,1.6666666666666667,15.5,11.0,20.0,1.0,0.5,1.0,1,1,0,0,2,0.9908333333333333,1,4,0,1,68,1,0,0,0,78,4,2
368.0,0.06340057636887608,52.57142857142857,346.0,22.0,6.0,0.14285714285714285,15.0,1,1,0,1,3,148.76916666666668,0,4,0,2,93,1,0,0,0,36,11,30
137.0,0.0,45.666666666666664,137.0,0.0,2.0,0.3333333333333333,6.0,1,1,0,0,2,212.65333333333334,0,2,0,1,59,1,0,0,0,48,10,12
66.0,0.8611111111111112,33.0,35.0,31.0,1.0,0.5,0.0,1,0,1,0,0,7.0280555555555555,0,3,0,0,76,1,0,0,0,42,5,0
98.0,0.020618556701030927,32.666666666666664,96.0,2.0,2.0,0.3333333333333333,0.0,1,0,1,0,0,446.97805555555556,0,4,0,2,94,1,0,0,0,50,10,0
2.0,0.5,1.0,1.0,1.0,1.0,0.5,0.0,1,1,0,0,1,664.6888888888889,0,3,0,1,3,0,0,0,0,34,12,0
2.0,0.5,1.0,1.0,1.0,1.0,0.5,0.0,1,0,1,0,0,2.221111111111111,0,2,0,1,3,0,0,0,0,20,7,0
28.0,0.9333333333333333,3.111111111111111,14.0,14.0,8.0,0.1111111111111111,0.0,1,1,0,0,2,3.4033333333333333,0,2,0,3,50,0,0,0,0,27,6,0
2.0,0.5,1.0,1.0,1.0,1.0,0.5,0.0,1,0,1,0,0,1.8005555555555555,1,3,0,1,3,0,0,0,0,20,5,0
94.0,1.6388888888888888,10.444444444444445,35.0,59.0,8.0,0.1111111111111111,1.5,1,1,0,0,2,4.1825,0,2,0,0,81,1,0,0,0,59,4,3
7.0,0.14285714285714285,1.75,6.0,1.0,3.0,0.25,0.0,1,1,0,0,1,2.8441666666666667,0,2,0,3,15,1,1,0,0,45,3,0
831.0,0.04522613065326633,83.1,795.0,36.0,9.0,0.4,6.2,4,1,0,0,2,393.2163888888889,0,0,0,0,77,1,0,0,0,69,43,31
42.0,0.5357142857142857,14.0,27.0,15.0,2.0,0.3333333333333333,2.0,1,1,0,0,2,57.31027777777778,0,0,0,3,83,1,0,0,0,104,7,4
83.0,0.16666666666666666,27.666666666666668,71.0,12.0,2.0,0.6666666666666666,0.6666666666666666,2,1,0,0,2,650.86,0,3,0,3,69,1,0,0,0,62,7,2
126.0,0.7887323943661971,3.8181818181818183,70.0,56.0,32.0,0.09090909090909091,3.25,3,1,0,1,3,1048.931111111111,0,0,0,1,23,1,1,0,4,44,25,13
97.0,0.20987654320987653,48.5,80.0,17.0,1.0,0.5,11.5,1,1,0,1,3,214.05805555555557,0,0,0,1,78,1,0,0,0,122,19,23
8.0,0.125,1.6,7.0,1.0,4.0,0.2,0.0,1,0,1,0,0,13.555833333333334,0,1,0,0,21,1,1,0,0,52,4,0
58.0,1.2692307692307692,14.5,25.0,33.0,3.0,0.25,1.5,1,1,0,1,3,4.084722222222222,0,3,0,2,59,1,0,0,0,37,7,3
28.0,0.9333333333333333,5.6,14.0,14.0,4.0,0.4,0.0,2,1,0,0,1,2012.2866666666666,0,2,0,1,59,1,0,0,0,94,33,0
2.0,0.5,1.0,1.0,1.0,1.0,0.5,0.0,1,0,1,0,0,102.55472222222222,0,4,0,2,9,1,0,0,0,57,7,0
456.0,0.6863468634686347,5.922077922077922,270.0,186.0,76.0,0.012987012987012988,0.0,1,0,1,0,0,21.595555555555556,0,0,0,2,41,0,0,0,0,64,17,0
455.0,0.2192513368983957,113.75,373.0,82.0,3.0,0.5,0.0,2,0,1,0,0,3.9616666666666664,0,1,0,0,73,1,0,0,0,95,10,0
16.0,1.125,8.0,7.0,9.0,1.0,0.5,0.0,1,0,1,0,0,3.4830555555555556,0,1,0,1,40,1,1,0,0,27,5,0
54.0,0.018518518518518517,18.0,53.0,1.0,2.0,0.3333333333333333,1.5,1,1,0,0,1,116.82777777777778,0,3,0,3,72,1,0,0,0,51,16,3
32.0,0.9411764705882353,2.6666666666666665,16.0,16.0,11.0,0.16666666666666666,0.3333333333333333,2,1,0,0,1,10.600277777777778,0,1,0,1,78,1,1,0,0,38,7,1
6395.23,0.5584482351135293,319.76149999999996,4103.23,2292.0,19.0,0.05,15.5,1,1,0,1,7,837.9336111111111,0,3,0,0,58,1,1,0,0,62,49,31
90.0,0.4918032786885246,30.0,60.0,30.0,2.0,0.3333333333333333,0.0,1,1,0,0,1,11.812777777777777,0,0,0,3,56,1,0,0,0,62,4,0
3.0,0.3333333333333333,1.5,2.0,1.0,1.0,0.5,5.5,1,1,0,1,4,12.205555555555556,0,0,0,2,10,1,1,0,0,37,8,11
62.0,0.016129032258064516,20.666666666666668,61.0,1.0,2.0,0.3333333333333333,0.0,1,1,0,0,1,122.88444444444444,0,2,0,2,80,1,0,0,0,49,15,0
2812.0,0.00035561877667140827,140.6,2811.0,1.0,19.0,0.1,18.666666666666668,2,1,0,1,4,1345.36,0,0,0,0,63,1,0,0,0,55,34,56
1.0,0.0,0.5,1.0,0.0,1.0,0.5,0.0,1,0,1,0,0,90.98055555555555,0,3,0,1,8,0,0,0,0,46,11,0
35.0,0.0,11.666666666666666,35.0,0.0,2.0,0.3333333333333333,0.0,1,0,1,0,0,2963.257222222222,0,3,0,2,55,1,0,0,0,70,10,0
6380.23,0.5547934691769224,125.10254901960784,4103.23,2277.0,50.0,0.0196078431372549,26.5,1,1,0,1,5,796.3077777777778,0,4,0,1,30,1,1,0,0,37,26,53
38.0,0.08333333333333333,12.666666666666666,35.0,3.0,2.0,0.3333333333333333,1.0,1,1,0,1,3,1485.0508333333332,0,1,0,2,62,1,0,0,0,43,11,2
118.0,0.02586206896551724,29.5,115.0,3.0,3.0,0.25,1.0,1,1,0,1,3,71.00444444444445,0,4,0,1,71,1,0,0,0,73,11,2
140.0,0.014388489208633094,35.0,138.0,2.0,3.0,0.25,0.0,1,1,0,1,3,119.0411111111111,0,2,0,3,57,1,0,0,0,114,4,0
721.0,0.011204481792717087,240.33333333333334,713.0,8.0,2.0,0.3333333333333333,0.0,1,0,1,0,0,4.228611111111111,0,0,0,1,100,1,1,0,0,53,5,0
4250.0,0.6703339882121807,114.86486486486487,2544.0,1706.0,36.0,0.05405405405405406,1.3333333333333333,2,1,0,1,3,3553.4088888888887,0,6,1,1,68,1,0,0,0,64,26,4
1.0,0.0,0.5,1.0,0.0,1.0,0.5,0.0,1,0,1,0,0,138.3575,0,1,0,1,8,0,0,0,0,41,12,0
188.0,4.25,94.0,35.0,153.0,1.0,0.5,0.0,1,0,1,0,0,1.1833333333333333,1,0,0,1,71,1,0,0,0,51,9,0
7.0,0.14285714285714285,3.5,6.0,1.0,1.0,0.5,0.0,1,0,1,0,0,18.261944444444445,0,6,1,3,21,1,0,0,0,72,11,0
174.0,0.9886363636363636,7.25,87.0,87.0,23.0,0.041666666666666664,1.0,1,1,0,0,2,377.07444444444445,0,4,0,2,54,1,0,0,0,47,23,2
4.0,0.0,2.0,4.0,0.0,1.0,0.5,0.0,1,0,1,0,0,0.9222222222222223,1,5,1,0,18,0,1,0,1,69,5,0
6.0,0.75,1.5,3.0,3.0,3.0,0.25,3.5,1,1,0,1,4,5537.836111111111,0,5,1,2,25,0,0,0,0,54,11,7
7203.23,0.7553182935654191,60.026916666666665,4103.23,3100.0,119.0,0.008333333333333333,0.0,1,0,1,0,0,5.315,0,4,0,0,51,0,1,0,0,40,10,0
50.0,2.0,10.0,16.0,34.0,4.0,0.2,0.0,1,1,0,0,1,36.57527777777778,0,3,0,2,62,1,1,0,0,55,7,0
57.0,0.05454545454545454,19.0,54.0,3.0,2.0,0.3333333333333333,0.0,1,1,0,0,2,486.79055555555556,0,5,1,2,84,1,0,0,0,43,12,0
814.0,1.022332506203474,162.8,402.0,412.0,4.0,0.2,3.0,1,1,0,1,3,167.97305555555556,0,4,0,2,65,0,0,0,0,23,12,6
69.0,0.06060606060606061,23.0,65.0,4.0,2.0,0.3333333333333333,2.0,1,1,0,0,2,35.36,0,3,0,2,64,1,0,0,0,48,13,4
1175.0,0.35953757225433525,117.5,864.0,311.0,9.0,0.2,44.333333333333336,2,1,0,1,6,693.6630555555555,0,1,0,1,36,1,0,0,0,68,14,133
30.0,1.0666666666666667,15.0,14.0,16.0,1.0,0.5,1.5,1,1,0,1,3,47.18277777777778,0,2,0,3,58,1,0,0,0,64,22,3
1415.0,5.586046511627907,35.375,214.0,1201.0,39.0,0.05,0.3333333333333333,2,1,0,0,1,350.14416666666665,0,3,0,1,75,1,1,0,0,44,13,1
806.0,0.3563025210084034,161.2,594.0,212.0,4.0,0.6,2.0,3,1,0,1,3,31.229444444444443,0,2,0,1,81,1,0,0,0,64,6,8
13.0,0.4,6.5,9.0,4.0,1.0,0.5,1.0,1,1,0,0,2,3733.409166666667,0,2,0,1,55,0,0,0,0,65,14,2
142.0,0.0,71.0,142.0,0.0,1.0,0.5,0.0,1,0,1,0,0,38.75888888888889,0,2,0,1,88,1,0,0,0,28,18,0
39.0,0.14285714285714285,13.0,34.0,5.0,2.0,0.3333333333333333,3.5,1,1,0,1,4,373.3905555555556,0,2,0,4,62,1,0,0,0,63,19,7
1283.0,0.0,183.28571428571428,1283.0,0.0,6.0,0.5714285714285714,3.2,4,1,0,0,2,215.365,0,1,0,1,99,1,0,0,0,57,9,16
427.0,0.11168831168831168,32.84615384615385,384.0,43.0,12.0,0.7692307692307693,3.0,10,1,0,1,4,1190.9866666666667,0,2,0,1,85,1,0,0,0,50,25,33
6.0,0.16666666666666666,3.0,5.0,1.0,1.0,0.5,0.0,1,0,1,0,0,3.3852777777777776,0,3,0,2,16,0,0,0,0,53,7,0
303.0,0.17829457364341086,43.285714285714285,257.0,46.0,6.0,1.0,5.625,7,1,0,0,2,4513.128055555556,0,3,0,1,44,1,0,0,0,35,16,45
8.0,0.8,2.6666666666666665,4.0,4.0,2.0,0.3333333333333333,0.0,1,1,0,0,2,6413.368333333333,0,1,0,2,23,1,0,0,0,70,16,0
174.0,0.0,58.0,174.0,0.0,2.0,1.0,0.75,3,1,0,0,2,172.88611111111112,0,2,0,0,77,1,0,0,0,39,15,3
80.0,0.2857142857142857,20.0,62.0,18.0,3.0,0.25,0.0,1,1,0,0,1,3.0641666666666665,0,2,0,3,61,1,0,0,0,58,5,0
50.0,0.59375,4.166666666666667,31.0,19.0,11.0,0.08333333333333333,1.5,1,1,0,0,2,173.59,0,2,0,1,32,1,1,0,4,70,12,3
5.0,0.2,2.5,4.0,1.0,1.0,0.5,0.0,1,1,0,0,1,166.8325,0,2,0,1,13,1,0,0,0,48,4,0
58.0,0.84375,14.5,31.0,27.0,3.0,0.25,2.5,1,1,0,0,2,148.98611111111111,0,3,0,1,89,0,0,0,0,58,6,5
140.0,0.014388489208633094,35.0,138.0,2.0,3.0,0.25,4.0,1,1,0,1,3,36.11972222222222,0,1,0,3,57,1,0,0,0,80,15,8
5.0,0.5,2.5,3.0,2.0,1.0,0.5,0.0,1,0,1,0,0,123.11694444444444,0,4,0,1,32,0,0,0,0,21,8,0
5.0,0.0,2.5,5.0,0.0,1.0,1.0,0.6666666666666666,2,1,0,0,2,46.91888888888889,0,0,0,1,12,0,0,0,0,60,18,2
2.0,0.5,0.6666666666666666,1.0,1.0,2.0,0.3333333333333333,0.0,1,0,1,0,0,4.379166666666666,0,1,0,0,9,0,0,0,0,70,5,0
724.0,0.08532934131736528,23.35483870967742,667.0,57.0,30.0,0.0967741935483871,10.75,3,1,0,1,4,2214.4269444444444,0,0,0,1,47,1,0,0,0,81,18,43
313.0,3.550724637681159,39.125,68.0,245.0,7.0,0.125,3.5,1,1,0,1,3,125.14,0,3,0,1,70,1,1,0,0,56,9,7
296.0,0.0033783783783783786,11.384615384615385,295.0,1.0,25.0,0.038461538461538464,10.0,1,1,0,1,3,671.3597222222222,0,1,0,3,59,1,1,0,3,45,14,20
110.0,0.35365853658536583,18.333333333333332,81.0,29.0,5.0,0.16666666666666666,4.0,1,1,0,1,5,163.98305555555555,0,2,0,1,68,1,0,0,0,56,12,8
188.0,0.06179775280898876,37.6,177.0,11.0,4.0,0.2,12.5,1,1,0,1,3,168.80444444444444,0,1,0,2,51,1,0,0,0,60,10,25
62.0,0.016129032258064516,20.666666666666668,61.0,1.0,2.0,0.3333333333333333,0.0,1,0,1,0,0,120.42083333333333,0,3,0,3,70,1,0,0,0,37,11,0
1055.0,0.48106591865357645,263.75,712.0,343.0,3.0,2.25,0.6,9,1,0,0,2,250.5886111111111,0,4,0,2,59,1,0,0,0,59,13,6
7.0,0.0,3.5,7.0,0.0,1.0,0.5,4.0,1,1,0,1,4,257.37555555555554,0,4,0,1,14,0,0,0,0,43,9,8
32.0,1.2,10.666666666666666,14.0,18.0,2.0,0.3333333333333333,0.5,1,1,0,0,1,418.46527777777777,0,4,0,1,45,1,0,0,0,37,9,1
42.0,0.13157894736842105,14.0,37.0,5.0,2.0,0.6666666666666666,1.6666666666666667,2,1,0,1,3,1877.8733333333332,0,6,1,2,66,1,0,0,0,126,11,5
398.0,0.14655172413793102,44.22222222222222,347.0,51.0,8.0,0.1111111111111111,13.0,1,1,0,1,6,332.40416666666664,0,0,0,1,41,1,0,0,0,41,17,26
227.0,0.07547169811320754,75.66666666666667,211.0,16.0,2.0,0.3333333333333333,16.0,1,1,0,1,4,168.45083333333332,0,0,0,1,53,1,0,0,0,78,14,32
159.0,0.08108108108108109,53.0,147.0,12.0,2.0,0.3333333333333333,7.0,1,1,0,0,2,375.3663888888889,0,5,1,1,78,1,0,0,0,78,21,14
212.0,1.2903225806451613,106.0,92.0,120.0,1.0,1.0,0.0,2,0,1,0,0,1121.6572222222221,0,0,0,0,60,1,0,0,0,26,9,0
541.0,0.7597402597402597,6.597560975609756,307.0,234.0,81.0,0.012195121951219513,0.0,1,0,1,0,0,0.8672222222222222,1,5,1,2,45,0,0,0,0,45,5,0
66.0,0.8108108108108109,16.5,36.0,30.0,3.0,0.25,0.0,1,0,1,0,0,97.92083333333333,0,1,0,0,51,0,1,0,0,83,14,0
1796.0,0.0274442538593482,199.55555555555554,1748.0,48.0,8.0,0.5555555555555556,8.833333333333334,5,1,0,0,2,433.8786111111111,0,0,0,0,104,1,0,0,0,31,10,53
332.0,26.75,11.448275862068966,11.0,321.0,28.0,0.06896551724137931,0.6666666666666666,2,1,0,0,2,22.944444444444443,0,3,0,0,103,1,0,0,0,70,6,2
7251.739999999997,0.7671378066044051,60.205396430054144,4103.23,3148.5099999999975,119.44999999999959,0.00830220008302203,0.0,1,0,1,0,0,2.3325,0,4,0,0,45,0,0,0,0,35,5,0
5922.0,0.686023341873043,49.16562889165645,3512.0,2410.0,119.44999999999959,0.049813200498132176,10.571428571428571,6,1,0,1,8,678.7508333333334,0,4,0,2,92,1,1,0,8,79,36,74
24.0,0.9230769230769231,1.8461538461538463,12.0,12.0,12.0,0.15384615384615385,0.0,2,1,0,0,2,1042.4019444444446,0,3,0,3,37,0,0,0,0,36,8,0
160.0,0.025477707006369428,53.333333333333336,156.0,4.0,2.0,1.0,0.0,3,1,0,0,1,152.83055555555555,0,5,1,1,70,1,0,0,0,57,7,0
477.0,7.851851851851852,238.5,53.0,424.0,1.0,0.5,1.0,1,1,0,1,3,47.02444444444444,0,2,0,1,102,1,0,0,0,44,6,2
4.0,0.6666666666666666,1.3333333333333333,2.0,2.0,2.0,0.3333333333333333,0.0,1,1,0,0,1,111.74416666666667,0,0,0,1,17,1,0,0,0,43,7,0
333.0,0.4396551724137931,55.5,231.0,102.0,5.0,0.16666666666666666,5.5,1,1,0,0,2,2445.836388888889,0,0,0,1,74,1,1,0,0,27,31,11
101.0,0.5692307692307692,20.2,64.0,37.0,4.0,0.6,1.0,3,1,0,0,2,2232.1980555555556,0,2,0,1,120,1,1,0,0,81,14,4
54.0,0.0784313725490196,13.5,50.0,4.0,3.0,0.25,1.5,1,1,0,0,2,48.117222222222225,0,1,0,2,56,1,0,0,0,34,12,3
141.0,0.014285714285714285,20.142857142857142,139.0,2.0,6.0,0.42857142857142855,0.75,3,0,1,0,0,88.34944444444444,0,5,1,0,72,0,0,0,0,35,24,3
1.0,0.0,0.5,1.0,0.0,1.0,0.5,0.0,1,0,1,0,0,95.97,0,4,0,1,8,0,0,0,0,47,16,0
16.0,0.4166666666666667,5.333333333333333,11.0,5.0,2.0,0.3333333333333333,2.5,1,1,0,0,2,170.84,0,3,0,1,44,0,0,0,0,46,4,5
107.0,1.16,4.6521739130434785,49.0,58.0,22.0,0.043478260869565216,0.0,1,0,1,0,0,2441.7019444444445,0,0,0,1,35,1,1,0,5,50,26,0
292.0,0.35023041474654376,22.46153846153846,216.0,76.0,12.0,0.6153846153846154,6.0,8,1,0,1,3,2225.9719444444445,0,2,0,1,106,1,1,0,2,60,13,54
20.0,0.6153846153846154,3.3333333333333335,12.0,8.0,5.0,0.16666666666666666,1.0,1,1,0,0,2,51.71,0,1,0,3,84,0,0,0,0,58,21,2
122.0,0.00819672131147541,24.4,121.0,1.0,4.0,0.4,0.0,2,1,0,0,1,0.8436111111111111,1,3,0,2,95,1,0,0,0,71,4,0
8.0,0.125,1.6,7.0,1.0,4.0,0.2,0.0,1,0,1,0,0,10.401388888888889,0,3,0,1,21,1,1,0,0,64,7,0
227.0,0.0410958904109589,56.75,218.0,9.0,3.0,0.25,2.0,1,1,0,0,2,185.71416666666667,0,2,0,0,48,1,0,0,0,79,10,4
71.0,0.3090909090909091,14.2,54.0,17.0,4.0,0.4,0.0,2,0,1,0,0,182.4061111111111,0,2,0,4,63,1,0,0,0,64,7,0
15.0,3.0,3.0,3.0,12.0,4.0,0.4,0.6666666666666666,2,1,0,0,2,5861.478611111111,0,4,0,1,62,1,0,0,0,68,14,2
1361.0,0.07159716758457907,136.1,1270.0,91.0,9.0,0.3,9.25,3,1,0,0,2,119.96861111111112,0,4,0,1,84,1,0,0,0,54,11,37
223.0,0.7777777777777778,37.166666666666664,125.0,98.0,5.0,0.16666666666666666,7.0,1,1,0,1,3,299.62361111111113,0,4,0,3,69,1,0,0,0,51,10,14
225.0,0.135678391959799,45.0,198.0,27.0,4.0,0.6,1.75,3,1,0,1,3,2213.490277777778,0,1,0,2,96,1,1,0,0,48,12,7
2.0,0.0,1.0,2.0,0.0,1.0,0.5,1.5,1,1,0,0,2,23.72388888888889,0,2,0,1,9,1,0,0,0,51,8,3
2.0,0.5,1.0,1.0,1.0,1.0,0.5,0.0,1,0,1,0,0,129.0975,0,4,0,4,9,1,0,0,0,60,5,0
125.0,0.0,62.5,125.0,0.0,1.0,0.5,3.0,1,1,0,0,2,6.110555555555556,0,2,0,1,88,1,0,0,0,69,13,6
13.0,0.75,6.5,7.0,6.0,1.0,0.5,2.5,1,1,0,1,3,125.1825,0,4,0,1,38,1,0,0,0,58,6,5
8.0,0.0,4.0,8.0,0.0,1.0,0.5,0.0,1,0,1,0,0,1.7658333333333334,1,2,0,0,9,1,0,0,0,48,4,0
473.0,0.09468822170900693,39.416666666666664,432.0,41.0,11.0,0.3333333333333333,14.4,4,1,0,1,5,3792.0266666666666,0,1,0,3,88,1,0,0,0,53,31,72
556.0,3.156716417910448,50.54545454545455,133.0,423.0,10.0,0.5454545454545454,0.8571428571428571,6,1,0,0,2,27.226666666666667,0,1,0,1,56,1,0,0,0,43,11,6
147.0,0.38317757009345793,14.7,106.0,41.0,9.0,0.1,0.0,1,0,1,0,0,10.294444444444444,0,2,0,0,86,1,0,0,0,68,4,0
742.0,0.6438053097345132,43.64705882352941,451.0,291.0,16.0,0.35294117647058826,2.2857142857142856,6,1,0,1,3,193.26083333333332,0,1,0,1,71,1,1,0,0,80,11,16
674.0,0.24538745387453875,224.66666666666666,541.0,133.0,2.0,0.3333333333333333,11.5,1,1,0,1,3,192.0275,0,1,0,0,87,1,0,0,0,58,16,23
1472.0,1.042995839112344,736.0,720.0,752.0,1.0,0.5,0.0,1,1,0,0,1,147.46055555555554,0,3,0,1,77,1,0,0,0,68,7,0
4.0,0.6666666666666666,2.0,2.0,2.0,1.0,0.5,0.5,1,1,0,0,1,6.393611111111111,0,2,0,2,16,0,0,0,0,34,7,1
4.0,0.6666666666666666,2.0,2.0,2.0,1.0,0.5,0.0,1,0,1,0,0,1.6533333333333333,1,0,0,2,13,1,0,0,0,60,6,0
260.0,0.14977973568281938,23.636363636363637,226.0,34.0,10.0,0.09090909090909091,4.5,1,1,0,1,3,98.77388888888889,0,3,0,0,53,1,1,0,0,29,4,9
243.0,0.0,30.375,243.0,0.0,7.0,0.125,11.0,1,1,0,1,3,606.4597222222222,0,0,0,0,66,1,1,0,0,41,11,22
36.0,0.6818181818181818,18.0,21.0,15.0,1.0,0.5,0.0,1,0,1,0,0,2.9588888888888887,0,4,0,2,35,1,0,0,0,75,10,0
43.0,0.9130434782608695,21.5,22.0,21.0,1.0,0.5,1.0,1,1,0,0,2,12.641666666666667,0,1,0,2,55,1,0,0,0,67,5,2
36.0,0.48,12.0,24.0,12.0,2.0,0.6666666666666666,0.0,2,0,1,0,0,9.608333333333333,0,1,0,1,43,1,0,0,0,76,10,0
27.0,0.0,13.5,27.0,0.0,1.0,0.5,1.0,1,1,0,1,3,41.91444444444444,0,0,0,0,41,1,0,0,0,59,6,2
31.0,1.4615384615384615,3.1,12.0,19.0,9.0,0.1,1.0,1,1,0,0,2,1506.2611111111112,0,2,0,0,104,0,0,0,0,40,11,2
257.0,0.0038910505836575876,32.125,256.0,1.0,7.0,0.125,8.5,1,1,0,1,4,124.75333333333333,0,2,0,1,85,1,1,0,0,61,10,17
4.0,0.6666666666666666,2.0,2.0,2.0,1.0,0.5,0.0,1,1,0,0,2,13.2175,0,0,0,1,13,0,0,0,0,45,9,0
166.0,0.1597222222222222,10.375,143.0,23.0,15.0,0.0625,0.0,1,0,1,0,0,15.86111111111111,0,1,0,1,42,0,0,0,0,23,7,0
15.0,0.0,7.5,15.0,0.0,1.0,0.5,1.0,1,1,0,0,2,99.99416666666667,0,4,0,2,22,1,0,0,0,51,10,2
29.0,0.1111111111111111,14.5,26.0,3.0,1.0,0.5,1.0,1,1,0,1,3,1435.3772222222221,0,3,0,1,47,1,0,0,0,78,18,2
199.0,1.127659574468085,3.262295081967213,93.0,106.0,60.0,0.01639344262295082,0.0,1,0,1,0,0,1.8241666666666667,1,1,0,1,39,0,0,0,0,27,4,0
447.0,0.6592592592592592,18.625,269.0,178.0,23.0,0.08333333333333333,3.6666666666666665,2,1,0,0,2,150.1275,0,2,0,2,58,1,0,0,0,62,9,11
4914.5099999999975,1.7818392756083743,114.29093023255808,1766.0,3148.5099999999975,42.0,0.20930232558139536,0.4,9,1,0,0,2,300.08472222222224,0,3,0,2,63,1,1,0,0,26,23,4
20.0,0.3125,6.666666666666667,15.0,5.0,2.0,0.6666666666666666,1.3333333333333333,2,1,0,0,2,4.01,0,1,0,3,68,1,0,0,0,47,7,4
113.0,0.0,56.5,113.0,0.0,1.0,0.5,1.0,1,1,0,0,2,111.95111111111112,0,4,0,0,81,1,0,0,0,61,8,2
6.0,0.75,3.0,3.0,3.0,1.0,0.5,0.0,1,0,1,0,0,22.00583333333333,0,0,0,1,25,1,1,0,0,69,9,0
324.0,0.47058823529411764,64.8,220.0,104.0,4.0,0.2,6.0,1,1,0,1,4,114.90527777777778,0,3,0,1,123,0,1,0,0,50,6,12
215.0,0.06930693069306931,53.75,201.0,14.0,3.0,0.25,0.0,1,1,0,0,1,32.85583333333334,0,3,0,3,74,1,0,0,0,99,6,0
1173.0,1.0241379310344827,391.0,579.0,594.0,2.0,1.0,1.0,3,1,0,0,2,165.69416666666666,0,1,0,0,62,1,0,0,0,31,6,4
20.0,0.0,6.666666666666667,20.0,0.0,2.0,0.3333333333333333,0.0,1,0,1,0,0,5.975833333333333,0,0,0,2,37,1,0,0,0,48,7,0
4.0,0.6666666666666666,2.0,2.0,2.0,1.0,0.5,0.0,1,0,1,0,0,25.996944444444445,0,4,0,2,18,0,0,0,0,54,6,0
386.0,0.7916666666666666,128.66666666666666,215.0,171.0,2.0,0.6666666666666666,2.0,2,1,0,0,2,77.97777777777777,0,4,0,1,83,1,0,0,0,46,6,6
16.0,0.5454545454545454,8.0,10.0,6.0,1.0,0.5,0.0,1,1,0,0,1,73.01388888888889,0,4,0,3,35,0,0,0,0,66,7,0
18.0,0.9,6.0,9.0,9.0,2.0,0.3333333333333333,0.0,1,0,1,0,0,276.4063888888889,0,2,0,3,45,1,0,0,0,27,14,0
70.0,0.9722222222222222,14.0,35.0,35.0,4.0,0.4,0.6666666666666666,2,1,0,1,4,125.0575,0,2,0,3,50,1,0,0,0,68,5,2
468.0,0.004282655246252677,117.0,466.0,2.0,3.0,0.25,14.5,1,1,0,1,3,827.6888888888889,0,1,0,3,64,1,0,0,0,76,33,29
199.0,0.06951871657754011,24.875,186.0,13.0,7.0,0.25,0.6666666666666666,2,1,0,0,2,9.260277777777778,0,0,0,0,68,1,0,0,0,104,7,2
611.0,0.0851063829787234,101.83333333333333,563.0,48.0,5.0,0.5,7.5,3,1,0,1,3,292.67527777777775,0,1,0,0,65,1,0,0,0,66,19,30
319.0,0.2260536398467433,63.8,260.0,59.0,4.0,0.6,1.75,3,1,0,0,2,153.36,0,1,0,0,83,1,0,0,0,61,9,7
375.0,0.059154929577464786,37.5,354.0,21.0,9.0,0.1,24.5,1,1,0,1,3,1848.4872222222223,0,0,0,1,94,1,1,0,0,40,15,49
8.0,0.0,4.0,8.0,0.0,1.0,0.5,0.0,1,0,1,0,0,0.9238888888888889,1,0,0,0,9,0,0,0,0,64,4,0
3.0,0.0,1.5,3.0,0.0,1.0,0.5,0.5,1,1,0,0,1,171.54888888888888,0,2,0,1,10,0,0,0,0,36,8,1
18.0,0.26666666666666666,9.0,14.0,4.0,1.0,0.5,0.0,1,1,0,0,1,604.3219444444444,0,0,0,1,48,0,0,0,0,60,11,0
80.0,0.975609756097561,26.666666666666668,40.0,40.0,2.0,0.3333333333333333,0.0,1,0,1,0,0,2496.4730555555557,0,0,0,2,73,1,0,0,0,66,10,0
2.0,0.5,1.0,1.0,1.0,1.0,0.5,0.0,1,1,0,0,2,57.59861111111111,0,3,0,2,9,0,1,0,0,34,17,0
15.0,0.0,7.5,15.0,0.0,1.0,0.5,0.0,1,0,1,0,0,12.684722222222222,0,4,0,1,16,0,1,0,0,24,14,0
84.0,0.024096385542168676,28.0,82.0,2.0,2.0,0.3333333333333333,1.5,1,1,0,1,3,145.90333333333334,0,6,1,1,100,1,0,0,0,95,6,3
6.0,0.0,3.0,6.0,0.0,1.0,0.5,3.0,1,1,0,1,3,33.931111111111115,0,3,0,1,13,0,0,0,0,63,9,6
42.0,0.3870967741935484,14.0,30.0,12.0,2.0,0.3333333333333333,0.0,1,1,0,0,1,1.89,1,4,0,2,67,1,0,0,0,67,5,0
5.0,1.0,1.6666666666666667,2.0,3.0,2.0,0.3333333333333333,0.0,1,0,1,0,0,28.0925,0,0,0,0,18,1,0,0,0,30,13,0
2.0,0.5,1.0,1.0,1.0,1.0,0.5,0.0,1,1,0,0,1,53.27916666666667,0,2,0,0,9,1,0,0,0,49,7,0
8.0,2.0,4.0,2.0,6.0,1.0,0.5,0.0,1,1,0,0,2,21.27111111111111,0,3,0,0,22,1,0,0,0,48,4,0
3.0,0.0,1.5,3.0,0.0,1.0,0.5,0.0,1,1,0,0,1,9.846111111111112,0,4,0,0,10,0,0,0,0,30,6,0
225.0,0.1188118811881188,45.0,201.0,24.0,4.0,0.2,11.5,1,1,0,1,4,361.7472222222222,0,3,0,1,62,1,0,0,0,71,13,23
294.0,0.1434108527131783,58.8,257.0,37.0,4.0,0.2,9.0,1,1,0,1,4,371.02444444444444,0,3,0,2,85,1,0,0,0,44,14,18
252.0,0.0,50.4,252.0,0.0,4.0,0.2,4.0,1,1,0,0,2,28.174166666666668,0,3,0,0,86,1,0,0,0,67,6,8
2.0,0.5,1.0,1.0,1.0,1.0,0.5,0.0,1,0,1,0,0,141.55083333333334,0,5,1,2,9,0,0,0,0,37,4,0
798.0,0.858139534883721,61.38461538461539,429.0,369.0,12.0,0.15384615384615385,1.6666666666666667,2,1,0,0,2,1598.2833333333333,0,0,0,1,59,1,0,0,0,72,14,5
123.0,0.47619047619047616,30.75,83.0,40.0,3.0,0.25,0.5,1,1,0,0,1,3.49,0,4,0,1,72,0,0,0,0,100,7,1
958.0,1.7797101449275363,239.5,344.0,614.0,3.0,1.75,0.0,7,0,1,0,0,8.903611111111111,0,4,0,4,63,1,0,0,0,43,15,0
104.0,0.19318181818181818,20.8,87.0,17.0,4.0,0.2,4.0,1,1,0,1,3,2215.0405555555553,0,2,0,1,67,1,0,0,0,55,8,8
10.0,0.0,5.0,10.0,0.0,1.0,0.5,0.0,1,1,0,0,1,75.02388888888889,0,1,0,1,17,1,0,0,0,79,10,0
