total_changes,churn_ratio,avg_changes_per_file,additions,deletions,changed_files,commits_per_file,review_intensity,commits,has_reviewer,solo_pr,many_reviewers,num_reviewers,review_hours,fast_merge,day_of_week,is_weekend,keyword_count,diff_lines,has_test_file,has_config_file,num_python_files,num_js_files,title_length,comments,review_comments
-0.3862796897452442,-0.09918827007519171,-0.5025010540547535,-0.3873633949154011,-0.24805329926702757,-0.4380456811866785,1.9867850886931349,-0.46482844767361803,0.1314643762720926,0.33589944767593066,-0.3358994476759308,-0.4561290291958711,0.2717756877602118,0.13659807320014886,-0.7115308500884661,1.073080585928759,-0.29040893477575785,0.8143989028287663,-0.459161689669918,-1.1934162828797104,-0.5129891760425771,0.0,-0.26790988186857,0.43046932759592793,0.3245043733232592,-0.4285079270211159
-0.4013322819070912,0.007976158938553211,-0.6545015735868438,-0.4039872056739043,-0.25562909826328556,-0.4380456811866785,0.024505372719113804,0.41100153823164454,-0.4546306758387847,0.33589944767593066,-0.3358994476759308,-0.4561290291958711,0.2717756877602118,-0.16894067213132394,1.4054204394309369,2.2755989079033996,3.4434202266268428,-0.11047051363292415,-1.3788606871684057,-1.1934162828797104,-0.5129891760425771,0.0,-0.26790988186857,-0.17552375355582264,-0.3086748916977343,0.008188049560913064
-0.2671133351306222,0.10833649722126672,-0.504310584049183,-0.3467274130612823,-0.06370885702474921,0.3282227426216498,-0.6763088115573223,0.702944866866732,-0.16158314978334604,0.33589944767593066,-0.3358994476759308,2.192362108070477,2.126548153991041,-0.14437120511716264,-0.7115308500884661,1.073080585928759,-0.29040893477575785,-0.11047051363292415,2.1584431493642393,-1.1934162828797104,1.9493588689617927,0.0,0.39401215969403935,0.32028876738651874,0.11344461831626136,0.44488402614294204
-0.05261389682430254,-0.16002697496276524,0.4855023229038336,0.11319801792397204,-0.2606796309274576,-0.18262287325056908,2.640878327351141,-0.39184261551484617,2.4758445847156016,0.33589944767593066,-0.3358994476759308,2.192362108070477,2.126548153991041,-0.13338905013470487,-0.7115308500884661,-1.3319560580205219,-0.29040893477575785,-1.0353399300946147,-1.1312494186111204,0.8379305815963922,-0.5129891760425771,0.0,-0.15758954160813513,-0.2857043137652318,-0.3086748916977343,-0.21015993873010144
-0.3235605557375484,-0.15872406397171665,-0.14783317514654273,-0.285773440280104,-0.2606796309274576,-0.3741899792026512,1.005645230706124,-0.2458709511973024,0.1314643762720926,0.33589944767593066,-0.3358994476759308,2.192362108070477,1.1991619208756263,-0.16758378162704568,-0.7115308500884661,-0.7306968970332016,-0.29040893477575785,-0.11047051363292415,0.4959103461938961,0.8379305815963922,-0.5129891760425771,0.0,-0.21274971173835258,0.8711915684335647,-0.5197346467047322,-0.21015993873010144
-0.3649551841826276,-0.07179285213182834,-0.49616769907424974,-0.3725866742411761,-0.22532590227825353,-0.31033427721862383,1.005645230706124,-0.2896624504925655,0.4245119023275312,0.33589944767593066,-0.3358994476759308,-0.4561290291958711,0.2717756877602118,-0.1687561477485616,1.4054204394309369,-0.7306968970332016,-0.29040893477575785,-0.11047051363292415,0.17755300090595807,-1.1934162828797104,-0.5129891760425771,0.0,-0.21274971173835258,0.04483736686299575,-0.5197346467047322,-0.21015993873010144
-0.3310868518184719,-0.12050775436575682,-0.40116737436669325,-0.3245623320499447,-0.22280063594616753,-0.24647857523459646,1.005645230706124,-0.17288511903853054,0.7175594283829699,0.33589944767593066,-0.3358994476759308,-0.4561290291958711,0.2717756877602118,-0.1536269663362639,-0.7115308500884661,-0.7306968970332016,-0.29040893477575785,0.8143989028287663,-0.42378865130459153,0.8379305815963922,-0.5129891760425771,0.0,-0.10242937147791767,-1.7180515964875513,1.1687433933512505,0.008188049560913064
-0.21819241060461944,0.02471780323727527,-0.07183291538049758,-0.30239725103860715,-0.025829862043459138,-0.18262287325056908,0.3515519920481172,-0.114496453311513,0.4245119023275312,0.33589944767593066,-0.3358994476759308,-0.4561290291958711,0.2717756877602118,-0.13184263581857464,-0.7115308500884661,-1.3319560580205219,-0.29040893477575785,0.8143989028287663,0.7788946531165076,-1.1934162828797104,1.9493588689617927,0.0,-0.04726920134770022,0.9262818485382693,-0.3086748916977343,0.008188049560913064
-0.2357537681267743,-0.14234811678855627,-0.21297625494601005,-0.18972475589764126,-0.21522483694990951,-0.11876717126654172,-0.3959831378467478,0.41100153823164454,-0.16158314978334604,0.33589944767593066,-0.3358994476759308,-0.4561290291958711,0.2717756877602118,-0.16785806848664436,-0.7115308500884661,-0.7306968970332016,-0.29040893477575785,-0.11047051363292415,-0.8482651116885089,0.8379305815963922,-0.5129891760425771,0.0,0.007890968782517228,1.0364624087476786,-0.5197346467047322,0.22653603785192755
-0.3900428377857059,0.25122240257292655,-0.5953902604354754,-0.4021401155896262,-0.23542696760659754,-0.3741899792026512,-0.3025412466098897,-0.46482844767361803,-0.4546306758387847,0.33589944767593066,-0.3358994476759308,-0.4561290291958711,0.2717756877602118,-0.16714542259459672,-0.7115308500884661,-0.7306968970332016,-0.29040893477575785,-1.0353399300946147,-0.4945347280352444,-1.1934162828797104,-0.5129891760425771,0.0,-0.26790988186857,-1.22223907554521,-0.5197346467047322,-0.4285079270211159
-0.135403153714461,-0.10351170272720125,0.20683470376166802,-0.14170041370640987,-0.07886045501726524,-0.18262287325056908,0.024505372719113804,-0.026913454720986756,0.1314643762720926,0.33589944767593066,-0.3358994476759308,-0.4561290291958711,0.2717756877602118,-0.16801714123040504,-0.7115308500884661,-0.12943773604588138,-0.29040893477575785,-1.0353399300946147,0.4251642694632432,-1.1934162828797104,-0.5129891760425771,0.0,-0.04726920134770022,0.09992764696770035,-0.3086748916977343,0.008188049560913064
-0.3611920361421659,-0.15400980110807347,-0.40116737436669325,-0.343033232892726,-0.2581543645953716,-0.3741899792026512,0.3515519920481172,0.702944866866732,-0.16158314978334604,0.33589944767593066,-0.3358994476759308,-0.4561290291958711,0.2717756877602118,-0.16079682939110956,-0.7115308500884661,-0.7306968970332016,-0.29040893477575785,-0.11047051363292415,-0.28229649784328575,-1.1934162828797104,1.9493588689617927,0.0,-0.32307005199878747,-0.2857043137652318,0.11344461831626136,0.44488402614294204
-0.3762446283040129,-0.056793550904918985,-0.5835679978052016,-0.3836692147468449,-0.23290170127451154,-0.24647857523459646,-0.17172259887828822,-0.46482844767361803,-0.16158314978334604,0.33589944767593066,-0.3358994476759308,-0.4561290291958711,0.2717756877602118,-0.15413349940175317,-0.7115308500884661,-0.7306968970332016,-0.29040893477575785,-0.11047051363292415,0.3190451543672639,0.8379305815963922,1.9493588689617927,0.0,-0.32307005199878747,0.5406498878053371,-0.5197346467047322,-0.4285079270211159
6.332833680326005,-0.0015597665759416964,2.190662477318595,3.702094051676378,7.687621401976557,2.435460908094553,-0.7478813239940646,0.11905820959655697,0.7175594283829699,0.33589944767593066,-0.3358994476759308,2.192362108070477,1.1991619208756263,-0.15523337380146957,-0.7115308500884661,-0.7306968970332016,-0.29040893477575785,-0.11047051363292415,0.885013768212487,0.8379305815963922,1.9493588689617927,0.0,1.828176583079693,-1.607871036278142,-0.5197346467047322,0.44488402614294204
-0.3837709243849364,-0.13937493095534606,-0.47716763413273844,-0.3781279444940105,-0.25562909826328556,-0.4380456811866785,1.005645230706124,-0.46482844767361803,-0.16158314978334604,0.33589944767593066,-0.3358994476759308,-0.4561290291958711,-0.6556105453552027,-0.1335449414235903,-0.7115308500884661,-1.3319560580205219,-0.29040893477575785,0.8143989028287663,0.3190451543672639,-1.1934162828797104,-0.5129891760425771,0.0,-0.32307005199878747,-1.1120585153358007,-0.5197346467047322,-0.4285079270211159
-0.37749901098416677,-0.16042508665447452,-0.4138340843277008,-0.36335122381978546,-0.2632048972595436,-0.4380456811866785,1.005645230706124,0.11905820959655697,-0.16158314978334604,0.33589944767593066,-0.3358994476759308,2.192362108070477,1.1991619208756263,-0.15559992285244945,-0.7115308500884661,-0.7306968970332016,-0.29040893477575785,-0.11047051363292415,-0.14080434438197995,-1.1934162828797104,-0.5129891760425771,0.0,-0.26790988186857,0.8711915684335647,-0.5197346467047322,0.008188049560913064
-0.3724814802635511,-0.12300258763380169,-0.5341678289572723,-0.3688924940726198,-0.24552803293494158,-0.31033427721862383,1.4962151596996294,0.2650298739141008,0.7175594283829699,0.33589944767593066,-0.3358994476759308,2.192362108070477,2.126548153991041,-0.07153815865891597,-0.7115308500884661,1.073080585928759,-0.29040893477575785,-1.0353399300946147,-0.777519034957856,-1.1934162828797104,-0.5129891760425771,0.0,-0.15758954160813513,0.8711915684335647,-0.5197346467047322,0.6632320144339565
-0.40509542994755293,-0.16042508665447452,-0.6925017034698664,-0.4039872056739043,-0.2632048972595436,-0.4380456811866785,0.024505372719113804,-0.46482844767361803,-0.4546306758387847,0.33589944767593066,-0.3358994476759308,-0.4561290291958711,0.2717756877602118,-0.15380353708183822,-0.7115308500884661,-0.7306968970332016,-0.29040893477575785,-1.0353399300946147,-1.73259107082167,-1.1934162828797104,-0.5129891760425771,0.0,-0.26790988186857,0.04483736686299575,-0.5197346467047322,-0.4285079270211159
-0.4013322819070912,-0.16042508665447452,-0.6545015735868438,-0.39844593542106993,-0.2632048972595436,-0.4380456811866785,0.024505372719113804,-0.46482844767361803,-0.4546306758387847,0.33589944767593066,-0.3358994476759308,-0.4561290291958711,0.2717756877602118,-0.16338107973688956,-0.7115308500884661,-0.12943773604588138,-0.29040893477575785,-1.0353399300946147,-1.3788606871684057,-1.1934162828797104,-0.5129891760425771,0.0,-0.32307005199878747,-0.23061403366052724,-0.5197346467047322,-0.4285079270211159
-0.3762446283040129,-0.15066269560560336,-0.5835679978052016,-0.3651983139040636,-0.2581543645953716,-0.24647857523459646,-0.5641785420730924,-0.026913454720986756,-0.4546306758387847,0.33589944767593066,-0.3358994476759308,-0.4561290291958711,0.2717756877602118,-0.16206373017177467,-0.7115308500884661,-0.12943773604588138,-0.29040893477575785,-1.0353399300946147,-0.14080434438197995,-1.1934162828797104,-0.5129891760425771,0.0,-0.10242937147791767,-1.1120585153358007,-0.5197346467047322,-0.21015993873010144
-0.39129722046585985,-0.06419580345845868,-0.6443682056180379,-0.39475175525251366,-0.24805329926702757,-0.24647857523459646,-0.17172259887828822,-0.46482844767361803,-0.16158314978334604,0.33589944767593066,-0.3358994476759308,-0.4561290291958711,-0.6556105453552027,-0.16985965809670683,1.4054204394309369,-0.12943773604588138,-0.29040893477575785,-1.0353399300946147,-0.459161689669918,-1.1934162828797104,1.9493588689617927,0.0,-0.10242937147791767,-0.6162459943934594,-0.5197346467047322,-0.4285079270211159
-0.3386131478993954,-0.05216714305895669,-0.021166075536467464,-0.3559628634826729,-0.19502270629322147,-0.4380456811866785,0.024505372719113804,-0.46482844767361803,-0.4546306758387847,0.33589944767593066,-0.3358994476759308,-0.4561290291958711,-0.6556105453552027,-0.16983784240613395,1.4054204394309369,-0.12943773604588138,-0.29040893477575785,-0.11047051363292415,0.24829907763661097,-1.1934162828797104,1.9493588689617927,0.0,-0.26790988186857,0.15501792707240494,-0.5197346467047322,-0.4285079270211159
-0.403841047267399,-0.10429133812346528,-0.6798349935088589,-0.4039872056739043,-0.2606796309274576,-0.4380456811866785,0.024505372719113804,-0.46482844767361803,-0.4546306758387847,0.33589944767593066,-0.3358994476759308,-0.4561290291958711,-0.6556105453552027,-0.16988829119058377,1.4054204394309369,-0.12943773604588138,-0.29040893477575785,-1.0353399300946147,-1.6972180324563437,-1.1934162828797104,1.9493588689617927,0.0,-0.26790988186857,-0.946787675021687,-0.5197346467047322,-0.4285079270211159
-0.19686790504200288,-0.14610909709623054,0.3525018683132546,-0.13246496328501922,-0.21522483694990951,-0.31033427721862383,-0.4660645562743914,-0.46482844767361803,-0.4546306758387847,0.33589944767593066,-0.3358994476759308,-0.4561290291958711,0.2717756877602118,-0.16961445882453863,1.4054204394309369,-0.12943773604588138,-0.29040893477575785,-0.11047051363292415,-0.3530425745739386,0.8379305815963922,-0.5129891760425771,0.0,-0.15758954160813513,0.15501792707240494,-0.5197346467047322,-0.4285079270211159
-0.3988235165467834,-0.07622446385796065,-0.6545015735868438,-0.40029302550534807,-0.25562909826328556,-0.3741899792026512,-0.3025412466098897,-0.46482844767361803,-0.4546306758387847,0.33589944767593066,-0.3358994476759308,-0.4561290291958711,-0.6556105453552027,-0.1698991990358702,1.4054204394309369,-0.12943773604588138,-0.29040893477575785,-0.11047051363292415,-1.2019954953417733,-1.1934162828797104,1.9493588689617927,0.0,-0.21274971173835258,-1.1120585153358007,-0.5197346467047322,-0.4285079270211159
-0.3787533936643207,0.05007647033681014,-0.5937013657740077,-0.3929046651682355,-0.22532590227825353,-0.24647857523459646,-0.5641785420730924,-0.46482844767361803,-0.4546306758387847,0.33589944767593066,-0.3358994476759308,-0.4561290291958711,0.2717756877602118,-0.16939516568492577,1.4054204394309369,-0.12943773604588138,-0.29040893477575785,-1.0353399300946147,-0.1761773827473064,-1.1934162828797104,-0.5129891760425771,0.0,-0.10242937147791767,-1.1120585153358007,-0.5197346467047322,-0.4285079270211159
-0.38878845510555204,-0.10429133812346528,-0.5278344739767685,-0.38921048499967925,-0.25057856559911357,-0.4380456811866785,0.024505372719113804,-0.026913454720986756,-0.4546306758387847,0.33589944767593066,-0.3358994476759308,-0.4561290291958711,0.2717756877602118,-0.16889408654207977,1.4054204394309369,-0.12943773604588138,-0.29040893477575785,-0.11047051363292415,-0.9897572651498147,-1.1934162828797104,-0.5129891760425771,0.0,-0.26790988186857,0.2651984872818141,-0.5197346467047322,-0.21015993873010144
-0.1818153128801559,-0.1552033426050783,0.20176801977726494,-0.08998189134662224,-0.24300276660285555,-0.24647857523459646,0.6131892875113202,-0.114496453311513,0.4245119023275312,0.33589944767593066,-0.3358994476759308,-0.4561290291958711,0.2717756877602118,-0.16895862462669123,1.4054204394309369,-0.12943773604588138,-0.29040893477575785,2.664137735752147,0.03606084744465229,0.8379305815963922,-0.5129891760425771,0.0,-0.10242937147791767,0.5957401679100417,1.1687433933512505,0.008188049560913064
-0.30474481553523963,-0.15466777911283253,-0.19216666001006907,-0.26360835926876647,-0.25310383193119956,-0.31033427721862383,1.9867850886931349,0.03564582998653197,1.0106069544384086,0.33589944767593066,-0.3358994476759308,-0.4561290291958711,0.2717756877602118,-0.16878500808921532,1.4054204394309369,-0.12943773604588138,-0.29040893477575785,0.8143989028287663,-0.28229649784328575,0.8379305815963922,-0.5129891760425771,0.0,-0.15758954160813513,2.3586291312605887,1.1687433933512505,0.44488402614294204
0.10418393819493696,-0.12681634549578108,1.3569719682211516,0.17230490062087217,-0.025829862043459138,-0.24647857523459646,0.6131892875113202,-0.2896624504925655,0.4245119023275312,0.33589944767593066,-0.3358994476759308,-0.4561290291958711,0.2717756877602118,-0.1678133008716146,-0.7115308500884661,-0.12943773604588138,-0.29040893477575785,-1.0353399300946147,0.10680692417530518,-1.1934162828797104,-0.5129891760425771,0.0,-0.21274971173835258,0.8161012883288601,-0.5197346467047322,-0.21015993873010144
-0.37499024562385896,-0.11906337721057296,-0.38850066440568576,-0.3725866742411761,-0.24552803293494158,-0.4380456811866785,0.024505372719113804,0.8489165311842758,-0.4546306758387847,0.33589944767593066,-0.3358994476759308,-0.4561290291958711,0.2717756877602118,-0.16642823176701302,-0.7115308500884661,-0.12943773604588138,-0.29040893477575785,-0.11047051363292415,-0.21155042111263284,-1.1934162828797104,-0.5129891760425771,0.0,-0.26790988186857,-0.5611557142887548,-0.5197346467047322,0.22653603785192755
-0.18808722628092547,-0.04943335660452442,-0.07545197536935686,-0.24513745842598514,-0.043506726368061174,-0.11876717126654172,-0.11565746413617345,-0.2458709511973024,0.1314643762720926,0.33589944767593066,-0.3358994476759308,2.192362108070477,1.1991619208756263,-0.16841936802534266,1.4054204394309369,-0.12943773604588138,-0.29040893477575785,1.7392683192904568,0.38979123109791675,-1.1934162828797104,1.9493588689617927,0.0,0.007890968782517228,-0.8366071148122778,-0.5197346467047322,-0.21015993873010144
0.4980600997632666,-0.1055644746880861,5.383296841160077,0.4881573050324324,0.3352832234448396,-0.3741899792026512,-0.3025412466098897,-0.026913454720986756,-0.4546306758387847,0.33589944767593066,-0.3358994476759308,-0.4561290291958711,0.2717756877602118,-0.1618489819676978,-0.7115308500884661,-0.12943773604588138,-0.29040893477575785,-1.0353399300946147,0.46053730782856966,0.8379305815963922,-0.5129891760425771,0.0,-0.21274971173835258,-1.3875099158593238,-0.5197346467047322,-0.21015993873010144
-0.15421889391676974,-0.13850303101514544,0.022262644329844084,-0.09552316159945663,-0.17987110830070543,-0.11876717126654172,-0.11565746413617345,-0.2458709511973024,0.1314643762720926,0.33589944767593066,-0.3358994476759308,-0.4561290291958711,0.2717756877602118,-0.159514475829622,-0.7115308500884661,-0.12943773604588138,-0.29040893477575785,-1.0353399300946147,-0.5652808047658974,0.8379305815963922,-0.5129891760425771,0.0,-0.10242937147791767,0.3753790474912233,-0.5197346467047322,-0.21015993873010144
-0.14543821515569233,-0.08793741138608463,-0.3287861745895074,-0.1731009451391381,-0.056133058028491195,0.3282227426216498,-0.2558203009914606,-0.026913454720986756,0.7175594283829699,0.33589944767593066,-0.3358994476759308,-0.4561290291958711,0.2717756877602118,-0.16798555392842968,-0.7115308500884661,-0.12943773604588138,-0.29040893477575785,0.8143989028287663,1.0265059216737928,0.8379305815963922,-0.5129891760425771,0.0,0.39401215969403935,1.5873652097947244,-0.3086748916977343,0.22653603785192755
-0.3837709243849364,-0.03568342325223175,-0.5531678938987836,-0.3910575750839574,-0.23795223393868356,-0.3741899792026512,-0.3025412466098897,-0.46482844767361803,-0.4546306758387847,0.33589944767593066,-0.3358994476759308,-0.4561290291958711,0.2717756877602118,-0.1695821897822329,1.4054204394309369,-0.12943773604588138,-0.29040893477575785,-1.0353399300946147,-0.6713999198618766,-1.1934162828797104,-0.5129891760425771,0.0,-0.21274971173835258,-0.8366071148122778,-0.3086748916977343,-0.4285079270211159
4.939214522675004,0.15687772948083564,2.470085184565194,1.649976968043376,7.687621401976557,1.6053367823021971,-0.7257780480944823,0.23583554105059207,0.4245119023275312,0.33589944767593066,-0.3358994476759308,-0.4561290291958711,0.2717756877602118,-0.16820052937928337,-0.7115308500884661,-0.12943773604588138,-0.29040893477575785,-1.0353399300946147,0.9557598449431399,0.8379305815963922,1.9493588689617927,0.0,1.4972155622983885,-1.1120585153358007,-0.5197346467047322,0.44488402614294204
-0.21693802792446554,0.3367595431916074,-0.35740964904684913,-0.3559628634826729,0.049928127919121004,0.13665563666956773,-0.7782454201793492,0.41100153823164454,-0.4546306758387847,0.33589944767593066,-0.3358994476759308,-0.4561290291958711,0.2717756877602118,-0.16961809477296746,1.4054204394309369,-0.12943773604588138,-0.29040893477575785,-1.0353399300946147,0.2836721160019374,0.8379305815963922,-0.5129891760425771,0.0,0.228531649303387,0.8161012883288601,-0.5197346467047322,0.008188049560913064
1.5780835873757881,-0.15071629830182226,1.1165347827794814,2.2835288669507743,0.05497866058329302,0.8390683584938687,-0.5106618225465281,0.11905820959655697,0.7175594283829699,0.33589944767593066,-0.3358994476759308,2.192362108070477,1.1991619208756263,-0.16703929834983067,-0.7115308500884661,-0.12943773604588138,-0.29040893477575785,-0.11047051363292415,0.2836721160019374,0.8379305815963922,1.9493588689617927,0.0,0.835293520735779,-0.23061403366052724,-0.5197346467047322,0.44488402614294204
-0.344885061300165,-0.06478981137942173,-0.0844996253415051,-0.35780995356695106,-0.20512377162156548,-0.4380456811866785,1.005645230706124,-0.17288511903853054,-0.16158314978334604,0.33589944767593066,-0.3358994476759308,-0.4561290291958711,0.2717756877602118,-0.16862184490347226,1.4054204394309369,-0.12943773604588138,-0.29040893477575785,-1.0353399300946147,0.5312833845592225,-1.1934162828797104,-0.5129891760425771,0.0,-0.26790988186857,-0.06534319334641345,-0.5197346467047322,-0.21015993873010144
-0.35115697470093454,-0.15787355263033773,-0.3336115879079865,-0.32640942213422286,-0.2606796309274576,-0.3741899792026512,1.659738469364131,-0.114496453311513,0.4245119023275312,0.33589944767593066,-0.3358994476759308,-0.4561290291958711,0.2717756877602118,-0.16862116316314185,1.4054204394309369,-0.12943773604588138,-0.29040893477575785,0.8143989028287663,-0.3176695362086122,0.8379305815963922,-0.5129891760425771,0.0,-0.21274971173835258,0.9813721286429739,1.1687433933512505,0.008188049560913064
8.68667023580803,-0.07436428115810265,6.357983933287862,7.172776320034984,7.681282983483028,1.0944911664299783,-0.6547452981949703,0.06066954386953948,0.4245119023275312,0.33589944767593066,-0.3358994476759308,2.192362108070477,1.1991619208756263,-0.1691508753998648,1.4054204394309369,-0.12943773604588138,-0.29040893477575785,-0.11047051363292415,-0.459161689669918,0.8379305815963922,-0.5129891760425771,0.0,1.0559342012566488,-0.7264265546028686,-0.5197346467047322,0.22653603785192755
0.7978575603200525,-0.1568074444290604,0.8148367818900293,1.3119594826204783,-0.18744690729696345,0.45593414658970455,-0.0981371095292625,-0.1363922029591446,1.3036544804938472,0.33589944767593066,-0.3358994476759308,-0.4561290291958711,0.2717756877602118,-0.16699566696868492,-0.7115308500884661,-0.12943773604588138,-0.29040893477575785,-0.11047051363292415,-0.777519034957856,0.8379305815963922,1.9493588689617927,0.0,0.5043324999544743,0.04483736686299575,-0.5197346467047322,0.22653603785192755
4.096269361611573,0.6392928707544294,7.561610145139325,0.4087324314084728,7.687621401976557,0.13665563666956773,-0.5998563550908019,-0.46482844767361803,-0.16158314978334604,0.33589944767593066,-0.3358994476759308,-0.4561290291958711,0.2717756877602118,-0.16863866116495552,1.4054204394309369,-0.12943773604588138,-0.29040893477575785,-0.11047051363292415,-0.9190111884191617,0.8379305815963922,1.9493588689617927,0.0,-0.10242937147791767,-0.5060654341840503,-0.5197346467047322,-0.4285079270211159
-0.403841047267399,-0.10429133812346528,-0.6798349935088589,-0.4039872056739043,-0.2606796309274576,-0.4380456811866785,0.024505372719113804,-0.026913454720986756,-0.4546306758387847,0.33589944767593066,-0.3358994476759308,-0.4561290291958711,0.2717756877602118,-0.16966740732353325,1.4054204394309369,-0.12943773604588138,-0.29040893477575785,-0.11047051363292415,-1.6972180324563437,-1.1934162828797104,-0.5129891760425771,0.0,-0.32307005199878747,-0.6162459943934594,-0.3086748916977343,-0.21015993873010144
-0.35742888810170415,-0.09306458841726342,-0.5075677380391564,-0.3615041337355073,-0.22532590227825353,-0.24647857523459646,-0.17172259887828822,-0.17288511903853054,-0.16158314978334604,0.33589944767593066,-0.3358994476759308,2.192362108070477,1.1991619208756263,-0.1694031193221138,1.4054204394309369,-0.12943773604588138,-0.29040893477575785,0.8143989028287663,-0.2469234594779593,0.8379305815963922,-0.5129891760425771,0.0,-0.10242937147791767,0.21010820717710954,-0.5197346467047322,-0.21015993873010144
-0.3925516031460138,0.17637740453158093,-0.5658346038597911,-0.4021401155896262,-0.24047750027076956,-0.4380456811866785,0.024505372719113804,-0.026913454720986756,-0.4546306758387847,0.33589944767593066,-0.3358994476759308,-0.4561290291958711,0.2717756877602118,-0.16968240561080214,1.4054204394309369,-0.12943773604588138,-0.29040893477575785,-0.11047051363292415,-0.4945347280352444,-1.1934162828797104,-0.5129891760425771,0.0,-0.26790988186857,0.5406498878053371,-0.5197346467047322,-0.21015993873010144
-0.38251654170478244,-0.1323582123889699,-0.5447234205914453,-0.3781279444940105,-0.25310383193119956,-0.3741899792026512,1.005645230706124,-0.026913454720986756,0.1314643762720926,0.33589944767593066,-0.3358994476759308,-0.4561290291958711,0.2717756877602118,-0.16951515198307665,1.4054204394309369,-0.12943773604588138,-0.29040893477575785,0.8143989028287663,-0.8482651116885089,0.8379305815963922,-0.5129891760425771,0.0,-0.21274971173835258,0.705920728119451,-0.5197346467047322,0.008188049560913064
-0.3724814802635511,-0.15178912534201155,-0.3631672444836707,-0.3596570436512292,-0.2581543645953716,-0.4380456811866785,1.005645230706124,0.11905820959655697,-0.16158314978334604,0.33589944767593066,-0.3358994476759308,-0.4561290291958711,0.2717756877602118,-0.16944061504028596,1.4054204394309369,-0.12943773604588138,-0.29040893477575785,1.7392683192904568,-0.3176695362086122,-1.1934162828797104,-0.5129891760425771,0.0,-0.26790988186857,1.1466429689570876,-0.5197346467047322,0.008188049560913064
-0.3461394439803189,-0.05264828947493677,-0.2998336946786331,-0.3615041337355073,-0.20259850528947948,-0.3741899792026512,0.3515519920481172,-0.46482844767361803,-0.16158314978334604,0.33589944767593066,-0.3358994476759308,-0.4561290291958711,0.2717756877602118,-0.1692513184752108,1.4054204394309369,-0.12943773604588138,-0.29040893477575785,1.7392683192904568,0.07143388580997873,-1.1934162828797104,1.9493588689617927,0.0,-0.21274971173835258,-0.395884873974641,-0.5197346467047322,-0.4285079270211159
-0.30349043285508576,-0.15765304968998026,-0.2897003267098271,-0.25806708901593206,-0.2581543645953716,-0.24647857523459646,-0.17172259887828822,1.2868315241369073,-0.16158314978334604,0.33589944767593066,-0.3358994476759308,2.192362108070477,1.1991619208756263,-0.16841368685592262,1.4054204394309369,-0.12943773604588138,-0.29040893477575785,-0.11047051363292415,-0.4945347280352444,0.8379305815963922,-0.5129891760425771,0.0,-0.10242937147791767,0.8711915684335647,-0.09761513669073649,0.881580002724971
-0.3837709243849364,1.8603898604618583,-0.47716763413273844,-0.4058342957581824,-0.2177501032819955,-0.4380456811866785,0.024505372719113804,-0.026913454720986756,-0.4546306758387847,0.33589944767593066,-0.3358994476759308,-0.4561290291958711,0.2717756877602118,-0.16960491445991302,1.4054204394309369,-0.12943773604588138,-0.29040893477575785,-1.0353399300946147,-1.1312494186111204,-1.1934162828797104,1.9493588689617927,0.0,-0.32307005199878747,-1.6629613163828467,-0.3086748916977343,-0.21015993873010144
0.09414887675370563,-0.13451720271708562,0.41794653644512686,0.1926228915479316,-0.07380992235309324,0.008944232701513,-0.5205723261625587,0.702944866866732,-0.16158314978334604,0.33589944767593066,-0.3358994476759308,-0.4561290291958711,0.2717756877602118,-0.1688354568736651,1.4054204394309369,-0.12943773604588138,-0.29040893477575785,-1.0353399300946147,0.10680692417530518,0.8379305815963922,-0.5129891760425771,0.0,0.11821130904295213,0.15501792707240494,-0.3086748916977343,0.44488402614294204
-0.3135254942963171,-0.1075933233311717,-0.2365001448735954,-0.31347979154427597,-0.20259850528947948,-0.31033427721862383,0.024505372719113804,1.2868315241369073,-0.16158314978334604,0.33589944767593066,-0.3358994476759308,2.192362108070477,1.1991619208756263,-0.16957264541760728,1.4054204394309369,-0.12943773604588138,-0.29040893477575785,-1.0353399300946147,0.24829907763661097,0.8379305815963922,-0.5129891760425771,0.0,-0.15758954160813513,-0.01025291324170885,-0.5197346467047322,0.881580002724971
-0.4013322819070912,-0.08558008861312887,-0.6545015735868438,-0.4021401155896262,-0.2581543645953716,-0.4380456811866785,0.024505372719113804,-0.46482844767361803,-0.4546306758387847,0.33589944767593066,-0.3358994476759308,-0.4561290291958711,0.2717756877602118,-0.1679346506504263,-0.7115308500884661,-0.12943773604588138,-0.29040893477575785,-0.11047051363292415,-1.3788606871684057,-1.1934162828797104,1.9493588689617927,0.0,-0.32307005199878747,0.2651984872818141,-0.5197346467047322,-0.4285079270211159
-0.36620956686278155,-0.09627223119046395,-0.2998336946786331,-0.3688924940726198,-0.23290170127451154,-0.4380456811866785,0.024505372719113804,-0.026913454720986756,-0.4546306758387847,0.33589944767593066,-0.3358994476759308,-0.4561290291958711,0.2717756877602118,-0.16873342307088152,1.4054204394309369,-0.12943773604588138,-0.29040893477575785,0.8143989028287663,-0.3884156129392651,-1.1934162828797104,-0.5129891760425771,0.0,-0.26790988186857,0.9262818485382693,1.1687433933512505,-0.21015993873010144
-0.36620956686278155,0.0122941395947847,-0.43494526759604674,-0.3836692147468449,-0.2126995706178235,-0.3741899792026512,1.005645230706124,-0.026913454720986756,0.1314643762720926,0.33589944767593066,-0.3358994476759308,-0.4561290291958711,0.2717756877602118,-0.16919155257291216,1.4054204394309369,-0.12943773604588138,-0.29040893477575785,-0.11047051363292415,-0.1054313060166535,-1.1934162828797104,-0.5129891760425771,0.0,-0.21274971173835258,0.7610110082241555,-0.5197346467047322,0.008188049560913064
-0.40007789922693726,0.40091239865561795,-0.6418348636258363,-0.4058342957581824,-0.25057856559911357,-0.4380456811866785,0.024505372719113804,-0.026913454720986756,-0.4546306758387847,0.33589944767593066,-0.3358994476759308,-0.4561290291958711,0.2717756877602118,-0.16857685004166567,1.4054204394309369,-0.12943773604588138,-0.29040893477575785,0.8143989028287663,-1.5910989173603642,-1.1934162828797104,-0.5129891760425771,0.0,-0.26790988186857,-0.395884873974641,-0.5197346467047322,-0.21015993873010144
0.0025789411024697644,-0.13040005837044633,-0.4102150243388415,0.06886785590129692,-0.08896152034560927,1.222202570398033,-0.7463902299849657,0.19204404175532888,0.1314643762720926,0.33589944767593066,-0.3358994476759308,-0.4561290291958711,0.2717756877602118,-0.1684820881357397,1.4054204394309369,-0.12943773604588138,-0.29040893477575785,-0.11047051363292415,-0.21155042111263284,0.8379305815963922,-0.5129891760425771,0.0,1.1662545415170837,-1.1120585153358007,-0.5197346467047322,0.22653603785192755
-0.26335018709016045,-0.08825312425746262,0.25750154360569816,-0.2783850799429915,-0.14956791231567337,-0.3741899792026512,-0.3025412466098897,-0.46482844767361803,-0.4546306758387847,0.33589944767593066,-0.3358994476759308,-0.4561290291958711,0.2717756877602118,-0.16887295259183727,1.4054204394309369,-0.12943773604588138,-0.29040893477575785,-0.11047051363292415,0.03606084744465229,-1.1934162828797104,1.9493588689617927,0.0,-0.21274971173835258,-1.6629613163828467,-0.5197346467047322,-0.4285079270211159
1.060023540472221,-0.14340816288720007,1.4101721500573832,1.4689621397841193,0.12568611788170114,0.3282227426216498,1.005645230706124,-0.0561077875844955,3.3549871628819177,0.33589944767593066,-0.3358994476759308,-0.4561290291958711,0.2717756877602118,-0.16918723488415294,1.4054204394309369,-0.12943773604588138,-0.29040893477575785,-0.11047051363292415,-0.07005826765132706,0.8379305815963922,-0.5129891760425771,0.0,0.39401215969403935,-0.395884873974641,-0.5197346467047322,1.0999279910159854
0.05777177902924207,-0.1563483339678649,0.01585969204186219,0.2535768643291099,-0.23037643494242555,0.26436704063762245,-0.6547452981949703,1.8707181814070821,-0.16158314978334604,0.33589944767593066,-0.3358994476759308,-0.4561290291958711,0.2717756877602118,-0.16730767679323258,-0.7115308500884661,-0.12943773604588138,-0.29040893477575785,-0.11047051363292415,-0.21155042111263284,0.8379305815963922,-0.5129891760425771,0.0,0.2836918194336045,-1.22223907554521,-0.3086748916977343,1.318275979307
-0.35742888810170415,-0.16042508665447452,-0.21116672495158037,-0.3337977824713354,-0.2632048972595436,-0.4380456811866785,0.024505372719113804,-0.46482844767361803,-0.4546306758387847,0.33589944767593066,-0.3358994476759308,-0.4561290291958711,0.2717756877602118,-0.1688831786967933,1.4054204394309369,-0.12943773604588138,-0.29040893477575785,0.8143989028287663,-0.4945347280352444,-1.1934162828797104,-0.5129891760425771,0.0,-0.26790988186857,-0.5611557142887548,-0.5197346467047322,-0.4285079270211159
-0.358683270781858,-0.13145282934814717,-0.4645009241717309,-0.35042159322983857,-0.24300276660285555,-0.31033427721862383,0.024505372719113804,-0.46482844767361803,-0.16158314978334604,0.33589944767593066,-0.3358994476759308,-0.4561290291958711,0.2717756877602118,-0.1695115160346478,1.4054204394309369,-0.12943773604588138,-0.29040893477575785,0.8143989028287663,0.24829907763661097,-1.1934162828797104,-0.5129891760425771,0.0,-0.21274971173835258,-2.158773837325188,-0.5197346467047322,-0.4285079270211159
-0.30474481553523963,-0.11118495636411553,-0.518622321277854,-0.30239725103860715,-0.20007323895739348,0.13665563666956773,-0.4214672900022546,-0.026913454720986756,0.1314643762720926,0.33589944767593066,-0.3358994476759308,-0.4561290291958711,0.2717756877602118,-0.16919836997621618,1.4054204394309369,-0.12943773604588138,-0.29040893477575785,-0.11047051363292415,-0.03468522928600061,0.8379305815963922,-0.5129891760425771,0.0,0.228531649303387,-0.5611557142887548,-0.5197346467047322,0.008188049560913064
-0.40007789922693726,-0.10429133812346528,-0.6418348636258363,-0.40029302550534807,-0.2581543645953716,-0.4380456811866785,0.024505372719113804,-0.46482844767361803,-0.4546306758387847,0.33589944767593066,-0.3358994476759308,-0.4561290291958711,0.2717756877602118,-0.16925790863173804,1.4054204394309369,-0.12943773604588138,-0.29040893477575785,-1.0353399300946147,-1.5910989173603642,-1.1934162828797104,-0.5129891760425771,0.0,-0.26790988186857,0.705920728119451,-0.5197346467047322,-0.4285079270211159
-0.40509542994755293,-0.16042508665447452,-0.6925017034698664,-0.4039872056739043,-0.2632048972595436,-0.4380456811866785,0.024505372719113804,-0.46482844767361803,-0.4546306758387847,0.33589944767593066,-0.3358994476759308,-0.4561290291958711,0.2717756877602118,-0.16967899690915011,1.4054204394309369,-0.12943773604588138,-0.29040893477575785,0.8143989028287663,-1.73259107082167,-1.1934162828797104,-0.5129891760425771,0.0,-0.32307005199878747,-1.6629613163828467,-0.5197346467047322,-0.4285079270211159
-0.403841047267399,-0.10429133812346528,-0.6798349935088589,-0.4039872056739043,-0.2606796309274576,-0.4380456811866785,0.024505372719113804,-0.026913454720986756,-0.4546306758387847,0.33589944767593066,-0.3358994476759308,-0.4561290291958711,0.2717756877602118,-0.16966740732353325,1.4054204394309369,-0.12943773604588138,-0.29040893477575785,-0.11047051363292415,-1.6972180324563437,-1.1934162828797104,-0.5129891760425771,0.0,-0.32307005199878747,-0.6162459943934594,-0.3086748916977343,-0.21015993873010144
-0.1529645112366158,-0.0827734011865784,1.000615194651473,-0.186030575729085,-0.05360779169640519,-0.3741899792026512,-0.3025412466098897,0.41100153823164454,-0.4546306758387847,0.33589944767593066,-0.3358994476759308,-0.4561290291958711,0.2717756877602118,-0.16812190199451024,-0.7115308500884661,-0.12943773604588138,-0.29040893477575785,-0.11047051363292415,-0.2469234594779593,-1.1934162828797104,-0.5129891760425771,0.0,-0.32307005199878747,-0.5060654341840503,-0.5197346467047322,0.008188049560913064
-0.30474481553523963,-0.11118495636411553,-0.518622321277854,-0.30239725103860715,-0.20007323895739348,0.13665563666956773,-0.4214672900022546,-0.026913454720986756,0.1314643762720926,0.33589944767593066,-0.3358994476759308,-0.4561290291958711,0.2717756877602118,-0.16919836997621618,1.4054204394309369,-0.12943773604588138,-0.29040893477575785,-0.11047051363292415,-0.03468522928600061,0.8379305815963922,-0.5129891760425771,0.0,0.228531649303387,-0.5611557142887548,-0.5197346467047322,0.008188049560913064
-0.35742888810170415,-0.09306458841726342,-0.5075677380391564,-0.3615041337355073,-0.22532590227825353,-0.24647857523459646,-0.17172259887828822,-0.17288511903853054,-0.16158314978334604,0.33589944767593066,-0.3358994476759308,2.192362108070477,1.1991619208756263,-0.1694031193221138,1.4054204394309369,-0.12943773604588138,-0.29040893477575785,0.8143989028287663,-0.2469234594779593,0.8379305815963922,-0.5129891760425771,0.0,-0.10242937147791767,0.21010820717710954,-0.5197346467047322,-0.21015993873010144
-0.3536657400612424,-0.15200502437482313,-0.35050053452266317,-0.3337977824713354,-0.25562909826328556,-0.3741899792026512,0.3515519920481172,0.11905820959655697,-0.16158314978334604,0.33589944767593066,-0.3358994476759308,2.192362108070477,1.1991619208756263,-0.1695778720934737,1.4054204394309369,1.6743397469160795,3.4434202266268428,0.8143989028287663,0.10680692417530518,0.8379305815963922,-0.5129891760425771,0.0,-0.21274971173835258,0.2651984872818141,-0.5197346467047322,0.008188049560913064
-0.3875340724253981,-0.16042508665447452,-0.5785013138207986,-0.3781279444940105,-0.2632048972595436,-0.3741899792026512,-0.3025412466098897,-0.026913454720986756,-0.4546306758387847,0.33589944767593066,-0.3358994476759308,-0.4561290291958711,0.2717756877602118,-0.16617757857220164,-0.7115308500884661,1.6743397469160795,3.4434202266268428,0.8143989028287663,-1.2373685337070999,-1.1934162828797104,-0.5129891760425771,0.0,-0.32307005199878747,0.5957401679100417,-0.5197346467047322,-0.21015993873010144
-0.28592907533293094,-0.10515493425471156,0.5108357428258486,-0.2876205303643821,-0.18239637463279143,-0.4380456811866785,1.005645230706124,-0.46482844767361803,-0.16158314978334604,0.33589944767593066,-0.3358994476759308,-0.4561290291958711,0.2717756877602118,-0.16851617515225983,1.4054204394309369,1.6743397469160795,3.4434202266268428,0.8143989028287663,1.0972519984044458,-1.1934162828797104,-0.5129891760425771,0.0,-0.26790988186857,-0.12043347345111804,-0.3086748916977343,-0.4285079270211159
0.3036307843394096,-0.10820764616051244,0.4897245595575027,0.30714247677317563,0.19134304251593728,0.20051133865359508,0.18802868238361561,-0.2458709511973024,1.3036544804938472,0.33589944767593066,-0.3358994476759308,2.192362108070477,2.126548153991041,-0.1270122783308944,-0.7115308500884661,0.47182142494143886,-0.29040893477575785,0.8143989028287663,-0.5652808047658974,0.8379305815963922,-0.5129891760425771,0.0,0.11821130904295213,-0.2857043137652318,-0.3086748916977343,0.008188049560913064
-0.3900428377857059,-0.09805425495335313,-0.5953902604354754,-0.3910575750839574,-0.25057856559911357,-0.3741899792026512,0.3515519920481172,-0.46482844767361803,-0.16158314978334604,0.33589944767593066,-0.3358994476759308,-0.4561290291958711,0.2717756877602118,-0.1674878834872357,-0.7115308500884661,1.6743397469160795,3.4434202266268428,1.7392683192904568,-0.8482651116885089,-1.1934162828797104,-0.5129891760425771,0.0,-0.21274971173835258,0.3753790474912233,-0.5197346467047322,-0.4285079270211159
-0.22571870668554295,-0.14246228712455156,-0.24916685483460296,-0.17679512530769434,-0.2126995706178235,-0.054911469282514364,-0.4660645562743914,-0.46482844767361803,-0.16158314978334604,0.33589944767593066,-0.3358994476759308,-0.4561290291958711,0.2717756877602118,-0.16740971059601617,-0.7115308500884661,1.6743397469160795,3.4434202266268428,-1.0353399300946147,-0.7421459965925296,0.8379305815963922,-0.5129891760425771,0.0,0.06305113891273467,0.5406498878053371,-0.5197346467047322,-0.4285079270211159
-0.403841047267399,-0.10429133812346528,-0.6798349935088589,-0.4039872056739043,-0.2606796309274576,-0.4380456811866785,0.024505372719113804,-0.46482844767361803,-0.4546306758387847,0.33589944767593066,-0.3358994476759308,-0.4561290291958711,0.2717756877602118,-0.16825211439761717,-0.7115308500884661,1.6743397469160795,3.4434202266268428,0.8143989028287663,-1.6972180324563437,-1.1934162828797104,1.9493588689617927,0.0,-0.32307005199878747,-1.0018779551263917,-0.5197346467047322,-0.4285079270211159
-0.3611920361421659,-0.15051913103135525,-0.5227677899923655,-0.34488032297700416,-0.25562909826328556,-0.24647857523459646,2.9679249466801454,0.01289699918379787,2.1827970586601633,0.33589944767593066,-0.3358994476759308,2.192362108070477,1.1991619208756263,-0.1603857399718767,-0.7115308500884661,1.073080585928759,-0.29040893477575785,1.7392683192904568,0.2836721160019374,0.8379305815963922,1.9493588689617927,0.0,-0.26790988186857,0.3753790474912233,-0.3086748916977343,0.881580002724971
-0.40007789922693726,-0.13797158724207081,-0.6418348636258363,-0.39844593542106993,-0.2606796309274576,-0.4380456811866785,1.9867850886931349,-0.46482844767361803,0.1314643762720926,0.33589944767593066,-0.3358994476759308,-0.4561290291958711,0.2717756877602118,-0.16148311465704832,-0.7115308500884661,1.073080585928759,-0.29040893477575785,1.7392683192904568,-1.4496067638990584,-1.1934162828797104,-0.5129891760425771,0.0,-0.32307005199878747,0.04483736686299575,-0.3086748916977343,-0.4285079270211159
-0.4013322819070912,-0.1323582123889699,-0.6545015735868438,-0.40029302550534807,-0.2606796309274576,-0.4380456811866785,2.9679249466801454,-0.2896624504925655,0.4245119023275312,0.33589944767593066,-0.3358994476759308,-0.4561290291958711,0.2717756877602118,-0.1550847544094418,-0.7115308500884661,1.073080585928759,-0.29040893477575785,0.8143989028287663,-1.6264719557256908,-1.1934162828797104,-0.5129891760425771,0.0,-0.26790988186857,0.09992764696770035,-0.5197346467047322,-0.21015993873010144
-0.3724814802635511,-0.1562670312077331,-0.5683679458519927,-0.35780995356695106,-0.2606796309274576,-0.24647857523459646,-0.17172259887828822,-0.17288511903853054,-0.16158314978334604,0.33589944767593066,-0.3358994476759308,-0.4561290291958711,0.2717756877602118,-0.16563673124341544,-0.7115308500884661,1.073080585928759,-0.29040893477575785,-1.0353399300946147,-0.42378865130459153,-1.1934162828797104,1.9493588689617927,0.0,-0.10242937147791767,-0.8366071148122778,-0.5197346467047322,-0.21015993873010144
-0.05512266218461037,-0.15409421275999977,0.18150128383965297,0.08364457657552195,-0.22532590227825353,-0.054911469282514364,-0.711349520771144,0.41100153823164454,-0.4546306758387847,0.33589944767593066,-0.3358994476759308,-0.4561290291958711,0.2717756877602118,-0.16499066865697043,-0.7115308500884661,1.073080585928759,-0.29040893477575785,-1.0353399300946147,-0.5652808047658974,0.8379305815963922,-0.5129891760425771,0.0,0.06305113891273467,0.32028876738651874,-0.5197346467047322,0.008188049560913064
-0.2784027792520074,-0.14276503093685364,-0.274500274756618,-0.243290368341707,-0.22785116861033952,-0.18262287325056908,-0.6295878659388932,-0.026913454720986756,-0.4546306758387847,0.33589944767593066,-0.3358994476759308,-0.4561290291958711,0.2717756877602118,-0.16491067779153654,-0.7115308500884661,1.073080585928759,-0.29040893477575785,-0.11047051363292415,0.6374024996552019,0.8379305815963922,-0.5129891760425771,0.0,-0.04726920134770022,-0.8366071148122778,-0.5197346467047322,-0.21015993873010144
-0.403841047267399,-0.10429133812346528,-0.6798349935088589,-0.4039872056739043,-0.2606796309274576,-0.4380456811866785,0.024505372719113804,-0.46482844767361803,-0.4546306758387847,0.33589944767593066,-0.3358994476759308,2.192362108070477,1.1991619208756263,-0.15949561434714754,-0.7115308500884661,1.073080585928759,-0.29040893477575785,-1.0353399300946147,-1.6972180324563437,-1.1934162828797104,1.9493588689617927,0.0,-0.26790988186857,-1.607871036278142,-0.5197346467047322,-0.4285079270211159
-0.3549201227413963,-0.08408318865230194,-0.4455008592302196,-0.3615041337355073,-0.2202753696140815,-0.31033427721862383,0.024505372719113804,0.41100153823164454,-0.16158314978334604,0.33589944767593066,-0.3358994476759308,-0.4561290291958711,0.2717756877602118,-0.16222462088974973,-0.7115308500884661,1.073080585928759,-0.29040893477575785,-1.0353399300946147,-1.166622456976447,-1.1934162828797104,-0.5129891760425771,0.0,-0.15758954160813513,0.21010820717710954,0.9576836383442527,0.22653603785192755
-0.403841047267399,-0.10429133812346528,-0.6798349935088589,-0.4039872056739043,-0.2606796309274576,-0.4380456811866785,0.024505372719113804,0.41100153823164454,-0.4546306758387847,0.33589944767593066,-0.3358994476759308,2.192362108070477,2.126548153991041,-0.16832528785974707,1.4054204394309369,1.073080585928759,-0.29040893477575785,-1.0353399300946147,-1.6972180324563437,-1.1934162828797104,-0.5129891760425771,0.0,-0.26790988186857,-0.17552375355582264,-0.3086748916977343,0.008188049560913064
-0.3085079635757014,-0.15898575976906404,-0.04649949545848252,-0.26360835926876647,-0.2606796309274576,-0.3741899792026512,6.892484378628187,0.006772313967677166,2.7688921107710405,0.33589944767593066,-0.3358994476759308,2.192362108070477,2.126548153991041,-0.09084595380302886,-0.7115308500884661,-0.7306968970332016,-0.29040893477575785,-1.0353399300946147,0.6374024996552019,0.8379305815963922,-0.5129891760425771,0.0,-0.21274971173835258,-0.7815168347075732,-0.5197346467047322,1.0999279910159854
-0.28091154461231527,-0.1507676675523654,-0.07183291538049758,-0.2359020080045945,-0.24300276660285555,-0.31033427721862383,0.024505372719113804,0.11905820959655697,-0.16158314978334604,0.33589944767593066,-0.3358994476759308,-0.4561290291958711,0.2717756877602118,-0.16836573778601763,1.4054204394309369,1.073080585928759,-0.29040893477575785,0.8143989028287663,0.07143388580997873,-1.1934162828797104,-0.5129891760425771,0.0,-0.15758954160813513,0.705920728119451,-0.3086748916977343,0.008188049560913064
-0.3812621590246285,0.1202436560005717,-0.6207236803574905,-0.3965988453367918,-0.22532590227825353,-0.18262287325056908,5.257251281983169,0.3234185396411183,4.820224793159111,0.33589944767593066,-0.3358994476759308,2.192362108070477,3.0539343871064553,-0.1528531910612568,-0.7115308500884661,1.073080585928759,-0.29040893477575785,-0.11047051363292415,-0.9190111884191617,-1.1934162828797104,-0.5129891760425771,0.0,-0.10242937147791767,1.9729971705276566,0.7466238833372549,3.5017558622171454
-0.23073623740615862,-0.049738821945442206,1.0681709811101798,-0.27653798985871336,-0.08643625401352326,-0.4380456811866785,1.005645230706124,-0.46482844767361803,-0.16158314978334604,0.33589944767593066,-0.3358994476759308,-0.4561290291958711,0.2717756877602118,-0.16685681918805956,-0.7115308500884661,1.073080585928759,-0.29040893477575785,-0.11047051363292415,0.14217996254063162,-1.1934162828797104,1.9493588689617927,0.0,-0.32307005199878747,-1.2773293556499146,-0.3086748916977343,-0.4285079270211159
-0.3411219132597032,-0.15602243971086593,-0.5953902604354754,-0.31347979154427597,-0.2581543645953716,0.20051133865359508,2.8044016370156433,-0.20937803511791644,5.992414897380866,0.33589944767593066,-0.3358994476759308,2.192362108070477,3.0539343871064553,-0.041187988136493034,-0.7115308500884661,-0.12943773604588138,-0.29040893477575785,-0.11047051363292415,0.07143388580997873,-1.1934162828797104,-0.5129891760425771,0.0,0.2836918194336045,-1.7180515964875513,0.11344461831626136,1.0999279910159854
-0.13414877103430708,-0.15885856343965565,1.1272822942615481,-0.010557017722662664,-0.25562909826328556,-0.3741899792026512,-0.3025412466098897,-0.46482844767361803,-0.4546306758387847,0.33589944767593066,-0.3358994476759308,-0.4561290291958711,-0.6556105453552027,-0.04552340214430088,-0.7115308500884661,-0.7306968970332016,-0.29040893477575785,-1.0353399300946147,0.17755300090595807,-1.1934162828797104,-0.5129891760425771,0.0,-0.32307005199878747,0.2651984872818141,-0.3086748916977343,-0.4285079270211159
0.11045585159570655,-0.15380418298158624,0.09770612563606475,0.31268374702601004,-0.20512377162156548,0.26436704063762245,0.7037560436331979,-0.09989928687975862,2.4758445847156016,0.33589944767593066,-0.3358994476759308,-0.4561290291958711,0.2717756877602118,0.04431383888162784,-0.7115308500884661,1.073080585928759,-0.29040893477575785,-1.0353399300946147,0.24829907763661097,0.8379305815963922,-0.5129891760425771,0.0,0.2836918194336045,-0.7815168347075732,-0.3086748916977343,0.6632320144339565
-0.3712270975833972,-0.131137913507861,-0.35050053452266317,-0.3651983139040636,-0.24805329926702757,-0.4380456811866785,2.9679249466801454,-0.46482844767361803,0.4245119023275312,0.33589944767593066,-0.3358994476759308,-0.4561290291958711,-0.6556105453552027,-0.16762991272273628,-0.7115308500884661,-0.7306968970332016,-0.29040893477575785,-0.11047051363292415,-0.03468522928600061,-1.1934162828797104,-0.5129891760425771,0.0,-0.32307005199878747,-0.34079459386993644,-0.3086748916977343,-0.4285079270211159
-0.27338524853139173,-0.1571866011623009,-0.46104636690963796,-0.21558401707753508,-0.25562909826328556,0.13665563666956773,-0.5998563550908019,1.2868315241369073,-0.16158314978334604,0.33589944767593066,-0.3358994476759308,2.192362108070477,1.1991619208756263,-0.157176788236671,-0.7115308500884661,-1.3319560580205219,-0.29040893477575785,-1.0353399300946147,0.14217996254063162,0.8379305815963922,-0.5129891760425771,0.0,0.228531649303387,0.15501792707240494,-0.5197346467047322,0.881580002724971
-0.3938059858261677,-0.16042508665447452,-0.6207236803574905,-0.3873633949154011,-0.2632048972595436,-0.3741899792026512,-0.3025412466098897,-0.46482844767361803,-0.4546306758387847,0.33589944767593066,-0.3358994476759308,-0.4561290291958711,0.2717756877602118,-0.14869775650067527,-0.7115308500884661,-1.3319560580205219,-0.29040893477575785,0.8143989028287663,-1.414233725533732,-1.1934162828797104,-0.5129891760425771,0.0,-0.26790988186857,-0.5611557142887548,0.3245043733232592,-0.4285079270211159
4.616198438708572,-0.12632821987099038,1.3235318539240917,5.266579353059954,2.092868590576699,2.627028014046635,-0.05398581591984699,-0.20937803511791644,5.992414897380866,0.33589944767593066,-0.3358994476759308,2.192362108070477,3.98132062022187,-0.094654837028989,-0.7115308500884661,0.47182142494143886,-0.29040893477575785,-0.11047051363292415,-1.095876380245794,0.8379305815963922,-0.5129891760425771,0.0,2.32461811425165,-0.2857043137652318,-0.5197346467047322,1.0999279910159854
3.257701996101882,-0.09382364892084523,0.3672796966010968,2.979881828723629,2.4842848720500297,3.840286351743155,-0.3025412466098897,-0.35534969943546024,5.992414897380866,0.33589944767593066,-0.3358994476759308,-0.4561290291958711,0.2717756877602118,-0.164480954136606,-0.7115308500884661,-1.3319560580205219,-0.29040893477575785,-0.11047051363292415,0.2836721160019374,0.8379305815963922,1.9493588689617927,0.0,2.8762198155538248,-1.1671487954405053,0.3245043733232592,0.22653603785192755
-0.3862796897452442,-0.09918827007519171,-0.5025010540547535,-0.3873633949154011,-0.24805329926702757,-0.4380456811866785,0.024505372719113804,-0.46482844767361803,-0.4546306758387847,0.33589944767593066,-0.3358994476759308,-0.4561290291958711,-0.6556105453552027,-0.16961514056486904,1.4054204394309369,-0.7306968970332016,-0.29040893477575785,-1.0353399300946147,0.5312833845592225,-1.1934162828797104,-0.5129891760425771,0.0,-0.32307005199878747,0.2651984872818141,-0.5197346467047322,-0.4285079270211159
0.02264906398493242,-0.15842625881360772,0.08247064232632137,0.21478797255926918,-0.24805329926702757,0.13665563666956773,-0.4214672900022546,-0.026913454720986756,0.1314643762720926,0.33589944767593066,-0.3358994476759308,-0.4561290291958711,0.2717756877602118,-0.15270752587732742,-0.7115308500884661,-0.7306968970332016,-0.29040893477575785,1.7392683192904568,-0.3530425745739386,0.8379305815963922,-0.5129891760425771,0.0,0.228531649303387,-0.671336274498164,-0.5197346467047322,0.008188049560913064
-0.36871833222308936,-0.12137552245898983,-0.5785013138207986,-0.3651983139040636,-0.24300276660285555,-0.18262287325056908,0.024505372719113804,0.41100153823164454,0.1314643762720926,0.33589944767593066,-0.3358994476759308,-0.4561290291958711,0.2717756877602118,-0.16386852407312752,-0.7115308500884661,-1.3319560580205219,-0.29040893477575785,-0.11047051363292415,-0.7421459965925296,-1.1934162828797104,-0.5129891760425771,0.0,-0.04726920134770022,-0.34079459386993644,-0.5197346467047322,0.44488402614294204
-0.3335956171787797,-0.051899839494523314,-0.21538896160524956,-0.35226868331411665,-0.18997217362904945,-0.3741899792026512,-0.3025412466098897,-0.46482844767361803,-0.4546306758387847,0.33589944767593066,-0.3358994476759308,-0.4561290291958711,-0.6556105453552027,-0.16944197852094675,1.4054204394309369,-0.7306968970332016,-0.29040893477575785,-0.11047051363292415,0.38979123109791675,-1.1934162828797104,1.9493588689617927,0.0,-0.21274971173835258,0.43046932759592793,-0.5197346467047322,-0.4285079270211159
-0.39129722046585985,-0.16042508665447452,-0.5531678938987836,-0.3836692147468449,-0.2632048972595436,-0.4380456811866785,0.024505372719113804,0.41100153823164454,-0.4546306758387847,0.33589944767593066,-0.3358994476759308,2.192362108070477,1.1991619208756263,-0.1513147303823146,-0.7115308500884661,-1.3319560580205219,-0.29040893477575785,0.8143989028287663,-1.3434876488030791,-1.1934162828797104,-0.5129891760425771,0.0,-0.26790988186857,0.15501792707240494,-0.3086748916977343,0.008188049560913064
-0.11407864815184443,-0.15593438677199378,1.262393867178962,0.007913883120118634,-0.24047750027076956,-0.3741899792026512,0.3515519920481172,-0.46482844767361803,-0.16158314978334604,0.33589944767593066,-0.3358994476759308,-0.4561290291958711,-0.6556105453552027,-0.16907906541839568,1.4054204394309369,-0.7306968970332016,-0.29040893477575785,-1.0353399300946147,0.17755300090595807,-1.1934162828797104,-0.5129891760425771,0.0,-0.32307005199878747,-0.5060654341840503,-0.5197346467047322,-0.4285079270211159
-0.12662247495338358,-0.1437288947837128,0.42470211509099753,-0.04749881940822526,-0.18997217362904945,-0.24647857523459646,0.22073334431651584,0.41100153823164454,0.1314643762720926,0.33589944767593066,-0.3358994476759308,2.192362108070477,1.1991619208756263,-0.1015399598725031,-0.7115308500884661,1.073080585928759,-0.29040893477575785,-0.11047051363292415,0.566656422924549,0.8379305815963922,-0.5129891760425771,0.0,-0.10242937147791767,0.5957401679100417,-0.5197346467047322,0.44488402614294204
-0.2457888295680056,-0.16042508665447452,-0.0566328634272885,-0.16940676497058182,-0.2632048972595436,-0.24647857523459646,0.6131892875113202,0.41100153823164454,0.4245119023275312,0.33589944767593066,-0.3358994476759308,2.192362108070477,3.98132062022187,-0.14503726541996614,-0.7115308500884661,-1.3319560580205219,-0.29040893477575785,-0.11047051363292415,0.0006878090793258368,0.8379305815963922,-0.5129891760425771,0.0,-0.10242937147791767,-0.12043347345111804,-0.5197346467047322,0.6632320144339565
-0.037561304662455545,0.0010174297818165384,0.5361691627478637,-0.18418348564480685,0.17619144452342125,-0.18262287325056908,-0.3025412466098897,0.11905820959655697,-0.16158314978334604,0.33589944767593066,-0.3358994476759308,2.192362108070477,1.1991619208756263,-0.16595828543258873,-0.7115308500884661,-0.7306968970332016,-0.29040893477575785,-0.11047051363292415,-0.1054313060166535,0.8379305815963922,-0.5129891760425771,0.0,-0.04726920134770022,-0.671336274498164,-0.3086748916977343,0.008188049560913064
1.4150138389557791,-0.1554210716883745,1.7471066350201832,2.1616209213884177,-0.10663838467021129,0.3920784446056772,0.22073334431651584,-0.46482844767361803,1.8897495326047244,0.33589944767593066,-0.3358994476759308,-0.4561290291958711,0.2717756877602118,-0.16736267051321838,-0.7115308500884661,-0.7306968970332016,-0.29040893477575785,-0.11047051363292415,-0.9543842267844882,0.8379305815963922,1.9493588689617927,0.0,0.4491723298242568,0.7610110082241555,-0.5197346467047322,-0.4285079270211159
-0.15547327659692364,-0.0492691489693077,-0.43850083530439965,-0.22112528733036946,-0.010678264050943109,0.6475012525417867,-0.8533566054797902,-0.46482844767361803,-0.4546306758387847,-2.9770814061140713,2.9770814061140713,-0.4561290291958711,-1.5829967784706171,-0.16692090277911742,-0.7115308500884661,-1.3319560580205219,-0.29040893477575785,-0.11047051363292415,-0.3530425745739386,0.8379305815963922,1.9493588689617927,0.0,0.5594926700846917,-1.4426001959640284,-0.5197346467047322,-0.4285079270211159
-0.2457888295680056,-0.16042508665447452,-0.0566328634272885,-0.16940676497058182,-0.2632048972595436,-0.24647857523459646,0.6131892875113202,0.41100153823164454,0.4245119023275312,0.33589944767593066,-0.3358994476759308,2.192362108070477,3.98132062022187,-0.14503726541996614,-0.7115308500884661,-1.3319560580205219,-0.29040893477575785,-0.11047051363292415,0.0006878090793258368,0.8379305815963922,-0.5129891760425771,0.0,-0.10242937147791767,-0.12043347345111804,-0.5197346467047322,0.6632320144339565
-0.3335956171787797,-0.051899839494523314,-0.21538896160524956,-0.35226868331411665,-0.18997217362904945,-0.3741899792026512,-0.3025412466098897,-0.46482844767361803,-0.4546306758387847,0.33589944767593066,-0.3358994476759308,-0.4561290291958711,-0.6556105453552027,-0.16944197852094675,1.4054204394309369,-0.7306968970332016,-0.29040893477575785,-0.11047051363292415,0.38979123109791675,-1.1934162828797104,1.9493588689617927,0.0,-0.21274971173835258,0.43046932759592793,-0.5197346467047322,-0.4285079270211159
-0.3862796897452442,-0.09918827007519171,-0.5025010540547535,-0.3873633949154011,-0.24805329926702757,-0.4380456811866785,0.024505372719113804,-0.46482844767361803,-0.4546306758387847,0.33589944767593066,-0.3358994476759308,-0.4561290291958711,-0.6556105453552027,-0.16961514056486904,1.4054204394309369,-0.7306968970332016,-0.29040893477575785,-1.0353399300946147,0.5312833845592225,-1.1934162828797104,-0.5129891760425771,0.0,-0.32307005199878747,0.2651984872818141,-0.5197346467047322,-0.4285079270211159
-0.037561304662455545,0.0010174297818165384,0.5361691627478637,-0.18418348564480685,0.17619144452342125,-0.18262287325056908,-0.3025412466098897,0.11905820959655697,-0.16158314978334604,0.33589944767593066,-0.3358994476759308,2.192362108070477,1.1991619208756263,-0.16595828543258873,-0.7115308500884661,-0.7306968970332016,-0.29040893477575785,-0.11047051363292415,-0.1054313060166535,0.8379305815963922,-0.5129891760425771,0.0,-0.04726920134770022,-0.671336274498164,-0.3086748916977343,0.008188049560913064
3.36934205463558,-0.152863645873977,2.760904039535731,4.802959741906143,0.21659570583679733,0.8390683584938687,-0.4214672900022546,1.4119500935519447,1.0106069544384086,0.33589944767593066,-0.3358994476759308,-0.4561290291958711,0.2717756877602118,-0.16565695620655074,-0.7115308500884661,-0.7306968970332016,-0.29040893477575785,-0.11047051363292415,0.10680692417530518,-1.1934162828797104,-0.5129891760425771,0.0,0.39401215969403935,0.43046932759592793,-0.5197346467047322,2.8467118973441012
-0.3536657400612424,-0.16042508665447452,-0.17316659506855778,-0.328256512218501,-0.2632048972595436,-0.4380456811866785,0.024505372719113804,-0.46482844767361803,-0.4546306758387847,0.33589944767593066,-0.3358994476759308,-0.4561290291958711,-0.6556105453552027,-0.1696001422776002,1.4054204394309369,-0.7306968970332016,-0.29040893477575785,-1.0353399300946147,-0.5652808047658974,0.8379305815963922,-0.5129891760425771,0.0,-0.26790988186857,1.807726330213543,-0.3086748916977343,-0.4285079270211159
-0.1529645112366158,-0.14815541484441785,0.14772339061029952,-0.06966390041956282,-0.2126995706178235,-0.18262287325056908,0.024505372719113804,0.19204404175532888,0.1314643762720926,0.33589944767593066,-0.3358994476759308,-0.4561290291958711,0.2717756877602118,-0.1667915993631177,-0.7115308500884661,-0.7306968970332016,-0.29040893477575785,-0.11047051363292415,0.0006878090793258368,0.8379305815963922,-0.5129891760425771,0.0,-0.04726920134770022,0.4855596077006325,-0.5197346467047322,0.22653603785192755
-0.27463963121154567,-0.002229977157993915,0.18150128383965297,-0.32640942213422286,-0.10663838467021129,-0.3741899792026512,-0.3025412466098897,0.8489165311842758,-0.4546306758387847,0.33589944767593066,-0.3358994476759308,2.192362108070477,1.1991619208756263,-0.16891931093430465,1.4054204394309369,-0.7306968970332016,-0.29040893477575785,-1.0353399300946147,0.10680692417530518,-1.1934162828797104,1.9493588689617927,0.0,-0.21274971173835258,-1.497690476068733,-0.5197346467047322,0.22653603785192755
-0.344885061300165,0.23761422111086372,-0.4982788174010844,-0.3873633949154011,-0.1647195103081894,-0.18262287325056908,-0.6295878659388932,-0.026913454720986756,-0.4546306758387847,0.33589944767593066,-0.3358994476759308,-0.4561290291958711,-0.6556105453552027,-0.16899793831907778,1.4054204394309369,-0.7306968970332016,-0.29040893477575785,-1.0353399300946147,-0.1054313060166535,-1.1934162828797104,-0.5129891760425771,0.0,-0.04726920134770022,-1.4426001959640284,-0.5197346467047322,-0.21015993873010144
-0.37373586294370503,-0.09438538250034599,-0.3758339544446782,-0.37628085440973236,-0.23795223393868356,-0.4380456811866785,3.9490648046671555,-0.17288511903853054,0.7175594283829699,0.33589944767593066,-0.3358994476759308,-0.4561290291958711,0.2717756877602118,-0.1662496158004475,-0.7115308500884661,-0.7306968970332016,-0.29040893477575785,-0.11047051363292415,-0.9190111884191617,-1.1934162828797104,-0.5129891760425771,0.0,-0.26790988186857,0.5957401679100417,1.1687433933512505,0.008188049560913064
-0.14669259783584623,-0.14646750593865598,-0.12249975522452768,-0.06596972025100656,-0.20512377162156548,0.008944232701513,-0.08451016705722074,0.5861675354126971,0.4245119023275312,0.33589944767593066,-0.3358994476759308,-0.4561290291958711,0.2717756877602118,-0.16876432863252644,1.4054204394309369,-0.7306968970332016,-0.29040893477575785,-1.0353399300946147,0.9911328833084664,0.8379305815963922,1.9493588689617927,0.0,0.11821130904295213,0.5957401679100417,-0.09761513669073649,0.881580002724971
-0.3837709243849364,-0.13048708743793627,-0.5531678938987836,-0.37997503457828863,-0.25310383193119956,-0.3741899792026512,-0.3025412466098897,-0.026913454720986756,-0.4546306758387847,0.33589944767593066,-0.3358994476759308,2.192362108070477,1.1991619208756263,-0.1696035509792522,1.4054204394309369,-0.7306968970332016,-0.29040893477575785,0.8143989028287663,-0.6713999198618766,-1.1934162828797104,-0.5129891760425771,0.0,-0.26790988186857,0.21010820717710954,-0.09761513669073649,-0.21015993873010144
-0.3223061730573945,-0.1570230412889588,-0.1393887018392044,-0.285773440280104,-0.2581543645953716,-0.3741899792026512,-0.3025412466098897,-0.46482844767361803,-0.4546306758387847,0.33589944767593066,-0.3358994476759308,-0.4561290291958711,0.2717756877602118,-0.16944947766458118,1.4054204394309369,-0.7306968970332016,-0.29040893477575785,-0.11047051363292415,-0.03468522928600061,0.8379305815963922,-0.5129891760425771,0.0,-0.21274971173835258,0.43046932759592793,-0.5197346467047322,-0.4285079270211159
-0.4013322819070912,-0.08558008861312887,-0.6713905202015206,-0.4021401155896262,-0.2581543645953716,-0.3741899792026512,-0.3025412466098897,-0.46482844767361803,-0.4546306758387847,0.33589944767593066,-0.3358994476759308,-0.4561290291958711,-0.6556105453552027,-0.16948788236986054,1.4054204394309369,-0.7306968970332016,-0.29040893477575785,0.8143989028287663,-1.414233725533732,-1.1934162828797104,1.9493588689617927,0.0,-0.21274971173835258,-1.2773293556499146,-0.5197346467047322,-0.4285079270211159
0.02264906398493242,-0.15842625881360772,0.08247064232632137,0.21478797255926918,-0.24805329926702757,0.13665563666956773,-0.5998563550908019,0.11905820959655697,-0.16158314978334604,0.33589944767593066,-0.3358994476759308,-0.4561290291958711,-0.6556105453552027,-0.16639096329561767,-0.7115308500884661,-0.7306968970332016,-0.29040893477575785,0.8143989028287663,-0.3530425745739386,0.8379305815963922,-0.5129891760425771,0.0,0.228531649303387,0.21010820717710954,-0.09761513669073649,0.008188049560913064
-0.403841047267399,-0.10429133812346528,-0.6798349935088589,-0.4039872056739043,-0.2606796309274576,-0.4380456811866785,0.024505372719113804,-0.026913454720986756,-0.4546306758387847,0.33589944767593066,-0.3358994476759308,-0.4561290291958711,0.2717756877602118,-0.16961445882453863,1.4054204394309369,-0.7306968970332016,-0.29040893477575785,0.8143989028287663,-1.6972180324563437,-1.1934162828797104,-0.5129891760425771,0.0,-0.26790988186857,-0.395884873974641,-0.3086748916977343,-0.21015993873010144
-0.3248149384177023,-0.10429133812346528,-0.3758339544446782,-0.32640942213422286,-0.2076490379536515,-0.24647857523459646,0.22073334431651584,0.19204404175532888,0.1314643762720926,0.33589944767593066,-0.3358994476759308,2.192362108070477,1.1991619208756263,-0.16845027358698755,1.4054204394309369,-0.7306968970332016,-0.29040893477575785,-0.11047051363292415,-0.7421459965925296,-1.1934162828797104,-0.5129891760425771,0.0,-0.26790988186857,-0.395884873974641,-0.5197346467047322,0.22653603785192755
-0.35993765346201195,-0.05938433929865788,-0.4708342791522347,-0.37073958415689795,-0.2177501032819955,-0.31033427721862383,0.515075301712619,-0.2458709511973024,0.1314643762720926,0.33589944767593066,-0.3358994476759308,-0.4561290291958711,0.2717756877602118,-0.1684841333567309,1.4054204394309369,-0.7306968970332016,-0.29040893477575785,-1.0353399300946147,0.17755300090595807,-1.1934162828797104,-0.5129891760425771,0.0,-0.21274971173835258,1.7526360501088383,-0.3086748916977343,-0.21015993873010144
-0.3938059858261677,-0.11832477525621758,-0.6207236803574905,-0.3929046651682355,-0.25562909826328556,-0.3741899792026512,1.005645230706124,0.19204404175532888,0.1314643762720926,0.33589944767593066,-0.3358994476759308,2.192362108070477,1.1991619208756263,-0.16913837682714072,1.4054204394309369,-0.7306968970332016,-0.29040893477575785,0.8143989028287663,-0.8482651116885089,-1.1934162828797104,-0.5129891760425771,0.0,-0.32307005199878747,-1.3875099158593238,-0.5197346467047322,0.22653603785192755
-0.40007789922693726,-0.16042508665447452,-0.6418348636258363,-0.3965988453367918,-0.2632048972595436,-0.4380456811866785,0.024505372719113804,-0.46482844767361803,-0.4546306758387847,0.33589944767593066,-0.3358994476759308,-0.4561290291958711,0.2717756877602118,-0.16902407169840986,1.4054204394309369,-0.7306968970332016,-0.29040893477575785,0.8143989028287663,-1.5910989173603642,-1.1934162828797104,-0.5129891760425771,0.0,-0.26790988186857,-0.8916973949169824,-0.5197346467047322,-0.4285079270211159
-0.3837709243849364,-0.13048708743793627,-0.5531678938987836,-0.37997503457828863,-0.25310383193119956,-0.3741899792026512,0.3515519920481172,-0.46482844767361803,-0.16158314978334604,0.33589944767593066,-0.3358994476759308,-0.4561290291958711,0.2717756877602118,-0.16844504691112114,1.4054204394309369,-0.7306968970332016,-0.29040893477575785,0.8143989028287663,-0.6713999198618766,-1.1934162828797104,-0.5129891760425771,0.0,-0.26790988186857,0.9813721286429739,-0.5197346467047322,-0.4285079270211159
-0.36871833222308936,-0.05517430815883219,-0.5965966137650951,-0.3781279444940105,-0.22532590227825353,-0.11876717126654172,-0.3959831378467478,-0.46482844767361803,-0.16158314978334604,0.33589944767593066,-0.3358994476759308,-0.4561290291958711,0.2717756877602118,-0.16864070638594672,1.4054204394309369,-0.7306968970332016,-0.29040893477575785,-0.11047051363292415,0.7081485763858548,-1.1934162828797104,1.9493588689617927,0.0,0.007890968782517228,-1.497690476068733,-0.5197346467047322,-0.4285079270211159
-0.403841047267399,-0.10429133812346528,-0.6798349935088589,-0.4039872056739043,-0.2606796309274576,-0.4380456811866785,0.024505372719113804,-0.026913454720986756,-0.4546306758387847,0.33589944767593066,-0.3358994476759308,-0.4561290291958711,0.2717756877602118,-0.16961445882453863,1.4054204394309369,-0.7306968970332016,-0.29040893477575785,0.8143989028287663,-1.6972180324563437,-1.1934162828797104,-0.5129891760425771,0.0,-0.26790988186857,-0.395884873974641,-0.3086748916977343,-0.21015993873010144
-0.4013322819070912,-0.08558008861312887,-0.6545015735868438,-0.4021401155896262,-0.2581543645953716,-0.4380456811866785,0.024505372719113804,-0.46482844767361803,-0.4546306758387847,0.33589944767593066,-0.3358994476759308,-0.4561290291958711,-0.6556105453552027,-0.1673385823548775,-0.7115308500884661,-0.7306968970332016,-0.29040893477575785,-0.11047051363292415,-1.6264719557256908,-1.1934162828797104,-0.5129891760425771,0.0,-0.32307005199878747,0.43046932759592793,-0.3086748916977343,-0.4285079270211159
-0.3837709243849364,-0.13048708743793627,-0.5531678938987836,-0.37997503457828863,-0.25310383193119956,-0.3741899792026512,-0.3025412466098897,-0.026913454720986756,-0.4546306758387847,0.33589944767593066,-0.3358994476759308,2.192362108070477,1.1991619208756263,-0.1696035509792522,1.4054204394309369,-0.7306968970332016,-0.29040893477575785,0.8143989028287663,-0.6713999198618766,-1.1934162828797104,-0.5129891760425771,0.0,-0.26790988186857,0.21010820717710954,-0.09761513669073649,-0.21015993873010144
-0.37373586294370503,-0.09438538250034599,-0.3758339544446782,-0.37628085440973236,-0.23795223393868356,-0.4380456811866785,3.9490648046671555,-0.17288511903853054,0.7175594283829699,0.33589944767593066,-0.3358994476759308,-0.4561290291958711,0.2717756877602118,-0.1662496158004475,-0.7115308500884661,-0.7306968970332016,-0.29040893477575785,-0.11047051363292415,-0.9190111884191617,-1.1934162828797104,-0.5129891760425771,0.0,-0.26790988186857,0.5957401679100417,1.1687433933512505,0.008188049560913064
-0.2608414217298526,-0.050060428525710576,-0.11743307124012468,-0.29870307087005094,-0.11673944999855532,-0.24647857523459646,0.22073334431651584,-0.46482844767361803,0.1314643762720926,0.33589944767593066,-0.3358994476759308,-0.4561290291958711,0.2717756877602118,-0.1681843948581305,-0.7115308500884661,-0.7306968970332016,-0.29040893477575785,-1.0353399300946147,0.3544181927325903,-1.1934162828797104,1.9493588689617927,0.0,-0.10242937147791767,-1.0018779551263917,-0.5197346467047322,-0.4285079270211159
-0.27463963121154567,-0.002229977157993915,0.18150128383965297,-0.32640942213422286,-0.10663838467021129,-0.3741899792026512,-0.3025412466098897,0.8489165311842758,-0.4546306758387847,0.33589944767593066,-0.3358994476759308,2.192362108070477,1.1991619208756263,-0.16891931093430465,1.4054204394309369,-0.7306968970332016,-0.29040893477575785,-1.0353399300946147,0.10680692417530518,-1.1934162828797104,1.9493588689617927,0.0,-0.21274971173835258,-1.497690476068733,-0.5197346467047322,0.22653603785192755
-0.3724814802635511,-0.06312658920072516,-0.5911680237818062,-0.37997503457828863,-0.23037643494242555,-0.18262287325056908,-0.6295878659388932,-0.46482844767361803,-0.4546306758387847,0.33589944767593066,-0.3358994476759308,-0.4561290291958711,0.2717756877602118,-0.1696308205924683,1.4054204394309369,-0.7306968970332016,-0.29040893477575785,0.8143989028287663,0.03606084744465229,0.8379305815963922,-0.5129891760425771,0.0,-0.04726920134770022,-0.946787675021687,-0.5197346467047322,-0.4285079270211159
-0.3536657400612424,-0.16042508665447452,-0.17316659506855778,-0.328256512218501,-0.2632048972595436,-0.4380456811866785,0.024505372719113804,-0.46482844767361803,-0.4546306758387847,0.33589944767593066,-0.3358994476759308,-0.4561290291958711,-0.6556105453552027,-0.1696001422776002,1.4054204394309369,-0.7306968970332016,-0.29040893477575785,-1.0353399300946147,-0.5652808047658974,0.8379305815963922,-0.5129891760425771,0.0,-0.26790988186857,1.807726330213543,-0.3086748916977343,-0.4285079270211159
0.02264906398493242,-0.15842625881360772,0.08247064232632137,0.21478797255926918,-0.24805329926702757,0.13665563666956773,-0.5998563550908019,0.11905820959655697,-0.16158314978334604,0.33589944767593066,-0.3358994476759308,-0.4561290291958711,-0.6556105453552027,-0.16639096329561767,-0.7115308500884661,-0.7306968970332016,-0.29040893477575785,0.8143989028287663,-0.3530425745739386,0.8379305815963922,-0.5129891760425771,0.0,0.228531649303387,0.21010820717710954,-0.09761513669073649,0.008188049560913064
-0.403841047267399,-0.10429133812346528,-0.6798349935088589,-0.4039872056739043,-0.2606796309274576,-0.4380456811866785,0.024505372719113804,-0.46482844767361803,-0.4546306758387847,0.33589944767593066,-0.3358994476759308,-0.4561290291958711,0.2717756877602118,-0.1686313892680979,1.4054204394309369,-0.7306968970332016,-0.29040893477575785,-0.11047051363292415,-1.6972180324563437,-1.1934162828797104,-0.5129891760425771,0.0,-0.32307005199878747,-0.7264265546028686,-0.3086748916977343,-0.4285079270211159
-0.14669259783584623,-0.14646750593865598,-0.12249975522452768,-0.06596972025100656,-0.20512377162156548,0.008944232701513,-0.08451016705722074,0.5861675354126971,0.4245119023275312,0.33589944767593066,-0.3358994476759308,-0.4561290291958711,0.2717756877602118,-0.16876432863252644,1.4054204394309369,-0.7306968970332016,-0.29040893477575785,-1.0353399300946147,0.9911328833084664,0.8379305815963922,1.9493588689617927,0.0,0.11821130904295213,0.5957401679100417,-0.09761513669073649,0.881580002724971
-0.40007789922693726,-0.16042508665447452,-0.6418348636258363,-0.3965988453367918,-0.2632048972595436,-0.4380456811866785,0.024505372719113804,-0.46482844767361803,-0.4546306758387847,0.33589944767593066,-0.3358994476759308,-0.4561290291958711,0.2717756877602118,-0.16902407169840986,1.4054204394309369,-0.7306968970332016,-0.29040893477575785,0.8143989028287663,-1.5910989173603642,-1.1934162828797104,-0.5129891760425771,0.0,-0.26790988186857,-0.8916973949169824,-0.5197346467047322,-0.4285079270211159
-0.3223061730573945,-0.1570230412889588,-0.1393887018392044,-0.285773440280104,-0.2581543645953716,-0.3741899792026512,-0.3025412466098897,-0.46482844767361803,-0.4546306758387847,0.33589944767593066,-0.3358994476759308,-0.4561290291958711,0.2717756877602118,-0.16944947766458118,1.4054204394309369,-0.7306968970332016,-0.29040893477575785,-0.11047051363292415,-0.03468522928600061,0.8379305815963922,-0.5129891760425771,0.0,-0.21274971173835258,0.43046932759592793,-0.5197346467047322,-0.4285079270211159
-0.37749901098416677,-0.15554389113003894,-0.5109455273620919,-0.3651983139040636,-0.2606796309274576,-0.3741899792026512,-0.3025412466098897,-0.46482844767361803,-0.4546306758387847,0.33589944767593066,-0.3358994476759308,-0.4561290291958711,0.2717756877602118,-0.16934471690047595,1.4054204394309369,-0.7306968970332016,-0.29040893477575785,0.8143989028287663,-0.8128920733231825,0.8379305815963922,-0.5129891760425771,0.0,-0.21274971173835258,-1.1120585153358007,-0.5197346467047322,-0.4285079270211159
-0.4013322819070912,-0.08558008861312887,-0.6545015735868438,-0.4021401155896262,-0.2581543645953716,-0.4380456811866785,0.024505372719113804,-0.026913454720986756,-0.4546306758387847,0.33589944767593066,-0.3358994476759308,-0.4561290291958711,0.2717756877602118,-0.1692256395894323,1.4054204394309369,-0.7306968970332016,-0.29040893477575785,-0.11047051363292415,-1.555725878995038,0.8379305815963922,-0.5129891760425771,0.0,-0.32307005199878747,-1.2773293556499146,-0.5197346467047322,-0.21015993873010144
-0.3900428377857059,-0.010735090571783212,-0.5953902604354754,-0.3965988453367918,-0.24300276660285555,-0.3741899792026512,-0.3025412466098897,-0.46482844767361803,-0.4546306758387847,0.33589944767593066,-0.3358994476759308,-0.4561290291958711,-0.6556105453552027,-0.16946538493895724,1.4054204394309369,-0.7306968970332016,-0.29040893477575785,-0.11047051363292415,-0.8482651116885089,-1.1934162828797104,1.9493588689617927,0.0,-0.32307005199878747,-0.6162459943934594,-0.3086748916977343,-0.4285079270211159
-0.3812621590246285,-0.12534149382259374,-0.4518342142107234,-0.3781279444940105,-0.25057856559911357,-0.4380456811866785,0.024505372719113804,0.41100153823164454,-0.4546306758387847,0.33589944767593066,-0.3358994476759308,-0.4561290291958711,0.2717756877602118,-0.16946606667928765,1.4054204394309369,1.073080585928759,-0.29040893477575785,0.8143989028287663,-0.8482651116885089,-1.1934162828797104,-0.5129891760425771,0.0,-0.26790988186857,1.642455489899429,-0.3086748916977343,0.008188049560913064
0.0364472734666255,-0.08610716606412425,0.28846461239927207,-0.014251197891218923,0.09285765556458309,0.008944232701513,-0.5205723261625587,0.41100153823164454,-0.16158314978334604,0.33589944767593066,-0.3358994476759308,-0.4561290291958711,0.2717756877602118,-0.1676855881830525,-0.7115308500884661,1.073080585928759,-0.29040893477575785,-1.0353399300946147,0.4959103461938961,-1.1934162828797104,-0.5129891760425771,0.0,0.06305113891273467,0.32028876738651874,-0.3086748916977343,0.22653603785192755
-0.4013322819070912,-0.1323582123889699,-0.6545015735868438,-0.40029302550534807,-0.2606796309274576,-0.4380456811866785,1.005645230706124,-0.17288511903853054,-0.16158314978334604,0.33589944767593066,-0.3358994476759308,-0.4561290291958711,0.2717756877602118,-0.16851526616515264,1.4054204394309369,1.073080585928759,-0.29040893477575785,0.8143989028287663,-1.6618449940910172,-1.1934162828797104,-0.5129891760425771,0.0,-0.32307005199878747,0.2651984872818141,-0.5197346467047322,-0.21015993873010144
0.3487885608249506,-0.10173980409932849,0.3841686432157734,0.3237662875316788,0.2595252334822594,0.3282227426216498,-0.6763088115573223,0.11905820959655697,-0.16158314978334604,0.33589944767593066,-0.3358994476759308,-0.4561290291958711,0.2717756877602118,-0.1687063807044422,1.4054204394309369,1.073080585928759,-0.29040893477575785,-1.0353399300946147,0.14217996254063162,0.8379305815963922,-0.5129891760425771,0.0,0.39401215969403935,-0.671336274498164,-0.5197346467047322,0.008188049560913064
-0.38878845510555204,-0.08558008861312887,-0.5869457871281369,-0.3910575750839574,-0.24805329926702757,-0.3741899792026512,-0.3025412466098897,0.8489165311842758,-0.4546306758387847,0.33589944767593066,-0.3358994476759308,2.192362108070477,2.126548153991041,-0.16948879135696773,1.4054204394309369,1.073080585928759,-0.29040893477575785,1.7392683192904568,-0.9897572651498147,0.8379305815963922,-0.5129891760425771,0.0,-0.21274971173835258,0.5406498878053371,-0.5197346467047322,0.22653603785192755
0.2095520833278659,-0.08733819259396584,0.5387025047400653,0.1427514592724221,0.22669677116514134,0.07279993468554036,0.6131892875113202,-0.17288511903853054,1.5967020065492858,0.33589944767593066,-0.3358994476759308,-0.4561290291958711,0.2717756877602118,-0.16829256432388773,1.4054204394309369,1.073080585928759,-0.29040893477575785,-0.11047051363292415,0.2836721160019374,0.8379305815963922,-0.5129891760425771,0.0,0.17337147917316958,0.32028876738651874,-0.5197346467047322,0.22653603785192755
3.2413950212598808,-0.0990689000623666,1.1365712148996205,3.066695062684701,2.3327688921248693,1.9884709942063614,-0.41700756337504086,-0.17288511903853054,2.4758445847156016,0.33589944767593066,-0.3358994476759308,2.192362108070477,1.1991619208756263,-0.16232506396509572,-0.7115308500884661,1.073080585928759,-0.29040893477575785,-1.0353399300946147,-1.2019954953417733,0.8379305815963922,-0.5129891760425771,0.0,1.7730164129494757,-0.7815168347075732,-0.3086748916977343,0.44488402614294204
-0.3938059858261677,-0.06686883910279244,-0.6545015735868438,-0.3965988453367918,-0.25057856559911357,-0.24647857523459646,-0.5641785420730924,-0.46482844767361803,-0.4546306758387847,0.33589944767593066,-0.3358994476759308,2.192362108070477,2.126548153991041,-0.16878978027152813,1.4054204394309369,0.47182142494143886,-0.29040893477575785,-0.11047051363292415,-0.6713999198618766,-1.1934162828797104,1.9493588689617927,0.0,-0.10242937147791767,-1.8282321566969606,-0.5197346467047322,-0.4285079270211159
-0.3938059858261677,-0.16042508665447452,-0.5785013138207986,-0.3873633949154011,-0.2632048972595436,-0.4380456811866785,6.892484378628187,-0.07557067616016803,1.5967020065492858,0.33589944767593066,-0.3358994476759308,2.192362108070477,3.0539343871064553,-0.14404351526501574,-0.7115308500884661,0.47182142494143886,-0.29040893477575785,0.8143989028287663,-1.0251303035151411,-1.1934162828797104,-0.5129891760425771,0.0,-0.26790988186857,-0.23061403366052724,-0.3086748916977343,0.44488402614294204
-0.28216592729246914,-0.07221491039146,-0.3916673418959376,-0.3042443411228853,-0.15209317864775937,-0.054911469282514364,-0.22077959177763878,-0.026913454720986756,0.1314643762720926,0.33589944767593066,-0.3358994476759308,2.192362108070477,1.1991619208756263,-0.1658707954235204,-0.7115308500884661,1.073080585928759,-0.29040893477575785,-1.0353399300946147,-0.459161689669918,-1.1934162828797104,-0.5129891760425771,0.0,0.06305113891273467,1.0364624087476786,-0.5197346467047322,0.008188049560913064
0.10920146891555263,-0.12949069891911957,0.03854841427971089,0.18892871137937536,-0.03845619370388916,0.3282227426216498,-0.8164716484126094,1.2868315241369073,-0.4546306758387847,0.33589944767593066,-0.3358994476759308,2.192362108070477,2.126548153991041,-0.16930358523387498,1.4054204394309369,1.073080585928759,-0.29040893477575785,-0.11047051363292415,0.4959103461938961,0.8379305815963922,-0.5129891760425771,0.0,0.33885198956382195,-0.946787675021687,-0.5197346467047322,0.44488402614294204
-0.403841047267399,-0.10429133812346528,-0.6798349935088589,-0.4039872056739043,-0.2606796309274576,-0.4380456811866785,1.005645230706124,-0.46482844767361803,-0.16158314978334604,0.33589944767593066,-0.3358994476759308,-0.4561290291958711,0.2717756877602118,-0.15023053601019745,-0.7115308500884661,0.47182142494143886,-0.29040893477575785,0.8143989028287663,-1.6972180324563437,-1.1934162828797104,1.9493588689617927,0.0,-0.26790988186857,-0.6162459943934594,-0.5197346467047322,-0.4285079270211159
-0.06892087166630345,-0.1533531183356072,-0.2508557494960706,0.061479495564184396,-0.22280063594616753,0.3920784446056772,-0.8258158375362953,1.7247465170895384,-0.4546306758387847,0.33589944767593066,-0.3358994476759308,-0.4561290291958711,0.2717756877602118,-0.16941516340128424,1.4054204394309369,1.073080585928759,-0.29040893477575785,-1.0353399300946147,0.9911328833084664,0.8379305815963922,-0.5129891760425771,0.0,0.4491723298242568,0.32028876738651874,-0.5197346467047322,0.6632320144339565
-0.3724814802635511,-0.07622446385796065,-0.5341678289572723,-0.3781279444940105,-0.23290170127451154,-0.31033427721862383,-0.4660645562743914,0.8489165311842758,-0.4546306758387847,0.33589944767593066,-0.3358994476759308,-0.4561290291958711,0.2717756877602118,-0.16628370281696767,-0.7115308500884661,1.073080585928759,-0.29040893477575785,-0.11047051363292415,-0.42378865130459153,-1.1934162828797104,-0.5129891760425771,0.0,-0.15758954160813513,-2.4893155179534157,-0.5197346467047322,0.22653603785192755
-0.38000777634447463,-0.09627223119046395,-0.43916750424971585,-0.38182212466256676,-0.24300276660285555,-0.4380456811866785,1.9867850886931349,-0.2458709511973024,0.1314643762720926,0.33589944767593066,-0.3358994476759308,-0.4561290291958711,0.2717756877602118,-0.1681094034217862,-0.7115308500884661,1.073080585928759,-0.29040893477575785,-1.0353399300946147,-0.28229649784328575,-1.1934162828797104,-0.5129891760425771,0.0,-0.26790988186857,-0.23061403366052724,-0.5197346467047322,-0.21015993873010144
3.999042160072846,-0.15024746816887705,1.9116248443960928,5.541795775617396,0.47417287170956984,1.6053367823021971,-0.09092284586759333,0.08256529351717107,3.6480346889373565,0.33589944767593066,-0.3358994476759308,2.192362108070477,1.1991619208756263,-0.14969218839595608,-0.7115308500884661,0.47182142494143886,-0.29040893477575785,-1.0353399300946147,0.24829907763661097,0.8379305815963922,1.9493588689617927,0.0,0.9456138609962139,-0.6162459943934594,0.11344461831626136,1.7549719558890289
-0.3085079635757014,-0.10844939357020669,-0.30996706264743906,-0.30793852129144156,-0.20007323895739348,-0.24647857523459646,0.22073334431651584,-0.2458709511973024,0.1314643762720926,0.33589944767593066,-0.3358994476759308,-0.4561290291958711,0.2717756877602118,-0.16904247868733074,1.4054204394309369,1.073080585928759,-0.29040893477575785,0.8143989028287663,0.07143388580997873,0.8379305815963922,-0.5129891760425771,0.0,-0.10242937147791767,-2.4893155179534157,-0.5197346467047322,-0.21015993873010144
-0.29470975409400835,-0.14479290351925675,-0.4546490386465028,-0.26176126918448833,-0.23542696760659754,0.008944232701513,0.13352091249544834,-0.026913454720986756,0.7175594283829699,0.33589944767593066,-0.3358994476759308,2.192362108070477,1.1991619208756263,-0.14521269993165645,-0.7115308500884661,0.47182142494143886,-0.29040893477575785,-0.11047051363292415,-0.6360268814965502,0.8379305815963922,-0.5129891760425771,0.0,0.11821130904295213,0.705920728119451,0.7466238833372549,0.22653603785192755
-0.3210517903772406,-0.15165418844650433,-0.130944228531866,-0.28946762044866026,-0.25057856559911357,-0.3741899792026512,-0.3025412466098897,-0.46482844767361803,-0.4546306758387847,0.33589944767593066,-0.3358994476759308,-0.4561290291958711,0.2717756877602118,-0.16872637842080068,1.4054204394309369,1.073080585928759,-0.29040893477575785,-0.11047051363292415,-0.7067729582272031,0.8379305815963922,-0.5129891760425771,0.0,-0.21274971173835258,0.8711915684335647,-0.5197346467047322,-0.4285079270211159
-0.2043942011229264,-0.1472626904472034,-0.19533333750032095,-0.13985332362213174,-0.2202753696140815,-0.054911469282514364,-0.4660645562743914,0.11905820959655697,-0.16158314978334604,0.33589944767593066,-0.3358994476759308,-0.4561290291958711,0.2717756877602118,-0.16587193165740438,-0.7115308500884661,1.073080585928759,-0.29040893477575785,-1.0353399300946147,-0.4945347280352444,0.8379305815963922,-0.5129891760425771,0.0,0.06305113891273467,0.2651984872818141,-0.5197346467047322,0.008188049560913064
-0.4013322819070912,-0.08558008861312887,-0.6545015735868438,-0.4021401155896262,-0.2581543645953716,-0.4380456811866785,8.854764094602206,-0.46482844767361803,2.1827970586601633,0.33589944767593066,-0.3358994476759308,-0.4561290291958711,0.2717756877602118,-0.16946356696474285,1.4054204394309369,1.073080585928759,-0.29040893477575785,-1.0353399300946147,-1.3788606871684057,-1.1934162828797104,1.9493588689617927,0.0,-0.32307005199878747,-1.0018779551263917,-0.3086748916977343,-0.4285079270211159
-0.13289438835415315,-0.14260484902558268,0.3993686951689825,-0.058581359913894036,-0.18744690729696345,-0.24647857523459646,1.7905571170957324,-0.026913454720986756,1.3036544804938472,0.33589944767593066,-0.3358994476759308,-0.4561290291958711,0.2717756877602118,0.1085117350682166,-0.7115308500884661,0.47182142494143886,-0.29040893477575785,-1.0353399300946147,-0.28229649784328575,0.8379305815963922,-0.5129891760425771,0.0,-0.15758954160813513,-0.5060654341840503,-0.5197346467047322,0.44488402614294204
-0.36871833222308936,-0.13883518337331713,-0.4518342142107234,-0.3596570436512292,-0.25057856559911357,-0.3741899792026512,0.3515519920481172,-0.46482844767361803,-0.16158314978334604,0.33589944767593066,-0.3358994476759308,-0.4561290291958711,0.2717756877602118,-0.16889908597116937,1.4054204394309369,1.073080585928759,-0.29040893477575785,-1.0353399300946147,0.38979123109791675,-1.1934162828797104,-0.5129891760425771,0.0,-0.21274971173835258,-1.0018779551263917,-0.5197346467047322,-0.4285079270211159
3.429552423282968,0.008113854151630089,2.1640759614403122,1.8513097872296922,4.373184088450361,1.1583468684140057,-0.5205723261625587,1.4119500935519447,1.0106069544384086,0.33589944767593066,-0.3358994476759308,-0.4561290291958711,0.2717756877602118,-0.1687291053821223,1.4054204394309369,1.073080585928759,-0.29040893477575785,-1.0353399300946147,0.885013768212487,-1.1934162828797104,1.9493588689617927,0.0,1.1110943713868662,0.09992764696770035,-0.5197346467047322,2.8467118973441012
-0.4025866645872451,-0.04815758959245603,-0.6671682835478513,-0.4039872056739043,-0.2581543645953716,-0.4380456811866785,0.024505372719113804,-0.46482844767361803,-0.4546306758387847,0.33589944767593066,-0.3358994476759308,-0.4561290291958711,0.2717756877602118,-0.15258731233239972,-0.7115308500884661,0.47182142494143886,-0.29040893477575785,0.8143989028287663,-1.6618449940910172,-1.1934162828797104,-0.5129891760425771,0.0,-0.32307005199878747,-1.1671487954405053,-0.3086748916977343,-0.4285079270211159
0.07784190191170473,-0.08541878473803975,0.9246149348854278,0.020843513710065542,0.12821138421378717,-0.18262287325056908,-0.3025412466098897,0.11905820959655697,-0.16158314978334604,0.33589944767593066,-0.3358994476759308,-0.4561290291958711,0.2717756877602118,-0.16926199907372044,1.4054204394309369,1.073080585928759,-0.29040893477575785,-1.0353399300946147,-0.1054313060166535,-1.1934162828797104,-0.5129891760425771,0.0,-0.15758954160813513,-1.1120585153358007,-0.5197346467047322,0.008188049560913064
-0.3963147511864755,-0.12834865892246922,-0.637612626972167,-0.39475175525251366,-0.2581543645953716,-0.3741899792026512,0.3515519920481172,0.702944866866732,-0.16158314978334604,0.33589944767593066,-0.3358994476759308,2.192362108070477,1.1991619208756263,-0.16896907797842406,1.4054204394309369,1.073080585928759,-0.29040893477575785,-0.11047051363292415,-0.9190111884191617,-1.1934162828797104,-0.5129891760425771,0.0,-0.21274971173835258,2.5238999715747026,-0.5197346467047322,0.44488402614294204
-0.22446432400538904,-0.14050665975637444,-0.3378338245616556,-0.17864221539197248,-0.2076490379536515,0.07279993468554036,-0.17172259887828822,-0.114496453311513,0.4245119023275312,0.33589944767593066,-0.3358994476759308,-0.4561290291958711,0.2717756877602118,-0.1617260414614485,-0.7115308500884661,1.073080585928759,-0.29040893477575785,-0.11047051363292415,-0.07005826765132706,0.8379305815963922,-0.5129891760425771,0.0,0.17337147917316958,-0.23061403366052724,-0.5197346467047322,0.008188049560913064
-0.37499024562385896,-0.16042508665447452,-0.38850066440568576,-0.3596570436512292,-0.2632048972595436,-0.4380456811866785,1.005645230706124,0.11905820959655697,-0.16158314978334604,0.33589944767593066,-0.3358994476759308,-0.4561290291958711,0.2717756877602118,-0.16916655542746406,1.4054204394309369,1.073080585928759,-0.29040893477575785,-1.0353399300946147,-1.095876380245794,-1.1934162828797104,-0.5129891760425771,0.0,-0.32307005199878747,-1.1120585153358007,-0.5197346467047322,0.008188049560913064
-0.3637008015024737,-0.12716064308054312,-0.4180563209813699,-0.35780995356695106,-0.24300276660285555,-0.3741899792026512,-0.3025412466098897,-0.46482844767361803,-0.4546306758387847,0.33589944767593066,-0.3358994476759308,-0.4561290291958711,0.2717756877602118,-0.1693224467163495,1.4054204394309369,1.073080585928759,-0.29040893477575785,-0.11047051363292415,-0.1761773827473064,-1.1934162828797104,-0.5129891760425771,0.0,-0.21274971173835258,0.6508304480147463,-0.5197346467047322,-0.4285079270211159
-0.35115697470093454,-0.16042508665447452,-0.14783317514654273,-0.3245623320499447,-0.2632048972595436,-0.4380456811866785,1.9867850886931349,0.19204404175532888,0.1314643762720926,0.33589944767593066,-0.3358994476759308,-0.4561290291958711,0.2717756877602118,-0.16879250723284975,1.4054204394309369,1.073080585928759,-0.29040893477575785,1.7392683192904568,0.38979123109791675,-1.1934162828797104,-0.5129891760425771,0.0,-0.26790988186857,0.43046932759592793,-0.3086748916977343,0.22653603785192755
-0.3988235165467834,-0.07622446385796065,-0.6291681536648288,-0.40029302550534807,-0.25562909826328556,-0.4380456811866785,0.024505372719113804,0.8489165311842758,-0.4546306758387847,0.33589944767593066,-0.3358994476759308,-0.4561290291958711,0.2717756877602118,-0.16854821694778876,1.4054204394309369,1.073080585928759,-0.29040893477575785,-0.11047051363292415,-1.0605033418804677,0.8379305815963922,-0.5129891760425771,0.0,-0.26790988186857,-2.324044677639302,-0.5197346467047322,0.22653603785192755
0.037701656146779415,-0.14696715325271836,1.5368392496674583,0.17784617087370658,-0.1672447766402754,-0.31033427721862383,1.005645230706124,-0.114496453311513,0.4245119023275312,0.33589944767593066,-0.3358994476759308,2.192362108070477,1.1991619208756263,-0.16841232337526182,1.4054204394309369,1.073080585928759,-0.29040893477575785,-1.0353399300946147,-0.07005826765132706,0.8379305815963922,-0.5129891760425771,0.0,-0.15758954160813513,0.4855596077006325,-0.5197346467047322,0.008188049560913064
-0.1604908073175393,-0.12813900906801168,-0.1534628240181016,-0.1250766029479067,-0.15209317864775937,0.008944232701513,0.13352091249544834,0.41100153823164454,0.7175594283829699,0.33589944767593066,-0.3358994476759308,2.192362108070477,3.0539343871064553,-0.14256232077382738,-0.7115308500884661,0.47182142494143886,-0.29040893477575785,-0.11047051363292415,0.46053730782856966,0.8379305815963922,-0.5129891760425771,0.0,0.11821130904295213,-0.23061403366052724,-0.09761513669073649,0.881580002724971
-0.39129722046585985,-0.1510694618993063,-0.6038347337428137,-0.38551630483112304,-0.2606796309274576,-0.3741899792026512,1.005645230706124,0.19204404175532888,0.1314643762720926,0.33589944767593066,-0.3358994476759308,2.192362108070477,1.1991619208756263,-0.11553699784277861,-0.7115308500884661,-0.7306968970332016,-0.29040893477575785,-1.0353399300946147,-0.8836381500538354,0.8379305815963922,-0.5129891760425771,0.0,-0.21274971173835258,0.3753790474912233,0.11344461831626136,0.22653603785192755
-0.38878845510555204,-0.14315316402954859,-0.5278344739767685,-0.3836692147468449,-0.2581543645953716,-0.4380456811866785,1.9867850886931349,-0.026913454720986756,0.1314643762720926,0.33589944767593066,-0.3358994476759308,2.192362108070477,1.1991619208756263,-0.16895953361379842,1.4054204394309369,1.073080585928759,-0.29040893477575785,-0.11047051363292415,-1.0251303035151411,-1.1934162828797104,-0.5129891760425771,0.0,-0.26790988186857,0.32028876738651874,-0.5197346467047322,0.008188049560913064
-0.06139457558537995,-0.10244077498508035,-0.07183291538049758,-0.07151099050384095,-0.025829862043459138,0.13665563666956773,-0.4214672900022546,0.41100153823164454,0.1314643762720926,0.33589944767593066,-0.3358994476759308,2.192362108070477,1.1991619208756263,-0.15841869187188798,-0.7115308500884661,0.47182142494143886,-0.29040893477575785,-1.0353399300946147,0.2836721160019374,0.8379305815963922,1.9493588689617927,0.0,0.228531649303387,-0.01025291324170885,-0.5197346467047322,0.44488402614294204
0.4830075076014196,-0.15882126526787427,1.5400059271577102,0.8852816731522303,-0.23795223393868356,-0.054911469282514364,1.4962151596996294,0.01289699918379787,2.1827970586601633,0.33589944767593066,-0.3358994476759308,2.192362108070477,2.126548153991041,0.024502464880124135,-0.7115308500884661,-0.7306968970332016,-0.29040893477575785,-1.0353399300946147,-0.42378865130459153,0.8379305815963922,-0.5129891760425771,0.0,0.06305113891273467,-0.17552375355582264,-0.3086748916977343,0.881580002724971
-0.4013322819070912,-0.16042508665447452,-0.6545015735868438,-0.39844593542106993,-0.2632048972595436,-0.4380456811866785,0.024505372719113804,-0.026913454720986756,-0.4546306758387847,0.33589944767593066,-0.3358994476759308,-0.4561290291958711,0.2717756877602118,-0.16951651546373747,1.4054204394309369,1.073080585928759,-0.29040893477575785,1.7392683192904568,-1.6264719557256908,-1.1934162828797104,-0.5129891760425771,0.0,-0.26790988186857,-0.17552375355582264,-0.5197346467047322,-0.21015993873010144
-0.012473651059377228,0.005766168838907181,0.01798557343391947,-0.1731009451391381,0.2115451731726253,0.13665563666956773,-0.5998563550908019,1.2868315241369073,-0.16158314978334604,0.33589944767593066,-0.3358994476759308,-0.4561290291958711,0.2717756877602118,-0.16937425898146008,1.4054204394309369,-1.3319560580205219,-0.29040893477575785,-0.11047051363292415,0.2836721160019374,0.8379305815963922,1.9493588689617927,0.0,0.228531649303387,-0.01025291324170885,0.5355641283302571,0.881580002724971
1.8515390116493418,-0.1578097642797343,1.6948397897073946,2.843197162487048,-0.15966897764401738,0.6475012525417867,1.1089231104942305,-0.04776654962349303,5.11327231921455,0.33589944767593066,-0.3358994476759308,2.192362108070477,1.1991619208756263,-0.033599763765556886,-0.7115308500884661,1.073080585928759,-0.29040893477575785,-1.0353399300946147,-0.459161689669918,0.8379305815963922,1.9493588689617927,0.0,0.6698130103451266,-0.5060654341840503,-0.5197346467047322,1.7549719558890289
-0.40509542994755293,-0.16042508665447452,-0.6925017034698664,-0.4039872056739043,-0.2632048972595436,-0.4380456811866785,0.024505372719113804,-0.46482844767361803,-0.4546306758387847,0.33589944767593066,-0.3358994476759308,-0.4561290291958711,0.2717756877602118,-0.16901793603543624,1.4054204394309369,1.073080585928759,-0.29040893477575785,0.8143989028287663,-1.73259107082167,-1.1934162828797104,-0.5129891760425771,0.0,-0.26790988186857,-0.5060654341840503,-0.5197346467047322,-0.4285079270211159
-0.09400852526938176,-0.04993961335534522,-0.4876504285832275,-0.1749480352234162,0.049928127919121004,1.2860582723820604,-0.6183103963068585,-0.026913454720986756,0.7175594283829699,0.33589944767593066,-0.3358994476759308,-0.4561290291958711,0.2717756877602118,-0.16835096674552558,1.4054204394309369,1.073080585928759,-0.29040893477575785,-1.0353399300946147,1.0265059216737928,-1.1934162828797104,-0.5129891760425771,0.0,-0.32307005199878747,-0.5611557142887548,-0.09761513669073649,0.22653603785192755
-0.4025866645872451,-0.04815758959245603,-0.6671682835478513,-0.4039872056739043,-0.2581543645953716,-0.4380456811866785,0.024505372719113804,0.41100153823164454,-0.4546306758387847,0.33589944767593066,-0.3358994476759308,-0.4561290291958711,0.2717756877602118,-0.16898543974635372,1.4054204394309369,1.073080585928759,-0.29040893477575785,0.8143989028287663,-1.414233725533732,-1.1934162828797104,-0.5129891760425771,0.0,-0.26790988186857,-1.0569682352310963,-0.5197346467047322,0.008188049560913064
-0.28091154461231527,-0.1480879990652417,-0.34326241454494455,-0.23959618817315076,-0.23795223393868356,-0.11876717126654172,0.16466820957440095,0.06066954386953948,0.4245119023275312,0.33589944767593066,-0.3358994476759308,-0.4561290291958711,0.2717756877602118,-0.16946265797763566,1.4054204394309369,1.073080585928759,-0.29040893477575785,-0.11047051363292415,0.14217996254063162,0.8379305815963922,-0.5129891760425771,0.0,0.007890968782517228,2.193358290946475,-0.5197346467047322,0.22653603785192755
-0.3210517903772406,-0.15351631760450415,-0.130944228531866,-0.2876205303643821,-0.25310383193119956,-0.3741899792026512,-0.3025412466098897,-0.026913454720986756,-0.4546306758387847,0.33589944767593066,-0.3358994476759308,-0.4561290291958711,0.2717756877602118,-0.1691526933740792,1.4054204394309369,1.073080585928759,-0.29040893477575785,-0.11047051363292415,-0.1761773827473064,0.8379305815963922,-0.5129891760425771,0.0,-0.21274971173835258,-2.324044677639302,-0.5197346467047322,-0.21015993873010144
-0.40509542994755293,-0.16042508665447452,-0.6925017034698664,-0.4039872056739043,-0.2632048972595436,-0.4380456811866785,0.024505372719113804,-0.46482844767361803,-0.4546306758387847,0.33589944767593066,-0.3358994476759308,-0.4561290291958711,0.2717756877602118,-0.16901543632089144,1.4054204394309369,1.073080585928759,-0.29040893477575785,0.8143989028287663,-1.73259107082167,-1.1934162828797104,-0.5129891760425771,0.0,-0.26790988186857,0.15501792707240494,-0.5197346467047322,-0.4285079270211159
-0.3963147511864755,-0.07061108900485973,-0.6646349415556498,-0.39844593542106993,-0.25310383193119956,-0.24647857523459646,-0.5641785420730924,-0.46482844767361803,-0.4546306758387847,0.33589944767593066,-0.3358994476759308,-0.4561290291958711,0.2717756877602118,-0.1692256395894323,1.4054204394309369,1.073080585928759,-0.29040893477575785,-1.0353399300946147,-0.8482651116885089,-1.1934162828797104,-0.5129891760425771,0.0,-0.32307005199878747,-0.23061403366052724,-0.09761513669073649,-0.4285079270211159
-0.3712270975833972,-0.15210897576099164,-0.35050053452266317,-0.35780995356695106,-0.2581543645953716,-0.4380456811866785,0.024505372719113804,0.41100153823164454,-0.4546306758387847,0.33589944767593066,-0.3358994476759308,-0.4561290291958711,0.2717756877602118,-0.16935585199253922,1.4054204394309369,1.073080585928759,-0.29040893477575785,-0.11047051363292415,-0.777519034957856,0.8379305815963922,-0.5129891760425771,0.0,-0.26790988186857,-0.671336274498164,-0.5197346467047322,0.008188049560913064
-0.403841047267399,-0.16042508665447452,-0.6882794668161972,-0.4021401155896262,-0.2632048972595436,-0.3741899792026512,-0.3025412466098897,-0.46482844767361803,-0.4546306758387847,0.33589944767593066,-0.3358994476759308,-0.4561290291958711,0.2717756877602118,-0.16961514056486904,1.4054204394309369,1.073080585928759,-0.29040893477575785,-0.11047051363292415,-1.484979802264385,-1.1934162828797104,-0.5129891760425771,0.0,-0.32307005199878747,-1.22223907554521,-0.5197346467047322,-0.4285079270211159
-0.3988235165467834,-0.1417138371441381,-0.6291681536648288,-0.3965988453367918,-0.2606796309274576,-0.4380456811866785,0.024505372719113804,-0.46482844767361803,-0.4546306758387847,0.33589944767593066,-0.3358994476759308,-0.4561290291958711,0.2717756877602118,-0.16116269670175903,-0.7115308500884661,0.47182142494143886,-0.29040893477575785,-1.0353399300946147,-1.414233725533732,-1.1934162828797104,-0.5129891760425771,0.0,-0.32307005199878747,-2.268954397534597,-0.5197346467047322,-0.4285079270211159
-0.403841047267399,-0.10429133812346528,-0.6798349935088589,-0.4039872056739043,-0.2606796309274576,-0.4380456811866785,0.024505372719113804,-0.46482844767361803,-0.4546306758387847,0.33589944767593066,-0.3358994476759308,-0.4561290291958711,0.2717756877602118,-0.15564582670136323,-0.7115308500884661,0.47182142494143886,-0.29040893477575785,-0.11047051363292415,-1.6972180324563437,-1.1934162828797104,-0.5129891760425771,0.0,-0.26790988186857,-1.0018779551263917,-0.5197346467047322,-0.4285079270211159
-0.40509542994755293,-0.16042508665447452,-0.6925017034698664,-0.4039872056739043,-0.2632048972595436,-0.4380456811866785,0.024505372719113804,-0.46482844767361803,-0.4546306758387847,0.33589944767593066,-0.3358994476759308,-0.4561290291958711,0.2717756877602118,-0.169499926449031,1.4054204394309369,1.073080585928759,-0.29040893477575785,1.7392683192904568,-1.73259107082167,-1.1934162828797104,-0.5129891760425771,0.0,-0.26790988186857,-0.5611557142887548,-0.5197346467047322,-0.4285079270211159
-0.15672765927707757,-0.106370365846836,-0.42509338207081854,-0.15832422446491304,-0.09906258567395328,0.5836455505577594,-0.08451016705722074,-0.36751400479525553,1.5967020065492858,0.33589944767593066,-0.3358994476759308,-0.4561290291958711,0.2717756877602118,-0.16792487903902384,-0.7115308500884661,1.073080585928759,-0.29040893477575785,-0.11047051363292415,-0.3530425745739386,0.8379305815963922,1.9493588689617927,0.0,0.6146528402149092,0.6508304480147463,-0.09761513669073649,-0.21015993873010144
-0.39129722046585985,-0.14001281446138023,-0.5531678938987836,-0.3873633949154011,-0.2581543645953716,-0.4380456811866785,0.024505372719113804,-0.026913454720986756,-0.4546306758387847,0.33589944767593066,-0.3358994476759308,-0.4561290291958711,0.2717756877602118,-0.16208781833011557,-0.7115308500884661,0.47182142494143886,-0.29040893477575785,-1.0353399300946147,-1.3081146104377528,-1.1934162828797104,-0.5129891760425771,0.0,-0.26790988186857,0.21010820717710954,-0.5197346467047322,-0.21015993873010144
0.5758318259328093,-0.15145605796356945,0.46165910415370187,0.9333060153434617,-0.11673944999855532,0.519789848573732,-0.03320873657423976,-0.36751400479525553,1.5967020065492858,0.33589944767593066,-0.3358994476759308,2.192362108070477,1.1991619208756263,-0.16119292052307355,-0.7115308500884661,0.47182142494143886,-0.29040893477575785,0.8143989028287663,-0.8836381500538354,0.8379305815963922,-0.5129891760425771,0.0,0.5594926700846917,0.2651984872818141,-0.3086748916977343,-0.21015993873010144
0.4064901641120307,-0.10084917429845056,0.9364371975157015,0.3754848098914665,0.3049800274598075,0.07279993468554036,-0.17172259887828822,0.23583554105059207,0.4245119023275312,0.33589944767593066,-0.3358994476759308,2.192362108070477,1.1991619208756263,-0.16842550368831627,1.4054204394309369,1.073080585928759,-0.29040893477575785,-1.0353399300946147,0.3190451543672639,0.8379305815963922,-0.5129891760425771,0.0,0.11821130904295213,-0.12043347345111804,-0.3086748916977343,0.44488402614294204
4.778302312464863,-0.15960446380637378,0.8576502615582345,7.173201150754367,-0.18744690729696345,3.7125749477751,-0.2830160753066656,1.6152677688513808,5.992414897380866,0.33589944767593066,-0.3358994476759308,2.192362108070477,2.126548153991041,-0.13948539941594298,-0.7115308500884661,-0.12943773604588138,-0.29040893477575785,0.8143989028287663,1.1679980751350987,0.8379305815963922,1.9493588689617927,0.0,3.0968604960746946,-0.7264265546028686,-0.09761513669073649,12.01732740556671
-0.3938059858261677,-0.11832477525621758,-0.5785013138207986,-0.3929046651682355,-0.25562909826328556,-0.4380456811866785,0.024505372719113804,-0.46482844767361803,-0.4546306758387847,0.33589944767593066,-0.3358994476759308,2.192362108070477,1.1991619208756263,-0.16849299598102616,1.4054204394309369,1.073080585928759,-0.29040893477575785,-0.11047051363292415,-1.3788606871684057,-1.1934162828797104,1.9493588689617927,0.0,-0.26790988186857,0.6508304480147463,-0.5197346467047322,-0.4285079270211159
-0.3210517903772406,-0.15351631760450415,-0.130944228531866,-0.2876205303643821,-0.25310383193119956,-0.3741899792026512,-0.3025412466098897,1.2868315241369073,-0.4546306758387847,0.33589944767593066,-0.3358994476759308,2.192362108070477,1.1991619208756263,-0.16839482537344816,1.4054204394309369,1.073080585928759,-0.29040893477575785,0.8143989028287663,0.9203868065778135,-1.1934162828797104,-0.5129891760425771,0.0,-0.21274971173835258,-0.06534319334641345,-0.3086748916977343,0.44488402614294204
-0.01749118177999289,-0.08189918707011186,1.2581716305252928,-0.06966390041956282,0.06002919324746503,-0.31033427721862383,3.4584948756736504,-0.46482844767361803,1.8897495326047244,0.33589944767593066,-0.3358994476759308,-0.4561290291958711,0.2717756877602118,-0.16831824320966624,1.4054204394309369,1.073080585928759,-0.29040893477575785,-0.11047051363292415,1.2387441518657516,-1.1934162828797104,1.9493588689617927,0.0,-0.32307005199878747,-0.34079459386993644,-0.3086748916977343,-0.4285079270211159
0.028920977385702002,0.576635437535299,0.17390125786304853,-0.3227152419656666,0.49942553503042986,0.07279993468554036,0.22073334431651584,-0.46482844767361803,1.0106069544384086,0.33589944767593066,-0.3358994476759308,2.192362108070477,1.1991619208756263,-0.16704929720800993,-0.7115308500884661,0.47182142494143886,-0.29040893477575785,-0.11047051363292415,-0.7067729582272031,0.8379305815963922,-0.5129891760425771,0.0,0.17337147917316958,-1.3324196357546192,-0.3086748916977343,-0.4285079270211159
-0.3837709243849364,-0.05938433929865788,-0.47716763413273844,-0.38921048499967925,-0.24047750027076956,-0.4380456811866785,0.024505372719113804,-0.026913454720986756,-0.4546306758387847,0.33589944767593066,-0.3358994476759308,-0.4561290291958711,0.2717756877602118,-0.16923632018794194,1.4054204394309369,0.47182142494143886,-0.29040893477575785,-0.11047051363292415,-0.1761773827473064,-1.1934162828797104,-0.5129891760425771,0.0,-0.26790988186857,-0.7815168347075732,-0.5197346467047322,-0.21015993873010144
0.626007133138966,-0.15529611470747876,0.1635567780615589,1.0478256005687057,-0.17229530930444742,0.9667797624619235,-0.5478262111066422,0.11905820959655697,0.7175594283829699,0.33589944767593066,-0.3358994476759308,-0.4561290291958711,0.2717756877602118,-0.16415349153123587,-0.7115308500884661,0.47182142494143886,-0.29040893477575785,-0.11047051363292415,0.5312833845592225,0.8379305815963922,1.9493588689617927,0.0,0.9456138609962139,-1.1120585153358007,-0.3086748916977343,0.44488402614294204
-0.2144292625641577,-0.09980063824098453,-0.3175670886240436,-0.2229723774146476,-0.12684051532689933,0.07279993468554036,-0.5641785420730924,0.702944866866732,-0.16158314978334604,0.33589944767593066,-0.3358994476759308,2.192362108070477,1.1991619208756263,-0.16755696650738316,-0.7115308500884661,0.47182142494143886,-0.29040893477575785,1.7392683192904568,0.07143388580997873,0.8379305815963922,-0.5129891760425771,0.0,0.11821130904295213,-1.1120585153358007,-0.3086748916977343,0.44488402614294204
-0.3386131478993954,0.41338656499584214,-0.021166075536467464,-0.3910575750839574,-0.14704264598358738,-0.4380456811866785,0.024505372719113804,-0.46482844767361803,-0.4546306758387847,0.33589944767593066,-0.3358994476759308,-0.4561290291958711,0.2717756877602118,-0.16894658054752076,1.4054204394309369,-1.3319560580205219,-0.29040893477575785,-0.11047051363292415,0.4251642694632432,-1.1934162828797104,-0.5129891760425771,0.0,-0.26790988186857,0.7610110082241555,-0.5197346467047322,-0.4285079270211159
1.3309701993854666,-0.15613621598019514,0.8203440470904674,2.0581838766688425,-0.13441631432315734,0.9029240604778962,-0.27410241014649805,0.6056304239883696,1.5967020065492858,0.33589944767593066,-0.3358994476759308,2.192362108070477,1.1991619208756263,-0.1643821017886976,-0.7115308500884661,2.2755989079033996,3.4434202266268428,-1.0353399300946147,0.07143388580997873,0.8379305815963922,-0.5129891760425771,0.0,0.8904536908659965,-0.45097515407934563,-0.5197346467047322,1.9733199441800433
-0.3988235165467834,-0.07622446385796065,-0.6291681536648288,-0.40029302550534807,-0.25562909826328556,-0.4380456811866785,0.024505372719113804,-0.46482844767361803,-0.4546306758387847,0.33589944767593066,-0.3358994476759308,-0.4561290291958711,-0.6556105453552027,-0.11139292562103716,-0.7115308500884661,1.073080585928759,-0.29040893477575785,-0.11047051363292415,-1.555725878995038,-1.1934162828797104,1.9493588689617927,0.0,-0.26790988186857,-0.01025291324170885,-0.5197346467047322,-0.4285079270211159
-0.3837709243849364,1.8603898604618583,-0.5531678938987836,-0.4058342957581824,-0.2177501032819955,-0.3741899792026512,-0.3025412466098897,-0.46482844767361803,-0.4546306758387847,0.33589944767593066,-0.3358994476759308,-0.4561290291958711,0.2717756877602118,-0.16576171697065595,-0.7115308500884661,-1.3319560580205219,-0.29040893477575785,-1.0353399300946147,-0.6713999198618766,-1.1934162828797104,-0.5129891760425771,0.0,-0.26790988186857,0.8161012883288601,-0.5197346467047322,-0.4285079270211159
-0.3862796897452442,-0.06063175593268031,-0.5025010540547535,-0.3910575750839574,-0.24300276660285555,-0.4380456811866785,0.024505372719113804,-0.46482844767361803,-0.4546306758387847,0.33589944767593066,-0.3358994476759308,-0.4561290291958711,0.2717756877602118,-0.15779217250824787,-0.7115308500884661,2.2755989079033996,3.4434202266268428,1.7392683192904568,-0.9543842267844882,-1.1934162828797104,-0.5129891760425771,0.0,-0.26790988186857,-0.395884873974641,-0.5197346467047322,-0.4285079270211159
-0.3988235165467834,-0.16042508665447452,-0.6291681536648288,-0.39475175525251366,-0.2632048972595436,-0.4380456811866785,1.005645230706124,-0.17288511903853054,-0.16158314978334604,0.33589944767593066,-0.3358994476759308,-0.4561290291958711,0.2717756877602118,-0.16869274589783415,1.4054204394309369,-1.3319560580205219,-0.29040893477575785,0.8143989028287663,-1.3081146104377528,-1.1934162828797104,-0.5129891760425771,0.0,-0.26790988186857,-0.45097515407934563,-0.5197346467047322,-0.21015993873010144
-0.3674639495429355,-0.11649432693455425,-0.44338974090338495,-0.3651983139040636,-0.24047750027076956,-0.3741899792026512,0.3515519920481172,1.578774852771995,-0.16158314978334604,0.33589944767593066,-0.3358994476759308,2.192362108070477,1.1991619208756263,-0.16887340708539086,1.4054204394309369,-1.3319560580205219,-0.29040893477575785,0.8143989028287663,-0.21155042111263284,0.8379305815963922,-0.5129891760425771,0.0,-0.21274971173835258,-0.01025291324170885,-0.5197346467047322,1.0999279910159854
-0.3386131478993954,-0.07973282314114873,-0.4315674782731113,-0.34857450314556043,-0.20512377162156548,-0.24647857523459646,1.005645230706124,-0.026913454720986756,0.7175594283829699,0.33589944767593066,-0.3358994476759308,2.192362108070477,1.1991619208756263,-0.16576853437395997,-0.7115308500884661,2.2755989079033996,3.4434202266268428,0.8143989028287663,-0.6360268814965502,0.8379305815963922,-0.5129891760425771,0.0,-0.15758954160813513,-2.158773837325188,-0.5197346467047322,0.22653603785192755
-0.39756913386662945,-0.12300258763380169,-0.6165014437038212,-0.3965988453367918,-0.2581543645953716,-0.4380456811866785,0.024505372719113804,-0.026913454720986756,-0.4546306758387847,0.33589944767593066,-0.3358994476759308,-0.4561290291958711,0.2717756877602118,-0.16959264313396577,1.4054204394309369,-1.3319560580205219,-0.29040893477575785,-0.11047051363292415,-1.2727415720724262,-1.1934162828797104,1.9493588689617927,0.0,-0.32307005199878747,0.6508304480147463,-0.5197346467047322,-0.21015993873010144
0.5244021360464989,-0.1542057224706411,0.8612813850803903,0.8926700334893428,-0.1647195103081894,0.20051133865359508,2.8044016370156433,-0.39184261551484617,5.992414897380866,0.33589944767593066,-0.3358994476759308,-0.4561290291958711,0.2717756877602118,-0.1102832796099183,-0.7115308500884661,1.073080585928759,-0.29040893477575785,0.8143989028287663,-0.5652808047658974,0.8379305815963922,-0.5129891760425771,0.0,0.17337147917316958,0.21010820717710954,-0.5197346467047322,0.008188049560913064
-0.30474481553523963,-0.11118495636411553,0.32083509341073574,-0.30239725103860715,-0.20007323895739348,-0.4380456811866785,1.005645230706124,0.11905820959655697,-0.16158314978334604,0.33589944767593066,-0.3358994476759308,-0.4561290291958711,0.2717756877602118,-0.10752314025889438,-0.7115308500884661,1.073080585928759,-0.29040893477575785,0.8143989028287663,0.2836721160019374,-1.1934162828797104,-0.5129891760425771,0.0,-0.26790988186857,1.091552688852383,-0.5197346467047322,0.008188049560913064
1.1528478588036108,-0.12505963831992747,1.544077369645177,1.33966583388465,0.4893244697020859,0.3282227426216498,-0.3959831378467478,-0.114496453311513,0.4245119023275312,0.33589944767593066,-0.3358994476759308,-0.4561290291958711,0.2717756877602118,-0.16528131728449882,-0.7115308500884661,2.2755989079033996,3.4434202266268428,-1.0353399300946147,0.4251642694632432,0.8379305815963922,-0.5129891760425771,0.0,0.39401215969403935,-0.23061403366052724,-0.5197346467047322,0.008188049560913064
-0.3850253070650903,0.13147040570677354,-0.489834344093746,-0.39844593542106993,-0.23037643494242555,-0.4380456811866785,0.024505372719113804,-0.026913454720986756,-0.4546306758387847,0.33589944767593066,-0.3358994476759308,-0.4561290291958711,0.2717756877602118,-0.16904452390832195,1.4054204394309369,-1.3319560580205219,-0.29040893477575785,-0.11047051363292415,-0.6713999198618766,-1.1934162828797104,-0.5129891760425771,0.0,-0.26790988186857,0.04483736686299575,-0.5197346467047322,-0.21015993873010144
-0.3862796897452442,-0.06063175593268031,-0.5025010540547535,-0.3910575750839574,-0.24300276660285555,-0.4380456811866785,0.024505372719113804,-0.46482844767361803,-0.4546306758387847,0.33589944767593066,-0.3358994476759308,-0.4561290291958711,0.2717756877602118,-0.15779217250824787,-0.7115308500884661,2.2755989079033996,3.4434202266268428,1.7392683192904568,-0.9543842267844882,-1.1934162828797104,-0.5129891760425771,0.0,-0.26790988186857,-0.395884873974641,-0.5197346467047322,-0.4285079270211159
0.5244021360464989,-0.1542057224706411,0.8612813850803903,0.8926700334893428,-0.1647195103081894,0.20051133865359508,2.8044016370156433,-0.39184261551484617,5.992414897380866,0.33589944767593066,-0.3358994476759308,-0.4561290291958711,0.2717756877602118,-0.1102832796099183,-0.7115308500884661,1.073080585928759,-0.29040893477575785,0.8143989028287663,-0.5652808047658974,0.8379305815963922,-0.5129891760425771,0.0,0.17337147917316958,0.21010820717710954,-0.5197346467047322,0.008188049560913064
1.1528478588036108,-0.12505963831992747,1.544077369645177,1.33966583388465,0.4893244697020859,0.3282227426216498,-0.3959831378467478,-0.114496453311513,0.4245119023275312,0.33589944767593066,-0.3358994476759308,-0.4561290291958711,0.2717756877602118,-0.16528131728449882,-0.7115308500884661,2.2755989079033996,3.4434202266268428,-1.0353399300946147,0.4251642694632432,0.8379305815963922,-0.5129891760425771,0.0,0.39401215969403935,-0.23061403366052724,-0.5197346467047322,0.008188049560913064
-0.37373586294370503,-0.12834865892246922,-0.3758339544446782,-0.3688924940726198,-0.24805329926702757,-0.4380456811866785,1.005645230706124,-0.17288511903853054,-0.16158314978334604,0.33589944767593066,-0.3358994476759308,-0.4561290291958711,0.2717756877602118,-0.16858094048364808,1.4054204394309369,-1.3319560580205219,-0.29040893477575785,-0.11047051363292415,-0.6006538431312237,-1.1934162828797104,-0.5129891760425771,0.0,-0.26790988186857,-1.6629613163828467,-0.5197346467047322,-0.21015993873010144
-0.403841047267399,-0.10429133812346528,-0.6798349935088589,-0.4039872056739043,-0.2606796309274576,-0.4380456811866785,0.024505372719113804,-0.46482844767361803,-0.4546306758387847,0.33589944767593066,-0.3358994476759308,-0.4561290291958711,-0.6556105453552027,-0.16270183912103162,-0.7115308500884661,-1.3319560580205219,-0.29040893477575785,-0.11047051363292415,-1.6972180324563437,-1.1934162828797104,-0.5129891760425771,0.0,-0.26790988186857,-0.5611557142887548,-0.5197346467047322,-0.4285079270211159
-0.3925516031460138,-0.04815758959245603,-0.612279207050152,-0.3965988453367918,-0.24805329926702757,-0.3741899792026512,0.3515519920481172,-0.46482844767361803,-0.16158314978334604,0.33589944767593066,-0.3358994476759308,-0.4561290291958711,-0.6556105453552027,-0.16728199790745407,-0.7115308500884661,-1.3319560580205219,-0.29040893477575785,-0.11047051363292415,-0.9543842267844882,0.8379305815963922,-0.5129891760425771,0.0,-0.21274971173835258,0.3753790474912233,-0.5197346467047322,-0.4285079270211159
-0.3862796897452442,-0.06063175593268031,-0.6241014696804258,-0.3910575750839574,-0.24300276660285555,-0.24647857523459646,-0.17172259887828822,-0.46482844767361803,-0.16158314978334604,0.33589944767593066,-0.3358994476759308,-0.4561290291958711,-0.6556105453552027,-0.1635878743037784,-0.7115308500884661,-1.3319560580205219,-0.29040893477575785,-1.0353399300946147,0.17755300090595807,-1.1934162828797104,1.9493588689617927,0.0,-0.10242937147791767,-1.8282321566969606,-0.5197346467047322,-0.4285079270211159
-0.403841047267399,-0.10429133812346528,-0.6798349935088589,-0.4039872056739043,-0.2606796309274576,-0.4380456811866785,0.024505372719113804,-0.46482844767361803,-0.4546306758387847,0.33589944767593066,-0.3358994476759308,-0.4561290291958711,-0.6556105453552027,-0.16648867940964207,-0.7115308500884661,-1.3319560580205219,-0.29040893477575785,-1.0353399300946147,-1.6972180324563437,-1.1934162828797104,-0.5129891760425771,0.0,-0.26790988186857,-1.0569682352310963,-0.5197346467047322,-0.4285079270211159
-0.4013322819070912,-0.08558008861312887,-0.6545015735868438,-0.4021401155896262,-0.2581543645953716,-0.4380456811866785,0.024505372719113804,-0.026913454720986756,-0.4546306758387847,0.33589944767593066,-0.3358994476759308,-0.4561290291958711,0.2717756877602118,-0.16933176383419832,1.4054204394309369,-1.3319560580205219,-0.29040893477575785,-0.11047051363292415,-1.3788606871684057,-1.1934162828797104,-0.5129891760425771,0.0,-0.26790988186857,-0.2857043137652318,-0.5197346467047322,-0.21015993873010144
-0.40509542994755293,-0.16042508665447452,-0.6925017034698664,-0.4039872056739043,-0.2632048972595436,-0.4380456811866785,0.024505372719113804,-0.46482844767361803,-0.4546306758387847,0.33589944767593066,-0.3358994476759308,-0.4561290291958711,0.2717756877602118,-0.1693299458599839,1.4054204394309369,-1.3319560580205219,-0.29040893477575785,-1.0353399300946147,-1.73259107082167,-1.1934162828797104,-0.5129891760425771,0.0,-0.32307005199878747,1.1466429689570876,-0.5197346467047322,-0.4285079270211159
0.31366584578064094,-0.16022949868049885,0.9105408127065306,0.652548322533186,-0.2606796309274576,0.008944232701513,-0.5205723261625587,2.4546048386772576,-0.16158314978334604,0.33589944767593066,-0.3358994476759308,-0.4561290291958711,0.2717756877602118,-0.16897566813495127,1.4054204394309369,-1.3319560580205219,-0.29040893477575785,-1.0353399300946147,0.9911328833084664,-1.1934162828797104,1.9493588689617927,0.0,0.06305113891273467,-0.7264265546028686,-0.5197346467047322,1.7549719558890289
-0.3938059858261677,-0.06686883910279244,-0.6207236803574905,-0.3965988453367918,-0.25057856559911357,-0.3741899792026512,-0.3025412466098897,-0.46482844767361803,-0.4546306758387847,0.33589944767593066,-0.3358994476759308,-0.4561290291958711,-0.6556105453552027,-0.16795305763934715,-0.7115308500884661,-1.3319560580205219,-0.29040893477575785,-0.11047051363292415,-0.9897572651498147,0.8379305815963922,1.9493588689617927,0.0,-0.21274971173835258,-0.395884873974641,-0.5197346467047322,-0.4285079270211159
-0.36620956686278155,-0.1531820223278927,-0.5430345259299776,-0.35042159322983857,-0.2581543645953716,-0.24647857523459646,-0.17172259887828822,-0.17288511903853054,-0.16158314978334604,0.33589944767593066,-0.3358994476759308,2.192362108070477,1.1991619208756263,-0.16901430008700744,1.4054204394309369,-1.3319560580205219,-0.29040893477575785,-1.0353399300946147,-0.777519034957856,-1.1934162828797104,-0.5129891760425771,0.0,-0.10242937147791767,0.9813721286429739,-0.3086748916977343,-0.21015993873010144
-0.1981222877221568,-0.13877349793537094,-0.004277128921790731,-0.1490887740435224,-0.19502270629322147,-0.18262287325056908,-0.3025412466098897,0.702944866866732,-0.16158314978334604,0.33589944767593066,-0.3358994476759308,-0.4561290291958711,0.2717756877602118,-0.1673603980454504,-0.7115308500884661,-1.3319560580205219,-0.29040893477575785,-0.11047051363292415,0.7788946531165076,0.8379305815963922,-0.5129891760425771,0.0,-0.04726920134770022,-0.06534319334641345,-0.5197346467047322,0.44488402614294204
0.5457266416091154,0.04449439683047372,0.30683504555909585,0.08918584682835634,0.9767008717946848,0.6475012525417867,-0.8533566054797902,-0.46482844767361803,-0.4546306758387847,0.33589944767593066,-0.3358994476759308,-0.4561290291958711,-0.6556105453552027,-0.16794283153439113,-0.7115308500884661,-1.3319560580205219,-0.29040893477575785,1.7392683192904568,0.17755300090595807,-1.1934162828797104,1.9493588689617927,0.0,0.5043324999544743,1.4771846495853154,-0.3086748916977343,-0.4285079270211159
0.8154189178422073,0.5036252151166136,2.3791754620744587,-0.14724168395924428,1.8428672237001844,-0.054911469282514364,-0.4660645562743914,0.11905820959655697,-0.16158314978334604,0.33589944767593066,-0.3358994476759308,2.192362108070477,3.0539343871064553,-0.16675592161915995,-0.7115308500884661,-1.3319560580205219,-0.29040893477575785,-0.11047051363292415,-0.21155042111263284,0.8379305815963922,-0.5129891760425771,0.0,0.007890968782517228,0.8161012883288601,-0.5197346467047322,0.008188049560913064
-0.2959641367741622,-0.07677479472591173,-0.3336115879079865,-0.31347979154427597,-0.1672447766402754,-0.18262287325056908,-0.3025412466098897,0.9948881955018196,-0.16158314978334604,0.33589944767593066,-0.3358994476759308,-0.4561290291958711,0.2717756877602118,-0.1673388096016543,-0.7115308500884661,-1.3319560580205219,-0.29040893477575785,-1.0353399300946147,-0.5652808047658974,0.8379305815963922,-0.5129891760425771,0.0,-0.04726920134770022,-0.2857043137652318,-0.5197346467047322,0.6632320144339565
-0.403841047267399,-0.10429133812346528,-0.6798349935088589,-0.4039872056739043,-0.2606796309274576,-0.4380456811866785,0.024505372719113804,-0.46482844767361803,-0.4546306758387847,0.33589944767593066,-0.3358994476759308,-0.4561290291958711,0.2717756877602118,-0.1693585789538608,1.4054204394309369,-1.3319560580205219,-0.29040893477575785,-1.0353399300946147,-1.6972180324563437,-1.1934162828797104,-0.5129891760425771,0.0,-0.26790988186857,-1.0569682352310963,-0.5197346467047322,-0.4285079270211159
0.5457266416091154,0.04449439683047372,0.30683504555909585,0.08918584682835634,0.9767008717946848,0.6475012525417867,-0.8533566054797902,0.8489165311842758,-0.4546306758387847,0.33589944767593066,-0.3358994476759308,2.192362108070477,1.1991619208756263,-0.16939266597038094,1.4054204394309369,-1.3319560580205219,-0.29040893477575785,1.7392683192904568,0.17755300090595807,-1.1934162828797104,1.9493588689617927,0.0,0.5043324999544743,0.705920728119451,-0.3086748916977343,0.22653603785192755
-0.4025866645872451,-0.12300258763380169,-0.6671682835478513,-0.4021401155896262,-0.2606796309274576,-0.4380456811866785,0.024505372719113804,-0.46482844767361803,-0.4546306758387847,0.33589944767593066,-0.3358994476759308,-0.4561290291958711,0.2717756877602118,-0.16646209153675637,-0.7115308500884661,-1.3319560580205219,-0.29040893477575785,0.8143989028287663,-1.414233725533732,-1.1934162828797104,-0.5129891760425771,0.0,-0.26790988186857,0.4855596077006325,-0.5197346467047322,-0.4285079270211159
-0.39756913386662945,-0.12300258763380169,-0.6165014437038212,-0.3965988453367918,-0.2581543645953716,-0.4380456811866785,1.005645230706124,-0.46482844767361803,-0.16158314978334604,0.33589944767593066,-0.3358994476759308,2.192362108070477,1.1991619208756263,-0.16887590679993567,1.4054204394309369,-1.3319560580205219,-0.29040893477575785,0.8143989028287663,-1.5203528406297113,-1.1934162828797104,-0.5129891760425771,0.0,-0.26790988186857,1.5873652097947244,-0.3086748916977343,-0.4285079270211159
-0.403841047267399,-0.10429133812346528,-0.6798349935088589,-0.4039872056739043,-0.2606796309274576,-0.4380456811866785,0.024505372719113804,-0.46482844767361803,-0.4546306758387847,0.33589944767593066,-0.3358994476759308,-0.4561290291958711,0.2717756877602118,-0.1694747020568061,1.4054204394309369,-1.3319560580205219,-0.29040893477575785,-1.0353399300946147,-1.6972180324563437,-1.1934162828797104,-0.5129891760425771,0.0,-0.32307005199878747,0.5957401679100417,-0.5197346467047322,-0.4285079270211159
-0.4013322819070912,-0.08558008861312887,-0.6713905202015206,-0.4021401155896262,-0.2581543645953716,-0.3741899792026512,-0.3025412466098897,-0.46482844767361803,-0.4546306758387847,0.33589944767593066,-0.3358994476759308,-0.4561290291958711,-0.6556105453552027,-0.15778535510494385,-0.7115308500884661,-1.3319560580205219,-0.29040893477575785,-0.11047051363292415,-1.414233725533732,-1.1934162828797104,-0.5129891760425771,0.0,-0.32307005199878747,-0.6162459943934594,-0.5197346467047322,-0.4285079270211159
-0.07268401970676519,-0.14933693879649737,0.9795040113831271,0.04116150463712497,-0.20259850528947948,-0.31033427721862383,1.005645230706124,-0.114496453311513,0.4245119023275312,0.33589944767593066,-0.3358994476759308,-0.4561290291958711,0.2717756877602118,-0.16782239074268665,-0.7115308500884661,-1.3319560580205219,-0.29040893477575785,-0.11047051363292415,-0.03468522928600061,0.8379305815963922,-0.5129891760425771,0.0,-0.15758954160813513,-0.01025291324170885,-0.3086748916977343,0.008188049560913064
-0.4013322819070912,-0.08558008861312887,-0.6545015735868438,-0.4021401155896262,-0.2581543645953716,-0.4380456811866785,0.024505372719113804,-0.46482844767361803,-0.4546306758387847,0.33589944767593066,-0.3358994476759308,-0.4561290291958711,-0.6556105453552027,-0.16931699279370624,1.4054204394309369,-1.3319560580205219,-0.29040893477575785,-0.11047051363292415,-1.3788606871684057,-1.1934162828797104,-0.5129891760425771,0.0,-0.26790988186857,0.4855596077006325,-0.5197346467047322,-0.4285079270211159
0.45415670595787955,-0.0451770365731104,1.467172344881917,0.21848215272782542,0.6155877863063861,-0.054911469282514364,-0.22077959177763878,0.6299590347079602,0.1314643762720926,0.33589944767593066,-0.3358994476759308,-0.4561290291958711,0.2717756877602118,-0.16899862005940816,1.4054204394309369,-1.3319560580205219,-0.29040893477575785,0.8143989028287663,1.0265059216737928,0.8379305815963922,-0.5129891760425771,0.0,0.06305113891273467,-0.2857043137652318,-0.5197346467047322,0.6632320144339565
-0.4013322819070912,-0.08558008861312887,-0.6713905202015206,-0.4021401155896262,-0.2581543645953716,-0.3741899792026512,-0.3025412466098897,-0.46482844767361803,-0.4546306758387847,0.33589944767593066,-0.3358994476759308,-0.4561290291958711,-0.6556105453552027,-0.15778535510494385,-0.7115308500884661,-1.3319560580205219,-0.29040893477575785,-0.11047051363292415,-1.414233725533732,-1.1934162828797104,-0.5129891760425771,0.0,-0.32307005199878747,-0.6162459943934594,-0.5197346467047322,-0.4285079270211159
0.8154189178422073,0.5036252151166136,2.3791754620744587,-0.14724168395924428,1.8428672237001844,-0.054911469282514364,-0.4660645562743914,0.11905820959655697,-0.16158314978334604,0.33589944767593066,-0.3358994476759308,2.192362108070477,3.0539343871064553,-0.16675592161915995,-0.7115308500884661,-1.3319560580205219,-0.29040893477575785,-0.11047051363292415,-0.21155042111263284,0.8379305815963922,-0.5129891760425771,0.0,0.007890968782517228,0.8161012883288601,-0.5197346467047322,0.008188049560913064
0.8543047809269787,-0.1545533556365865,1.1134092309709211,1.3581367347274316,-0.13694158065524337,0.3282227426216498,-0.2558203009914606,-0.17288511903853054,0.7175594283829699,0.33589944767593066,-0.3358994476759308,2.192362108070477,3.0539343871064553,-0.16618098727385364,-0.7115308500884661,-1.3319560580205219,-0.29040893477575785,2.664137735752147,-0.9543842267844882,0.8379305815963922,1.9493588689617927,0.0,0.39401215969403935,-0.5060654341840503,-0.3086748916977343,0.008188049560913064
0.8154189178422073,0.5036252151166136,2.3791754620744587,-0.14724168395924428,1.8428672237001844,-0.054911469282514364,-0.711349520771144,-0.46482844767361803,-0.4546306758387847,0.33589944767593066,-0.3358994476759308,-0.4561290291958711,-0.6556105453552027,-0.1694308434288835,1.4054204394309369,-1.3319560580205219,-0.29040893477575785,-0.11047051363292415,-0.21155042111263284,0.8379305815963922,-0.5129891760425771,0.0,0.007890968782517228,1.5873652097947244,-0.5197346467047322,-0.4285079270211159
-0.358683270781858,0.35279775705760996,-0.5676441338542207,-0.39475175525251366,-0.18239637463279143,-0.11876717126654172,-0.6763088115573223,0.41100153823164454,-0.4546306758387847,0.33589944767593066,-0.3358994476759308,-0.4561290291958711,0.2717756877602118,-0.16942788922078508,1.4054204394309369,-1.3319560580205219,-0.29040893477575785,-1.0353399300946147,-0.4945347280352444,0.8379305815963922,1.9493588689617927,0.0,0.007890968782517228,1.0364624087476786,-0.3086748916977343,0.008188049560913064
-0.3022360501749318,-0.05836372568900317,-0.004277128921790731,-0.32640942213422286,-0.1621942439761034,-0.3741899792026512,-0.3025412466098897,-0.026913454720986756,-0.4546306758387847,0.33589944767593066,-0.3358994476759308,-0.4561290291958711,0.2717756877602118,-0.1694501594049116,1.4054204394309369,-1.3319560580205219,-0.29040893477575785,0.8143989028287663,-0.5652808047658974,0.8379305815963922,-0.5129891760425771,0.0,-0.21274971173835258,0.8711915684335647,-0.5197346467047322,-0.21015993873010144
-0.3072535808955475,-0.15451627101963145,-0.038055022151144195,-0.2673025394373227,-0.25310383193119956,-0.3741899792026512,0.3515519920481172,0.702944866866732,-0.16158314978334604,0.33589944767593066,-0.3358994476759308,2.192362108070477,2.126548153991041,-0.16810235877170535,-0.7115308500884661,-1.3319560580205219,-0.29040893477575785,-0.11047051363292415,0.21292603927128453,0.8379305815963922,-0.5129891760425771,0.0,-0.21274971173835258,-0.01025291324170885,-0.09761513669073649,0.44488402614294204
-0.3210517903772406,2.309459848709932,-0.274500274756618,-0.4021401155896262,-0.09653731934186728,-0.31033427721862383,-0.4660645562743914,-0.46482844767361803,-0.4546306758387847,0.33589944767593066,-0.3358994476759308,2.192362108070477,1.1991619208756263,-0.16777512341311204,-0.7115308500884661,-1.3319560580205219,-0.29040893477575785,-1.0353399300946147,-0.8482651116885089,-1.1934162828797104,-0.5129891760425771,0.0,-0.15758954160813513,0.09992764696770035,-0.5197346467047322,-0.4285079270211159
0.046482334907856825,-0.15137666151813273,2.3432864505182707,0.2110937923907129,-0.19502270629322147,-0.3741899792026512,-0.3025412466098897,-0.46482844767361803,-0.4546306758387847,0.33589944767593066,-0.3358994476759308,2.192362108070477,1.1991619208756263,-0.16874251294195353,1.4054204394309369,-1.3319560580205219,-0.29040893477575785,-1.0353399300946147,-1.414233725533732,0.8379305815963922,-0.5129891760425771,0.0,-0.21274971173835258,0.4855596077006325,-0.5197346467047322,-0.4285079270211159
-0.2959641367741622,-0.07677479472591173,-0.3336115879079865,-0.31347979154427597,-0.1672447766402754,-0.18262287325056908,-0.6295878659388932,-0.46482844767361803,-0.4546306758387847,0.33589944767593066,-0.3358994476759308,-0.4561290291958711,-0.6556105453552027,-0.16904520564865236,1.4054204394309369,-1.3319560580205219,-0.29040893477575785,-1.0353399300946147,-0.5652808047658974,0.8379305815963922,-0.5129891760425771,0.0,-0.04726920134770022,0.4855596077006325,-0.5197346467047322,-0.4285079270211159
-0.4013322819070912,-0.08558008861312887,-0.6713905202015206,-0.4021401155896262,-0.2581543645953716,-0.3741899792026512,-0.3025412466098897,-0.46482844767361803,-0.4546306758387847,0.33589944767593066,-0.3358994476759308,-0.4561290291958711,-0.6556105453552027,-0.16845163706764837,1.4054204394309369,-1.3319560580205219,-0.29040893477575785,-1.0353399300946147,-1.414233725533732,-1.1934162828797104,1.9493588689617927,0.0,-0.21274971173835258,-0.671336274498164,-0.3086748916977343,-0.4285079270211159
-0.403841047267399,-0.16042508665447452,-0.6798349935088589,-0.4021401155896262,-0.2632048972595436,-0.4380456811866785,0.024505372719113804,-0.46482844767361803,-0.4546306758387847,0.33589944767593066,-0.3358994476759308,-0.4561290291958711,-0.6556105453552027,-0.16946174899052843,1.4054204394309369,-1.3319560580205219,-0.29040893477575785,-1.0353399300946147,-1.6618449940910172,-1.1934162828797104,-0.5129891760425771,0.0,-0.26790988186857,0.9813721286429739,-0.5197346467047322,-0.4285079270211159
-0.29470975409400835,0.07572378647597816,-0.3830720744223968,-0.3541157733983948,-0.1091636510022973,-0.11876717126654172,-0.6763088115573223,-0.46482844767361803,-0.4546306758387847,0.33589944767593066,-0.3358994476759308,-0.4561290291958711,0.2717756877602118,-0.16525881985359553,-0.7115308500884661,-1.3319560580205219,-0.29040893477575785,-0.11047051363292415,-1.803337147552323,-1.1934162828797104,-0.5129891760425771,0.0,-0.15758954160813513,-0.45097515407934563,0.11344461831626136,-0.4285079270211159
-0.2959641367741622,-0.07677479472591173,-0.3336115879079865,-0.31347979154427597,-0.1672447766402754,-0.18262287325056908,-0.6295878659388932,-0.46482844767361803,-0.4546306758387847,0.33589944767593066,-0.3358994476759308,-0.4561290291958711,-0.6556105453552027,-0.16880864175400262,1.4054204394309369,-1.3319560580205219,-0.29040893477575785,-1.0353399300946147,-0.5652808047658974,0.8379305815963922,-0.5129891760425771,0.0,-0.04726920134770022,-0.2857043137652318,-0.5197346467047322,-0.4285079270211159
-0.38000777634447463,-0.16042508665447452,-0.43916750424971585,-0.36704540398834173,-0.2632048972595436,-0.4380456811866785,4.930204662654166,-0.33970987825858057,1.0106069544384086,0.33589944767593066,-0.3358994476759308,-0.4561290291958711,0.2717756877602118,-0.1683555116810616,1.4054204394309369,-1.3319560580205219,-0.29040893477575785,1.7392683192904568,-0.2469234594779593,0.8379305815963922,-0.5129891760425771,0.0,-0.26790988186857,1.6975457700041336,0.11344461831626136,-0.21015993873010144
-0.403841047267399,-0.10429133812346528,-0.6798349935088589,-0.4039872056739043,-0.2606796309274576,-0.4380456811866785,1.005645230706124,-0.46482844767361803,-0.16158314978334604,0.33589944767593066,-0.3358994476759308,-0.4561290291958711,-0.6556105453552027,-0.16746106836757318,-0.7115308500884661,-1.3319560580205219,-0.29040893477575785,-1.0353399300946147,-1.6972180324563437,-1.1934162828797104,1.9493588689617927,0.0,-0.26790988186857,-1.607871036278142,-0.5197346467047322,-0.4285079270211159
-0.38251654170478244,-0.12300258763380169,-0.4645009241717309,-0.37997503457828863,-0.25057856559911357,-0.4380456811866785,0.024505372719113804,-0.46482844767361803,-0.4546306758387847,0.33589944767593066,-0.3358994476759308,-0.4561290291958711,-0.6556105453552027,-0.169202005924645,1.4054204394309369,-1.3319560580205219,-0.29040893477575785,2.664137735752147,-0.8836381500538354,-1.1934162828797104,-0.5129891760425771,0.0,-0.26790988186857,1.4771846495853154,-0.5197346467047322,-0.4285079270211159
-0.403841047267399,-0.16042508665447452,-0.6798349935088589,-0.4021401155896262,-0.2632048972595436,-0.4380456811866785,0.024505372719113804,-0.46482844767361803,-0.4546306758387847,0.33589944767593066,-0.3358994476759308,-0.4561290291958711,0.2717756877602118,-0.1689786223430497,1.4054204394309369,-1.3319560580205219,-0.29040893477575785,-1.0353399300946147,-1.6618449940910172,-1.1934162828797104,-0.5129891760425771,0.0,-0.26790988186857,0.21010820717710954,-0.3086748916977343,-0.4285079270211159
0.6034282448961955,-0.158584635882966,1.5607652573715836,1.0570610509900964,-0.23037643494242555,0.008944232701513,-0.3025412466098897,0.19204404175532888,0.1314643762720926,0.33589944767593066,-0.3358994476759308,-0.4561290291958711,0.2717756877602118,-0.16867229368792208,1.4054204394309369,-1.3319560580205219,-0.29040893477575785,-0.11047051363292415,0.2836721160019374,0.8379305815963922,1.9493588689617927,0.0,0.11821130904295213,0.7610110082241555,-0.5197346467047322,0.22653603785192755
-0.25707827368939085,-0.09542811467120066,-0.37020430557311934,-0.2673025394373227,-0.15209317864775937,0.008944232701513,-0.5205723261625587,0.11905820959655697,-0.16158314978334604,0.33589944767593066,-0.3358994476759308,-0.4561290291958711,0.2717756877602118,-0.16959627908239458,1.4054204394309369,-1.3319560580205219,-0.29040893477575785,-0.11047051363292415,0.8496407298471605,0.8379305815963922,-0.5129891760425771,0.0,0.11821130904295213,-0.17552375355582264,-0.5197346467047322,0.008188049560913064
-0.4025866645872451,-0.16042508665447452,-0.6671682835478513,-0.40029302550534807,-0.2632048972595436,-0.4380456811866785,0.024505372719113804,-0.46482844767361803,-0.4546306758387847,0.33589944767593066,-0.3358994476759308,-0.4561290291958711,0.2717756877602118,-0.1694574313017692,1.4054204394309369,-1.3319560580205219,-0.29040893477575785,-0.11047051363292415,-1.6618449940910172,-1.1934162828797104,-0.5129891760425771,0.0,-0.26790988186857,0.32028876738651874,-0.5197346467047322,-0.4285079270211159
-0.3649551841826276,-0.14106862164378167,-0.5379678419455746,-0.3541157733983948,-0.25057856559911357,-0.24647857523459646,-0.17172259887828822,0.11905820959655697,-0.16158314978334604,0.33589944767593066,-0.3358994476759308,2.192362108070477,1.1991619208756263,-0.16839482537344816,1.4054204394309369,-1.3319560580205219,-0.29040893477575785,1.7392683192904568,-0.6006538431312237,-1.1934162828797104,-0.5129891760425771,0.0,-0.10242937147791767,1.5873652097947244,-0.5197346467047322,0.008188049560913064
-0.38251654170478244,-0.12300258763380169,-0.4645009241717309,-0.37997503457828863,-0.25057856559911357,-0.4380456811866785,1.005645230706124,0.11905820959655697,-0.16158314978334604,0.33589944767593066,-0.3358994476759308,-0.4561290291958711,0.2717756877602118,-0.16936607809749524,1.4054204394309369,-1.3319560580205219,-0.29040893477575785,2.664137735752147,-0.8836381500538354,-1.1934162828797104,-0.5129891760425771,0.0,-0.26790988186857,0.705920728119451,-0.3086748916977343,0.008188049560913064
-0.4013322819070912,-0.08558008861312887,-0.6713905202015206,-0.4021401155896262,-0.2581543645953716,-0.3741899792026512,-0.3025412466098897,-0.46482844767361803,-0.4546306758387847,0.33589944767593066,-0.3358994476759308,-0.4561290291958711,0.2717756877602118,-0.1685059490473038,1.4054204394309369,-1.3319560580205219,-0.29040893477575785,-1.0353399300946147,-1.414233725533732,-1.1934162828797104,1.9493588689617927,0.0,-0.21274971173835258,-1.4426001959640284,-0.09761513669073649,-0.4285079270211159
-0.3812621590246285,-0.05836372568900317,-0.4518342142107234,-0.3873633949154011,-0.23795223393868356,-0.4380456811866785,1.005645230706124,-0.46482844767361803,-0.16158314978334604,0.33589944767593066,-0.3358994476759308,-0.4561290291958711,0.2717756877602118,-0.16906565785856445,1.4054204394309369,-1.3319560580205219,-0.29040893477575785,1.7392683192904568,0.2836721160019374,-1.1934162828797104,1.9493588689617927,0.0,-0.26790988186857,0.3753790474912233,-0.5197346467047322,-0.4285079270211159
-0.358683270781858,0.35279775705760996,-0.5676441338542207,-0.39475175525251366,-0.18239637463279143,-0.11876717126654172,-0.6763088115573223,-0.46482844767361803,-0.4546306758387847,0.33589944767593066,-0.3358994476759308,-0.4561290291958711,-0.6556105453552027,-0.16944266026127716,1.4054204394309369,-1.3319560580205219,-0.29040893477575785,-1.0353399300946147,-0.4945347280352444,0.8379305815963922,1.9493588689617927,0.0,0.007890968782517228,2.303538851155884,-0.5197346467047322,-0.4285079270211159
-0.3988235165467834,-0.16042508665447452,-0.6291681536648288,-0.39475175525251366,-0.2632048972595436,-0.4380456811866785,0.024505372719113804,-0.46482844767361803,-0.4546306758387847,0.33589944767593066,-0.3358994476759308,-0.4561290291958711,0.2717756877602118,-0.16934426240692238,1.4054204394309369,-1.3319560580205219,-0.29040893477575785,-1.0353399300946147,-1.5910989173603642,-1.1934162828797104,1.9493588689617927,0.0,-0.26790988186857,-0.5060654341840503,-0.5197346467047322,-0.4285079270211159
-0.3072535808955475,-0.12783129718485625,-0.038055022151144195,-0.29316180061721653,-0.2177501032819955,-0.3741899792026512,-0.3025412466098897,-0.46482844767361803,-0.4546306758387847,0.33589944767593066,-0.3358994476759308,-0.4561290291958711,-0.6556105453552027,-0.16946743015994845,1.4054204394309369,-1.3319560580205219,-0.29040893477575785,-1.0353399300946147,-0.6006538431312237,-1.1934162828797104,-0.5129891760425771,0.0,-0.21274971173835258,0.4855596077006325,-0.5197346467047322,-0.4285079270211159
-0.38000777634447463,-0.16042508665447452,-0.43916750424971585,-0.36704540398834173,-0.2632048972595436,-0.4380456811866785,4.930204662654166,-0.33970987825858057,1.0106069544384086,0.33589944767593066,-0.3358994476759308,-0.4561290291958711,0.2717756877602118,-0.1683555116810616,1.4054204394309369,-1.3319560580205219,-0.29040893477575785,1.7392683192904568,-0.2469234594779593,0.8379305815963922,-0.5129891760425771,0.0,-0.26790988186857,1.6975457700041336,0.11344461831626136,-0.21015993873010144
-0.29470975409400835,0.07572378647597816,-0.3830720744223968,-0.3541157733983948,-0.1091636510022973,-0.11876717126654172,-0.6763088115573223,-0.46482844767361803,-0.4546306758387847,0.33589944767593066,-0.3358994476759308,-0.4561290291958711,0.2717756877602118,-0.16525881985359553,-0.7115308500884661,-1.3319560580205219,-0.29040893477575785,-0.11047051363292415,-1.803337147552323,-1.1934162828797104,-0.5129891760425771,0.0,-0.15758954160813513,-0.45097515407934563,0.11344461831626136,-0.4285079270211159
0.6034282448961955,-0.158584635882966,1.5607652573715836,1.0570610509900964,-0.23037643494242555,0.008944232701513,-0.3025412466098897,0.19204404175532888,0.1314643762720926,0.33589944767593066,-0.3358994476759308,-0.4561290291958711,0.2717756877602118,-0.16867229368792208,1.4054204394309369,-1.3319560580205219,-0.29040893477575785,-0.11047051363292415,0.2836721160019374,0.8379305815963922,1.9493588689617927,0.0,0.11821130904295213,0.7610110082241555,-0.5197346467047322,0.22653603785192755
-0.4025866645872451,-0.12300258763380169,-0.6671682835478513,-0.4021401155896262,-0.2606796309274576,-0.4380456811866785,0.024505372719113804,-0.46482844767361803,-0.4546306758387847,0.33589944767593066,-0.3358994476759308,-0.4561290291958711,-0.6556105453552027,-0.16943902431284835,1.4054204394309369,-1.3319560580205219,-0.29040893477575785,-0.11047051363292415,-1.414233725533732,-1.1934162828797104,-0.5129891760425771,0.0,-0.26790988186857,1.0364624087476786,-0.5197346467047322,-0.4285079270211159
-0.3988235165467834,-0.16042508665447452,-0.6291681536648288,-0.39475175525251366,-0.2632048972595436,-0.4380456811866785,0.024505372719113804,-0.46482844767361803,-0.4546306758387847,0.33589944767593066,-0.3358994476759308,-0.4561290291958711,0.2717756877602118,-0.16934426240692238,1.4054204394309369,-1.3319560580205219,-0.29040893477575785,-1.0353399300946147,-1.5910989173603642,-1.1934162828797104,1.9493588689617927,0.0,-0.26790988186857,-0.5060654341840503,-0.5197346467047322,-0.4285079270211159
-0.3837709243849364,-0.05938433929865788,-0.47716763413273844,-0.38921048499967925,-0.24047750027076956,-0.4380456811866785,0.024505372719113804,-0.026913454720986756,-0.4546306758387847,0.33589944767593066,-0.3358994476759308,2.192362108070477,1.1991619208756263,-0.16919609750844816,1.4054204394309369,0.47182142494143886,-0.29040893477575785,-1.0353399300946147,-0.1761773827473064,-1.1934162828797104,-0.5129891760425771,0.0,-0.26790988186857,-0.34079459386993644,-0.5197346467047322,-0.21015993873010144
-0.2370081508069282,-0.1570230412889588,0.4348354830598035,-0.16386549471774745,-0.25310383193119956,-0.3741899792026512,1.659738469364131,0.06066954386953948,0.4245119023275312,0.33589944767593066,-0.3358994476759308,2.192362108070477,1.1991619208756263,-0.0474649986052879,-0.7115308500884661,1.073080585928759,-0.29040893477575785,-0.11047051363292415,0.4251642694632432,0.8379305815963922,-0.5129891760425771,0.0,-0.21274971173835258,-0.17552375355582264,0.11344461831626136,0.22653603785192755
-0.05010513146399471,-0.15882697281729277,0.7337698381395811,0.1113509278396939,-0.25310383193119956,-0.24647857523459646,0.22073334431651584,3.0384914959474325,0.1314643762720926,0.33589944767593066,-0.3358994476759308,2.192362108070477,1.1991619208756263,-0.16791669815505902,-0.7115308500884661,0.47182142494143886,-0.29040893477575785,1.7392683192904568,-0.8128920733231825,0.8379305815963922,-0.5129891760425771,0.0,-0.10242937147791767,0.9262818485382693,-0.5197346467047322,3.0650598856351157
-0.3963147511864755,-0.1463916495217222,-0.6038347337428137,-0.3929046651682355,-0.2606796309274576,-0.4380456811866785,1.005645230706124,-0.17288511903853054,-0.16158314978334604,0.33589944767593066,-0.3358994476759308,-0.4561290291958711,0.2717756877602118,-0.16861775446148983,1.4054204394309369,0.47182142494143886,-0.29040893477575785,0.8143989028287663,-1.3788606871684057,-1.1934162828797104,-0.5129891760425771,0.0,-0.32307005199878747,-0.5060654341840503,-0.5197346467047322,-0.21015993873010144
-0.4013322819070912,-0.16042508665447452,-0.6545015735868438,-0.39844593542106993,-0.2632048972595436,-0.4380456811866785,0.024505372719113804,-0.026913454720986756,-0.4546306758387847,0.33589944767593066,-0.3358994476759308,-0.4561290291958711,0.2717756877602118,-0.16543834480726824,-0.7115308500884661,0.47182142494143886,-0.29040893477575785,1.7392683192904568,-1.3788606871684057,-1.1934162828797104,-0.5129891760425771,0.0,-0.26790988186857,0.15501792707240494,-0.5197346467047322,-0.21015993873010144
0.7138139207497401,-0.13367992114939534,0.32313813158546445,0.9259176550063491,0.17114091185924923,0.8390683584938687,-0.5998563550908019,0.9364995297748022,0.4245119023275312,0.33589944767593066,-0.3358994476759308,2.192362108070477,1.1991619208756263,-0.16803282125800428,-0.7115308500884661,0.47182142494143886,-0.29040893477575785,-1.0353399300946147,-0.03468522928600061,0.8379305815963922,-0.5129891760425771,0.0,0.835293520735779,-0.5060654341840503,-0.3086748916977343,1.318275979307
-0.2784027792520074,-0.1496760709783238,0.15616786391763793,-0.23405491792031638,-0.24047750027076956,-0.3741899792026512,0.3515519920481172,-0.17288511903853054,-0.16158314978334604,0.33589944767593066,-0.3358994476759308,-0.4561290291958711,0.2717756877602118,-0.16804554707750513,-0.7115308500884661,0.47182142494143886,-0.29040893477575785,1.7392683192904568,-0.07005826765132706,0.8379305815963922,-0.5129891760425771,0.0,-0.21274971173835258,0.8161012883288601,-0.5197346467047322,-0.21015993873010144
-0.20815734916338813,-0.1394796580981278,-0.2048333699710766,-0.16017131454919117,-0.20007323895739348,-0.054911469282514364,-0.711349520771144,0.8489165311842758,-0.4546306758387847,0.33589944767593066,-0.3358994476759308,-0.4561290291958711,0.2717756877602118,-0.165232004733933,-0.7115308500884661,0.47182142494143886,-0.29040893477575785,-1.0353399300946147,0.07143388580997873,-1.1934162828797104,-0.5129891760425771,0.0,-0.04726920134770022,0.7610110082241555,-0.5197346467047322,0.22653603785192755
0.47297244616018824,-0.158306831992927,0.9092613470539036,0.8649636822251708,-0.23037643494242555,0.13665563666956773,-0.4214672900022546,0.6299590347079602,0.1314643762720926,0.33589944767593066,-0.3358994476759308,-0.4561290291958711,0.2717756877602118,-0.13074185243175102,-0.7115308500884661,-0.7306968970332016,-0.29040893477575785,0.8143989028287663,-0.5652808047658974,0.8379305815963922,-0.5129891760425771,0.0,0.228531649303387,1.2568235291664969,-0.5197346467047322,0.6632320144339565
-0.16299957267784715,-0.14687556114698955,-0.0030707755921709707,-0.08628771117806598,-0.2101743042857375,-0.11876717126654172,-0.11565746413617345,0.19204404175532888,0.1314643762720926,0.33589944767593066,-0.3358994476759308,-0.4561290291958711,0.2717756877602118,-0.16868820096229814,1.4054204394309369,0.47182142494143886,-0.29040893477575785,-1.0353399300946147,-0.3176695362086122,0.8379305815963922,1.9493588689617927,0.0,0.007890968782517228,0.21010820717710954,-0.5197346467047322,0.22653603785192755
-0.2896922233733927,-0.16042508665447452,-0.31250040463964057,-0.23405491792031638,-0.2632048972595436,-0.18262287325056908,-0.6295878659388932,0.8489165311842758,-0.4546306758387847,0.33589944767593066,-0.3358994476759308,-0.4561290291958711,0.2717756877602118,-0.16879250723284975,1.4054204394309369,0.47182142494143886,-0.29040893477575785,-0.11047051363292415,-0.28229649784328575,0.8379305815963922,-0.5129891760425771,0.0,-0.10242937147791767,-1.5527807561734375,-0.5197346467047322,0.22653603785192755
0.1995170218866346,-0.1483505503571865,0.05958420046495552,0.39949698098708214,-0.14451737965150135,0.45593414658970455,-0.3434220740260151,-0.026913454720986756,0.7175594283829699,0.33589944767593066,-0.3358994476759308,-0.4561290291958711,0.2717756877602118,-0.15333768118939634,-0.7115308500884661,0.47182142494143886,-0.29040893477575785,0.8143989028287663,0.17755300090595807,0.8379305815963922,-0.5129891760425771,0.0,0.5043324999544743,0.5406498878053371,-0.3086748916977343,0.22653603785192755
-0.3248149384177023,-0.14493991464592024,0.11816773403461533,-0.300550160954329,-0.24300276660285555,-0.4380456811866785,1.005645230706124,0.9948881955018196,-0.16158314978334604,0.33589944767593066,-0.3358994476759308,2.192362108070477,1.1991619208756263,-0.1675433317007751,-0.7115308500884661,0.47182142494143886,-0.29040893477575785,-0.11047051363292415,-0.1054313060166535,-1.1934162828797104,-0.5129891760425771,0.0,-0.26790988186857,0.9262818485382693,-0.5197346467047322,0.6632320144339565
-0.19310475700154114,-0.05938433929865788,-0.08992821532479406,-0.2414432782574289,-0.058658324360577205,-0.11876717126654172,-0.6763088115573223,-0.46482844767361803,-0.4546306758387847,0.33589944767593066,-0.3358994476759308,-0.4561290291958711,0.2717756877602118,-0.16926722574958686,1.4054204394309369,0.47182142494143886,-0.29040893477575785,0.8143989028287663,0.4959103461938961,0.8379305815963922,1.9493588689617927,0.0,0.007890968782517228,-1.773141876592256,-0.5197346467047322,-0.4285079270211159
-0.18056093020000197,-0.1440823497403832,-0.3543979837414347,-0.11584115252651606,-0.20512377162156548,0.26436704063762245,-0.050966924049117714,0.03564582998653197,1.0106069544384086,0.33589944767593066,-0.3358994476759308,2.192362108070477,1.1991619208756263,-0.1505189121699578,-0.7115308500884661,-0.12943773604588138,-0.29040893477575785,-1.0353399300946147,-0.42378865130459153,0.8379305815963922,-0.5129891760425771,0.0,0.2836918194336045,0.09992764696770035,-0.3086748916977343,0.44488402614294204
-0.30349043285508576,-0.1414502984186404,-0.012721602229129143,-0.27653798985871336,-0.23290170127451154,-0.3741899792026512,-0.3025412466098897,-0.46482844767361803,-0.4546306758387847,-2.9770814061140713,2.9770814061140713,-0.4561290291958711,-1.5829967784706171,-0.15858253679796147,-0.7115308500884661,-1.3319560580205219,-0.29040893477575785,0.8143989028287663,0.9557598449431399,-1.1934162828797104,1.9493588689617927,0.0,-0.26790988186857,-1.6629613163828467,0.7466238833372549,-0.4285079270211159
-0.17930654751984806,-0.026515662447970545,-0.2466335128424014,-0.2543729088473758,-0.013203530383029115,0.07279993468554036,-0.5641785420730924,-0.46482844767361803,-0.16158314978334604,0.33589944767593066,-0.3358994476759308,-0.4561290291958711,-0.6556105453552027,-0.15407418799300812,-0.7115308500884661,0.47182142494143886,-0.29040893477575785,-1.0353399300946147,0.4251642694632432,0.8379305815963922,1.9493588689617927,0.0,0.06305113891273467,0.6508304480147463,-0.5197346467047322,-0.4285079270211159
-0.23324500276646645,-0.049761410979056286,-0.6352481744461125,-0.2783850799429915,-0.08896152034560927,2.627028014046635,-0.8781432966289358,-0.46482844767361803,-0.16158314978334604,0.33589944767593066,-0.3358994476759308,-0.4561290291958711,-0.6556105453552027,-0.15870252309611235,-0.7115308500884661,0.47182142494143886,-0.29040893477575785,-1.0353399300946147,-0.3884156129392651,0.8379305815963922,1.9493588689617927,0.0,1.938496923340128,-0.34079459386993644,-0.5197346467047322,-0.4285079270211159
-0.2357537681267743,-0.049784654767267886,-0.633390390318498,-0.28023217002726963,-0.09148678667769526,2.4993166100785804,-0.8748728304356457,-0.46482844767361803,-0.16158314978334604,0.33589944767593066,-0.3358994476759308,-0.4561290291958711,-0.6556105453552027,-0.15872456603346202,-0.7115308500884661,0.47182142494143886,-0.29040893477575785,-1.0353399300946147,-0.3530425745739386,0.8379305815963922,1.9493588689617927,0.0,1.8833367532099106,-0.34079459386993644,-0.5197346467047322,-0.4285079270211159
-0.24829759492831344,-0.04991176923405007,-0.6273144887924862,-0.28946762044866026,-0.1041131183381253,2.0523266961903888,-0.8609135235130664,-0.46482844767361803,-0.16158314978334604,0.33589944767593066,-0.3358994476759308,-0.4561290291958711,-0.6556105453552027,-0.15874501824337411,-0.7115308500884661,0.47182142494143886,-0.29040893477575785,-1.0353399300946147,-0.07005826765132706,0.8379305815963922,1.9493588689617927,0.0,1.6626960726890407,-0.34079459386993644,-0.3086748916977343,-0.4285079270211159
-0.22571870668554295,-0.04969550051111382,-0.635014327492986,-0.2728438096901571,-0.08138572134935125,2.75473941801469,-0.8811621884996651,-0.46482844767361803,-0.16158314978334604,0.33589944767593066,-0.3358994476759308,-0.4561290291958711,0.2717756877602118,-0.1588440978380593,-0.7115308500884661,0.47182142494143886,-0.29040893477575785,-1.0353399300946147,-0.3884156129392651,0.8379305815963922,1.9493588689617927,0.0,2.048817263600563,-0.8366071148122778,-0.3086748916977343,-0.4285079270211159
6.960025020402963,-0.030709366590351388,0.6983293396467917,4.625639093815443,7.687621401976557,6.202947325152167,-0.8825861940990656,-0.46482844767361803,0.4245119023275312,0.33589944767593066,-0.3358994476759308,-0.4561290291958711,0.2717756877602118,-0.1468672837135439,-0.7115308500884661,-0.12943773604588138,-0.29040893477575785,-1.0353399300946147,2.087697072633586,0.8379305815963922,1.9493588689617927,0.0,-0.26790988186857,1.642455489899429,-0.5197346467047322,-0.4285079270211159
-0.3988235165467834,-0.07622446385796065,-0.6291681536648288,-0.40029302550534807,-0.25562909826328556,-0.4380456811866785,0.024505372719113804,-0.46482844767361803,-0.4546306758387847,-2.9770814061140713,2.9770814061140713,-0.4561290291958711,-1.5829967784706171,-0.16708247523742284,-0.7115308500884661,1.6743397469160795,3.4434202266268428,-1.0353399300946147,-1.3081146104377528,-1.1934162828797104,-0.5129891760425771,0.0,-0.26790988186857,-1.8833224368016652,2.012982413379242,-0.4285079270211159
-0.02752624322122422,-0.13441188611571414,0.8249701498588353,0.04670277488995936,-0.11926471633064131,-0.24647857523459646,-0.17172259887828822,1.578774852771995,-0.16158314978334604,0.33589944767593066,-0.3358994476759308,-0.4561290291958711,0.2717756877602118,-0.16235165183798142,-0.7115308500884661,-1.3319560580205219,-0.29040893477575785,0.8143989028287663,1.6985936506149952,0.8379305815963922,-0.5129891760425771,0.0,-0.10242937147791767,-0.8366071148122778,0.5355641283302571,1.0999279910159854
0.5557617030503468,-0.08151422951775643,0.22010459038748548,0.425356242166976,0.53730453001172,0.7752126565098414,-0.582866920320464,-0.46482844767361803,0.4245119023275312,0.33589944767593066,-0.3358994476759308,-0.4561290291958711,-0.6556105453552027,-0.1490024944283653,-0.7115308500884661,-0.12943773604588138,-0.29040893477575785,-1.0353399300946147,0.38979123109791675,0.8379305815963922,1.9493588689617927,0.0,-0.32307005199878747,0.3753790474912233,-0.5197346467047322,-0.4285079270211159
-0.3411219132597032,0.15232008373257697,-0.4417008462419174,-0.38182212466256676,-0.1647195103081894,-0.24647857523459646,-0.5641785420730924,-0.46482844767361803,-0.4546306758387847,0.33589944767593066,-0.3358994476759308,-0.4561290291958711,0.2717756877602118,-0.14899067759597165,-0.7115308500884661,-0.12943773604588138,-0.29040893477575785,-0.11047051363292415,0.10680692417530518,-1.1934162828797104,-0.5129891760425771,0.0,-0.32307005199878747,0.43046932759592793,-0.5197346467047322,-0.4285079270211159
5.124511932187343,-0.15205473360384683,0.22219460128682478,7.173201150754367,0.5095266003587738,7.125662218821336,-0.5819359923878415,-0.39184261551484617,5.992414897380866,0.33589944767593066,-0.3358994476759308,2.192362108070477,2.126548153991041,1.2248665255317988,-0.7115308500884661,-1.3319560580205219,-0.29040893477575785,0.8143989028287663,1.6278475738843423,0.8379305815963922,1.9493588689617927,0.0,7.233873255841003,-1.0018779551263917,4.123579963449221,0.008188049560913064
-0.35115697470093454,-0.0783834541860764,-0.42650079428870835,-0.3596570436512292,-0.21522483694990951,-0.31033427721862383,-0.4660645562743914,-0.46482844767361803,-0.4546306758387847,0.33589944767593066,-0.3358994476759308,-0.4561290291958711,-0.6556105453552027,-0.1696055962002434,1.4054204394309369,-0.7306968970332016,-0.29040893477575785,-0.11047051363292415,0.38979123109791675,-1.1934162828797104,1.9493588689617927,0.0,-0.32307005199878747,0.32028876738651874,-0.09761513669073649,-0.4285079270211159
-0.39129722046585985,-0.1510694618993063,-0.6038347337428137,-0.38551630483112304,-0.2606796309274576,-0.3741899792026512,-0.3025412466098897,-0.46482844767361803,-0.4546306758387847,0.33589944767593066,-0.3358994476759308,-0.4561290291958711,-0.6556105453552027,-0.16960695968090422,1.4054204394309369,-0.7306968970332016,-0.29040893477575785,-0.11047051363292415,-1.2019954953417733,-1.1934162828797104,1.9493588689617927,0.0,-0.26790988186857,0.705920728119451,-0.09761513669073649,-0.4285079270211159
2.463677759564453,-0.11732359896742389,-0.1967222311363964,2.6474056135535657,1.3403392236150693,6.713792941024386,-0.9049955453738435,-0.46482844767361803,0.1314643762720926,-2.9770814061140713,2.9770814061140713,-0.4561290291958711,-1.5829967784706171,-0.16954173985596235,1.4054204394309369,1.6743397469160795,3.4434202266268428,0.8143989028287663,0.9911328833084664,0.8379305815963922,1.9493588689617927,0.0,3.0968604960746946,0.9813721286429739,-0.5197346467047322,-0.4285079270211159
-0.29721851945431615,-0.12951084833304913,-0.5582345778831866,-0.28023217002726963,-0.21522483694990951,0.3920784446056772,-0.6949971898046938,-0.46482844767361803,-0.16158314978334604,-2.9770814061140713,2.9770814061140713,-0.4561290291958711,-1.5829967784706171,0.14814243670841212,-0.7115308500884661,0.47182142494143886,-0.29040893477575785,1.7392683192904568,0.7435216147511813,0.8379305815963922,-0.5129891760425771,0.0,-0.32307005199878747,0.43046932759592793,-0.5197346467047322,-0.4285079270211159
-0.3837709243849364,-0.1472171458236488,-0.6291681536648288,-0.37628085440973236,-0.2581543645953716,-0.18262287325056908,-0.6295878659388932,-0.46482844767361803,-0.4546306758387847,-2.9770814061140713,2.9770814061140713,-0.4561290291958711,-1.5829967784706171,0.14812584769370565,-0.7115308500884661,0.47182142494143886,-0.29040893477575785,-0.11047051363292415,0.46053730782856966,-1.1934162828797104,-0.5129891760425771,0.0,-0.32307005199878747,0.9813721286429739,-0.5197346467047322,-0.4285079270211159
5.6711342727180165,-0.04825021954052701,0.3138471077161859,4.069664978447726,5.85299015905276,7.125662218821336,-0.9240520076261527,-0.46482844767361803,-0.16158314978334604,0.33589944767593066,-0.3358994476759308,-0.4561290291958711,-0.6556105453552027,-0.16558810043318004,-0.7115308500884661,1.073080585928759,-0.29040893477575785,-0.11047051363292415,0.7435216147511813,0.8379305815963922,1.9493588689617927,0.0,17.824625920842756,-1.5527807561734375,-0.5197346467047322,-0.4285079270211159
1.221838906212076,-0.12357655234270773,-0.4321690023991126,1.3987727165815504,0.5474055953400639,7.125662218821336,-0.8588870523426648,-0.46482844767361803,1.0106069544384086,0.33589944767593066,-0.3358994476759308,-0.4561290291958711,-0.6556105453552027,1.0852124733423505,-0.7115308500884661,0.47182142494143886,-0.29040893477575785,0.8143989028287663,0.8142676914818341,0.8379305815963922,1.9493588689617927,0.0,10.488323293523832,-1.5527807561734375,-0.3086748916977343,-0.4285079270211159
-0.3499025920207806,-0.16042508665447452,-0.3251671146006481,-0.3227152419656666,-0.2632048972595436,-0.3741899792026512,-0.3025412466098897,-0.46482844767361803,-0.4546306758387847,0.33589944767593066,-0.3358994476759308,-0.4561290291958711,0.2717756877602118,-0.169651727295934,1.4054204394309369,-0.12943773604588138,-0.29040893477575785,1.7392683192904568,0.9557598449431399,0.8379305815963922,-0.5129891760425771,0.0,-0.21274971173835258,1.7526360501088383,-0.09761513669073649,-0.4285079270211159
-0.23199062008631252,-0.14990000880491028,-0.0008993395988554025,-0.17125385505485996,-0.23290170127451154,-0.24647857523459646,-0.5641785420730924,-0.46482844767361803,-0.4546306758387847,0.33589944767593066,-0.3358994476759308,-0.4561290291958711,0.2717756877602118,-0.11310227587613363,-0.7115308500884661,2.2755989079033996,3.4434202266268428,-1.0353399300946147,1.6278475738843423,0.8379305815963922,-0.5129891760425771,0.0,-0.10242937147791767,-0.17552375355582264,-0.09761513669073649,-0.4285079270211159
-0.40007789922693726,0.40091239865561795,-0.6735016385283551,-0.4058342957581824,-0.25057856559911357,-0.31033427721862383,0.024505372719113804,-0.17288511903853054,-0.16158314978334604,0.33589944767593066,-0.3358994476759308,-0.4561290291958711,0.2717756877602118,-0.1674387981834467,-0.7115308500884661,-0.12943773604588138,-0.29040893477575785,-1.0353399300946147,-0.9190111884191617,0.8379305815963922,-0.5129891760425771,0.0,-0.15758954160813513,-1.3324196357546192,-0.3086748916977343,-0.21015993873010144
-0.3411219132597032,-0.052315645039197466,-0.6173458910345551,-0.35780995356695106,-0.19754797262530746,0.3920784446056772,-0.8258158375362953,-0.46482844767361803,-0.4546306758387847,0.33589944767593066,-0.3358994476759308,-0.4561290291958711,-0.6556105453552027,-0.16812735591715347,-0.7115308500884661,-1.3319560580205219,-0.29040893477575785,-1.0353399300946147,1.4509823820577101,0.8379305815963922,1.9493588689617927,0.0,0.4491723298242568,-2.324044677639302,-0.5197346467047322,-0.4285079270211159
-0.32606932109785625,-0.05155963495797174,-0.6038347337428137,-0.3467274130612823,-0.18239637463279143,0.45593414658970455,-0.8339920030195203,-0.46482844767361803,-0.4546306758387847,0.33589944767593066,-0.3358994476759308,-0.4561290291958711,-0.6556105453552027,-0.1681128121234382,-0.7115308500884661,-1.3319560580205219,-0.29040893477575785,-1.0353399300946147,1.840085804076301,0.8379305815963922,1.9493588689617927,0.0,0.5043324999544743,-2.324044677639302,-0.5197346467047322,-0.4285079270211159
-0.33610438253908753,-0.052028882594594594,-0.6105903123886843,-0.3541157733983948,-0.19249743996113547,0.3920784446056772,-0.8258158375362953,-0.46482844767361803,-0.4546306758387847,0.33589944767593066,-0.3358994476759308,-0.4561290291958711,-0.6556105453552027,-0.16809963181038376,-0.7115308500884661,-1.3319560580205219,-0.29040893477575785,-1.0353399300946147,1.840085804076301,0.8379305815963922,1.9493588689617927,0.0,0.4491723298242568,-2.324044677639302,-0.3086748916977343,-0.4285079270211159
-0.07268401970676519,-0.15034392365298715,0.642569526420327,0.04485568480568123,-0.2076490379536515,-0.24647857523459646,-0.5641785420730924,-0.46482844767361803,-0.4546306758387847,0.33589944767593066,-0.3358994476759308,-0.4561290291958711,-0.6556105453552027,-0.15319269774579736,-0.7115308500884661,2.2755989079033996,3.4434202266268428,-0.11047051363292415,1.274117190231078,0.8379305815963922,-0.5129891760425771,0.0,-0.10242937147791767,0.21010820717710954,-0.3086748916977343,-0.4285079270211159
0.04773671758801074,-0.13547675397402598,0.44116883804030727,0.14090436918814397,-0.09653731934186728,-0.054911469282514364,-0.711349520771144,-0.46482844767361803,-0.4546306758387847,0.33589944767593066,-0.3358994476759308,-0.4561290291958711,-0.6556105453552027,-0.14033780207572322,-0.7115308500884661,1.6743397469160795,3.4434202266268428,-0.11047051363292415,1.3802363053270572,0.8379305815963922,-0.5129891760425771,0.0,0.06305113891273467,-0.946787675021687,-0.3086748916977343,-0.4285079270211159
-0.22697308936569688,-0.1463916495217222,0.5023912695185102,-0.17125385505485996,-0.22280063594616753,-0.3741899792026512,-0.3025412466098897,-0.46482844767361803,-0.4546306758387847,0.33589944767593066,-0.3358994476759308,-0.4561290291958711,-0.6556105453552027,-0.16717360119492003,-0.7115308500884661,2.2755989079033996,3.4434202266268428,1.7392683192904568,2.1230701109989125,0.8379305815963922,-0.5129891760425771,0.0,-0.21274971173835258,-0.7815168347075732,-0.3086748916977343,-0.4285079270211159
-0.314779876976471,-0.04815758959245603,-0.0887218619951743,-0.33933905272416975,-0.16977004297236142,-0.3741899792026512,-0.3025412466098897,-0.46482844767361803,-0.4546306758387847,0.33589944767593066,-0.3358994476759308,-0.4561290291958711,-0.6556105453552027,-0.16708088450998526,-0.7115308500884661,2.2755989079033996,3.4434202266268428,0.8143989028287663,0.8496407298471605,0.8379305815963922,-0.5129891760425771,0.0,-0.21274971173835258,-1.1671487954405053,-0.3086748916977343,-0.4285079270211159
-0.08522784650830435,-0.13849376164701044,0.22131094371710514,-0.010557017722662664,-0.1571437113119314,-0.11876717126654172,-0.6763088115573223,-0.026913454720986756,-0.4546306758387847,0.33589944767593066,-0.3358994476759308,-0.4561290291958711,-0.6556105453552027,-0.1698076185848194,1.4054204394309369,-0.12943773604588138,-0.29040893477575785,-0.11047051363292415,0.7081485763858548,-1.1934162828797104,1.9493588689617927,0.0,0.007890968782517228,0.04483736686299575,-0.3086748916977343,-0.21015993873010144
-0.23449938544662036,-0.10429133812346528,-0.41594520265453544,-0.23774909808887262,-0.14704264598358738,0.20051133865359508,-0.793111175603395,0.8489165311842758,-0.4546306758387847,0.33589944767593066,-0.3358994476759308,-0.4561290291958711,0.2717756877602118,-0.15661480695764235,-0.7115308500884661,1.6743397469160795,3.4434202266268428,-1.0353399300946147,0.7081485763858548,-1.1934162828797104,-0.5129891760425771,0.0,0.2836918194336045,0.21010820717710954,-0.3086748916977343,0.22653603785192755
-0.09777167330984352,-0.13609124492674637,0.8528369117730519,-0.03272209873400022,-0.15209317864775937,-0.31033427721862383,-0.4660645562743914,-0.46482844767361803,-0.4546306758387847,0.33589944767593066,-0.3358994476759308,-0.4561290291958711,-0.6556105453552027,-0.15696863018912136,-0.7115308500884661,1.073080585928759,-0.29040893477575785,0.8143989028287663,1.981577957537607,0.8379305815963922,-0.5129891760425771,0.0,-0.15758954160813513,0.4855596077006325,-0.3086748916977343,-0.4285079270211159
-0.29721851945431615,-0.14603181780036958,-0.1541665301270465,-0.26360835926876647,-0.23795223393868356,-0.31033427721862383,-0.4660645562743914,-0.46482844767361803,-0.4546306758387847,0.33589944767593066,-0.3358994476759308,-0.4561290291958711,-0.6556105453552027,-0.15639301410348466,-0.7115308500884661,1.073080585928759,-0.29040893477575785,-0.11047051363292415,1.6632206122496689,0.8379305815963922,-0.5129891760425771,0.0,-0.15758954160813513,-1.1120585153358007,-0.3086748916977343,-0.4285079270211159
0.2308765888904825,-0.14456667339235083,1.133314060909647,0.4161207917455853,-0.1041131183381253,-0.11876717126654172,-0.6763088115573223,-0.026913454720986756,-0.4546306758387847,0.33589944767593066,-0.3358994476759308,-0.4561290291958711,0.2717756877602118,-0.14752993531469538,-0.7115308500884661,0.47182142494143886,-0.29040893477575785,-1.0353399300946147,0.9911328833084664,0.8379305815963922,1.9493588689617927,0.0,-0.04726920134770022,1.091552688852383,-0.09761513669073649,-0.21015993873010144
1.906731849576114,0.28712777325492345,1.0250103397615615,0.27574194534044744,3.4615629425673133,1.1583468684140057,-0.8839574587503403,-0.46482844767361803,-0.4546306758387847,0.33589944767593066,-0.3358994476759308,-0.4561290291958711,-0.6556105453552027,-0.14587762400057594,-0.7115308500884661,0.47182142494143886,-0.29040893477575785,-1.0353399300946147,1.1679980751350987,0.8379305815963922,1.9493588689617927,0.0,0.7801333506055615,-1.3324196357546192,-0.3086748916977343,-0.4285079270211159
2.0785822767572006,0.31596926595790026,1.1535539889954898,0.29051866601467247,3.787322299406408,1.1583468684140057,-0.8839574587503403,-0.46482844767361803,-0.4546306758387847,0.33589944767593066,-0.3358994476759308,-0.4561290291958711,-0.6556105453552027,-0.14300863344346437,-0.7115308500884661,0.47182142494143886,-0.29040893477575785,-1.0353399300946147,0.6727755380205284,0.8379305815963922,1.9493588689617927,0.0,0.7249731804753441,-1.3324196357546192,-0.5197346467047322,-0.4285079270211159
2.3394938742292153,0.3692547232438738,1.2753621654723744,0.29975411643606314,4.299951364819867,1.222202570398033,-0.8164716484126094,-0.46482844767361803,-0.16158314978334604,0.33589944767593066,-0.3358994476759308,-0.4561290291958711,-0.6556105453552027,-0.12836030621087743,-0.7115308500884661,-0.12943773604588138,-0.29040893477575785,-1.0353399300946147,0.6727755380205284,0.8379305815963922,1.9493588689617927,0.0,0.7801333506055615,-1.3324196357546192,-0.5197346467047322,-0.4285079270211159
0.5106039265648058,-0.14162430963451925,1.3524682491239046,0.7504440969999268,0.0019480676094869149,0.008944232701513,-0.7386034057152276,0.41100153823164454,-0.4546306758387847,0.33589944767593066,-0.3358994476759308,-0.4561290291958711,0.2717756877602118,-0.14847346393197278,-0.7115308500884661,0.47182142494143886,-0.29040893477575785,-1.0353399300946147,0.9911328833084664,0.8379305815963922,1.9493588689617927,0.0,0.06305113891273467,1.091552688852383,-0.5197346467047322,0.008188049560913064
0.4993144824434205,-0.1413505119109277,1.3271348292018894,0.7338202862414236,0.0019480676094869149,0.008944232701513,-0.7386034057152276,-0.46482844767361803,-0.4546306758387847,0.33589944767593066,-0.3358994476759308,-0.4561290291958711,-0.6556105453552027,-0.14846096535924871,-0.7115308500884661,0.47182142494143886,-0.29040893477575785,-1.0353399300946147,0.9911328833084664,0.8379305815963922,1.9493588689617927,0.0,0.06305113891273467,1.091552688852383,-0.5197346467047322,-0.4285079270211159
0.038956038826933326,-0.16010884018387728,0.5795978826141752,0.2480355940762755,-0.2606796309274576,-0.11876717126654172,0.16466820957440095,-0.114496453311513,0.4245119023275312,0.33589944767593066,-0.3358994476759308,-0.4561290291958711,0.2717756877602118,-0.16858866687405932,1.4054204394309369,1.073080585928759,-0.29040893477575785,-0.11047051363292415,0.5312833845592225,0.8379305815963922,-0.5129891760425771,0.0,0.007890968782517228,0.09992764696770035,-0.3086748916977343,0.008188049560913064
-0.3950603685063216,-0.11231044505646659,-0.5911680237818062,-0.39475175525251366,-0.25562909826328556,-0.4380456811866785,0.024505372719113804,-0.46482844767361803,-0.4546306758387847,0.33589944767593066,-0.3358994476759308,-0.4561290291958711,-0.6556105453552027,-0.16687090848822123,-0.7115308500884661,0.47182142494143886,-0.29040893477575785,-1.0353399300946147,-1.0605033418804677,0.8379305815963922,1.9493588689617927,0.0,-0.32307005199878747,0.9262818485382693,-0.5197346467047322,-0.4285079270211159
-0.3950603685063216,-0.11231044505646659,-0.5911680237818062,-0.39475175525251366,-0.25562909826328556,-0.4380456811866785,0.024505372719113804,-0.026913454720986756,-0.4546306758387847,0.33589944767593066,-0.3358994476759308,-0.4561290291958711,0.2717756877602118,-0.16737471459238884,-0.7115308500884661,0.47182142494143886,-0.29040893477575785,-1.0353399300946147,-1.0605033418804677,0.8379305815963922,1.9493588689617927,0.0,-0.32307005199878747,0.4855596077006325,-0.3086748916977343,-0.21015993873010144
-0.28592907533293094,-0.08164087818990015,-0.40116737436669325,-0.30239725103860715,-0.1621942439761034,-0.054911469282514364,0.515075301712619,-0.21459130884354305,1.0106069544384086,0.33589944767593066,-0.3358994476759308,-0.4561290291958711,0.2717756877602118,-0.15617303922354134,-0.7115308500884661,-0.12943773604588138,-0.29040893477575785,-0.11047051363292415,0.6374024996552019,0.8379305815963922,1.9493588689617927,0.0,-0.04726920134770022,-2.1036835572204837,-0.3086748916977343,0.008188049560913064
-0.0337981566219938,-0.15320789041477334,1.1758380157787438,0.10950383775541578,-0.2177501032819955,-0.31033427721862383,1.005645230706124,0.41100153823164454,0.4245119023275312,0.33589944767593066,-0.3358994476759308,2.192362108070477,1.1991619208756263,-0.04963475083018302,-0.7115308500884661,0.47182142494143886,-0.29040893477575785,0.8143989028287663,0.9203868065778135,0.8379305815963922,1.9493588689617927,0.0,-0.15758954160813513,0.43046932759592793,-0.09761513669073649,0.6632320144339565
-0.3097623462558553,0.09217678173506708,-0.5551166185081694,-0.36335122381978546,-0.12684051532689933,0.26436704063762245,-0.20191151758558087,-0.17288511903853054,0.7175594283829699,0.33589944767593066,-0.3358994476759308,-0.4561290291958711,0.2717756877602118,-0.16690840420639336,-0.7115308500884661,-0.12943773604588138,-0.29040893477575785,-0.11047051363292415,0.6727755380205284,0.8379305815963922,1.9493588689617927,0.0,0.2836918194336045,-2.1036835572204837,-0.5197346467047322,0.008188049560913064
-0.3963147511864755,0.06410990746956245,-0.637612626972167,-0.4021401155896262,-0.24805329926702757,-0.3741899792026512,0.3515519920481172,-0.17288511903853054,-0.16158314978334604,0.33589944767593066,-0.3358994476759308,-0.4561290291958711,0.2717756877602118,-0.16817485049350483,-0.7115308500884661,-0.12943773604588138,-0.29040893477575785,-0.11047051363292415,-1.2727415720724262,0.8379305815963922,1.9493588689617927,0.0,-0.26790988186857,-2.1036835572204837,-0.5197346467047322,-0.21015993873010144
-0.3988235165467834,0.1202436560005717,-0.6291681536648288,-0.4039872056739043,-0.25057856559911357,-0.4380456811866785,0.024505372719113804,-0.46482844767361803,-0.4546306758387847,0.33589944767593066,-0.3358994476759308,-0.4561290291958711,-0.6556105453552027,-0.16767967976685566,-0.7115308500884661,-0.12943773604588138,-0.29040893477575785,-1.0353399300946147,-1.555725878995038,0.8379305815963922,1.9493588689617927,0.0,-0.32307005199878747,-1.22223907554521,-0.3086748916977343,-0.4285079270211159
-0.17178025143892456,-0.15921790926671087,0.08438984080526196,-0.06412263016672842,-0.2581543645953716,-0.18262287325056908,-0.6295878659388932,-0.46482844767361803,-0.4546306758387847,0.33589944767593066,-0.3358994476759308,-0.4561290291958711,-0.6556105453552027,0.5160892826123896,-0.7115308500884661,-0.12943773604588138,-0.29040893477575785,0.8143989028287663,0.8142676914818341,0.8379305815963922,1.9493588689617927,0.0,-0.04726920134770022,0.705920728119451,-0.3086748916977343,-0.4285079270211159
-0.4025866645872451,0.17637740453158093,-0.6861683484893626,-0.4058342957581824,-0.25562909826328556,-0.31033427721862383,0.024505372719113804,-0.46482844767361803,-0.16158314978334604,0.33589944767593066,-0.3358994476759308,-0.4561290291958711,-0.6556105453552027,-0.16383261908239297,-0.7115308500884661,-0.7306968970332016,-0.29040893477575785,-1.0353399300946147,-1.2373685337070999,-1.1934162828797104,1.9493588689617927,0.0,-0.15758954160813513,-0.8916973949169824,-0.3086748916977343,-0.4285079270211159
-0.15798204195723148,-0.15928531511069768,0.9668373014221197,-0.043804639239669,-0.2581543645953716,-0.3741899792026512,0.3515519920481172,-0.46482844767361803,-0.16158314978334604,0.33589944767593066,-0.3358994476759308,-0.4561290291958711,-0.6556105453552027,-0.16491135953186692,-0.7115308500884661,-0.7306968970332016,-0.29040893477575785,1.7392683192904568,1.4509823820577101,0.8379305815963922,-0.5129891760425771,0.0,-0.21274971173835258,3.2400736129358623,-0.3086748916977343,-0.4285079270211159
2.2128012235336696,0.34774868972942397,1.2539493938716235,0.29051866601467247,4.05752579693961,1.1583468684140057,-0.593249352680115,0.41100153823164454,0.7175594283829699,0.33589944767593066,-0.3358994476759308,-0.4561290291958711,0.2717756877602118,0.10364365461558743,-0.7115308500884661,-0.7306968970332016,-0.29040893477575785,-1.0353399300946147,0.6727755380205284,0.8379305815963922,1.9493588689617927,0.0,0.7249731804753441,-1.8282321566969606,-0.3086748916977343,0.881580002724971
-0.16550833803815498,0.20881023701616402,-0.2629850838829748,-0.3245623320499447,0.11053451988918513,0.13665563666956773,-0.7782454201793492,-0.46482844767361803,-0.4546306758387847,0.33589944767593066,-0.3358994476759308,-0.4561290291958711,-0.6556105453552027,0.09892669326953087,-0.7115308500884661,-0.7306968970332016,-0.29040893477575785,-1.0353399300946147,1.132625036769772,0.8379305815963922,1.9493588689617927,0.0,-0.32307005199878747,-0.8366071148122778,-0.3086748916977343,-0.4285079270211159
-0.35742888810170415,-0.14795092031425022,-0.21116672495158037,-0.3411861428084479,-0.25310383193119956,-0.4380456811866785,0.024505372719113804,-0.46482844767361803,-0.4546306758387847,0.33589944767593066,-0.3358994476759308,-0.4561290291958711,-0.6556105453552027,-0.07395083768821127,-0.7115308500884661,-0.12943773604588138,-0.29040893477575785,0.8143989028287663,-0.21155042111263284,0.8379305815963922,-0.5129891760425771,0.0,-0.26790988186857,0.6508304480147463,-0.5197346467047322,-0.4285079270211159
-0.1529645112366158,-0.11973753738367587,0.14772339061029952,-0.13246496328501922,-0.12684051532689933,-0.18262287325056908,-0.3025412466098897,-0.46482844767361803,-0.16158314978334604,0.33589944767593066,-0.3358994476759308,-0.4561290291958711,0.2717756877602118,0.2178501582453158,-0.7115308500884661,-0.7306968970332016,-0.29040893477575785,0.8143989028287663,1.8754588424416276,0.8379305815963922,1.9493588689617927,0.0,-0.10242937147791767,0.2651984872818141,0.3245043733232592,-0.4285079270211159
0.29108695753787045,-0.07097324222118882,2.1119078818972,0.16491654028375966,0.3605358867656996,-0.24647857523459646,-0.5641785420730924,0.41100153823164454,-0.4546306758387847,0.33589944767593066,-0.3358994476759308,-0.4561290291958711,0.2717756877602118,-0.08899934649474463,-0.7115308500884661,1.073080585928759,-0.29040893477575785,-1.0353399300946147,0.17755300090595807,-1.1934162828797104,-0.5129891760425771,0.0,-0.10242937147791767,1.091552688852383,-0.3086748916977343,0.008188049560913064
0.0602805443895499,-0.15473265018372429,0.4728356129428261,0.2480355940762755,-0.2177501032819955,-0.054911469282514364,0.515075301712619,-0.46482844767361803,1.0106069544384086,-2.9770814061140713,2.9770814061140713,-0.4561290291958711,-1.5829967784706171,-0.1696778606752661,1.4054204394309369,0.47182142494143886,-0.29040893477575785,-0.11047051363292415,0.3544181927325903,0.8379305815963922,-0.5129891760425771,0.0,-0.32307005199878747,0.4855596077006325,-0.5197346467047322,-0.4285079270211159
0.05149986562847249,-0.15461814715126665,0.6157884825027683,0.2351059634863286,-0.2177501032819955,-0.11876717126654172,0.4449938832849754,-0.46482844767361803,0.7175594283829699,-2.9770814061140713,2.9770814061140713,-0.4561290291958711,-1.5829967784706171,-0.16960286923892182,1.4054204394309369,0.47182142494143886,-0.29040893477575785,1.7392683192904568,0.3544181927325903,-1.1934162828797104,-0.5129891760425771,0.0,-0.32307005199878747,-0.2857043137652318,-0.5197346467047322,-0.4285079270211159
-0.1441838324755384,-0.14990000880491028,0.17727904718598386,-0.05304008966105965,-0.2177501032819955,-0.18262287325056908,0.3515519920481172,-0.46482844767361803,0.4245119023275312,-2.9770814061140713,2.9770814061140713,-0.4561290291958711,-1.5829967784706171,-0.16960695968090422,1.4054204394309369,0.47182142494143886,-0.29040893477575785,-0.11047051363292415,0.8496407298471605,-1.1934162828797104,-0.5129891760425771,0.0,-0.32307005199878747,0.7610110082241555,-0.5197346467047322,-0.4285079270211159
-0.1517101285564619,-0.15087040605345167,0.3233684354029373,-0.060428449998172165,-0.22280063594616753,-0.24647857523459646,0.22073334431651584,-0.46482844767361803,0.1314643762720926,-2.9770814061140713,2.9770814061140713,-0.4561290291958711,-1.5829967784706171,-0.16961059562933303,1.4054204394309369,0.47182142494143886,-0.29040893477575785,-1.0353399300946147,1.1679980751350987,-1.1934162828797104,-0.5129891760425771,0.0,-0.32307005199878747,0.705920728119451,-0.5197346467047322,-0.4285079270211159
-0.3386131478993954,-0.12909462235809727,-0.24916685483460296,-0.328256512218501,-0.23290170127451154,-0.3741899792026512,0.3515519920481172,-0.46482844767361803,-0.16158314978334604,-2.9770814061140713,2.9770814061140713,-0.4561290291958711,-1.5829967784706171,-0.16961309534387783,1.4054204394309369,0.47182142494143886,-0.29040893477575785,-1.0353399300946147,0.6727755380205284,-1.1934162828797104,-0.5129891760425771,0.0,-0.32307005199878747,1.0364624087476786,-0.5197346467047322,-0.4285079270211159
-0.3812621590246285,-0.1340092049928231,-0.4518342142107234,-0.37628085440973236,-0.25310383193119956,-0.4380456811866785,0.024505372719113804,-0.46482844767361803,-0.4546306758387847,-2.9770814061140713,2.9770814061140713,-0.4561290291958711,-1.5829967784706171,-0.16961627679875305,1.4054204394309369,0.47182142494143886,-0.29040893477575785,-1.0353399300946147,-0.07005826765132706,-1.1934162828797104,-0.5129891760425771,0.0,-0.32307005199878747,0.9813721286429739,-0.5197346467047322,-0.4285079270211159
-0.1742890167992324,-0.1306398323318982,0.4665022579623223,-0.1361591434535755,-0.1647195103081894,-0.31033427721862383,1.4962151596996294,-0.46482844767361803,0.7175594283829699,-2.9770814061140713,2.9770814061140713,-0.4561290291958711,-1.5829967784706171,-0.16968967750765976,1.4054204394309369,0.47182142494143886,-0.29040893477575785,0.8143989028287663,0.5312833845592225,0.8379305815963922,-0.5129891760425771,0.0,-0.26790988186857,0.43046932759592793,-0.5197346467047322,-0.4285079270211159
-0.19310475700154114,-0.13048708743793627,0.3715019332547659,-0.15832422446491304,-0.17229530930444742,-0.31033427721862383,1.005645230706124,-0.46482844767361803,0.4245119023275312,-2.9770814061140713,2.9770814061140713,-0.4561290291958711,-1.5829967784706171,-0.16969240446898137,1.4054204394309369,0.47182142494143886,-0.29040893477575785,-0.11047051363292415,0.5312833845592225,0.8379305815963922,-0.5129891760425771,0.0,-0.26790988186857,0.8161012883288601,-0.5197346467047322,-0.4285079270211159
-0.24704321224815953,-0.12300258763380169,0.09916766909310404,-0.2303607377517601,-0.18239637463279143,-0.31033427721862383,0.515075301712619,-0.46482844767361803,0.1314643762720926,-2.9770814061140713,2.9770814061140713,-0.4561290291958711,-1.5829967784706171,-0.16969581317063337,1.4054204394309369,0.47182142494143886,-0.29040893477575785,0.8143989028287663,0.5312833845592225,0.8379305815963922,-0.5129891760425771,0.0,-0.26790988186857,-0.12043347345111804,-0.5197346467047322,-0.4285079270211159
-0.2896922233733927,-0.11279645153725454,-0.11616640024402392,-0.285773440280104,-0.19249743996113547,-0.31033427721862383,0.024505372719113804,-0.46482844767361803,-0.16158314978334604,-2.9770814061140713,2.9770814061140713,-0.4561290291958711,-1.5829967784706171,-0.1697024033271606,1.4054204394309369,0.47182142494143886,-0.29040893477575785,3.5890071522138376,0.21292603927128453,0.8379305815963922,-0.5129891760425771,0.0,-0.26790988186857,0.705920728119451,-0.5197346467047322,-0.4285079270211159
-0.3900428377857059,-0.07622446385796065,-0.5953902604354754,-0.3929046651682355,-0.24805329926702757,-0.3741899792026512,-0.3025412466098897,-0.46482844767361803,-0.4546306758387847,-2.9770814061140713,2.9770814061140713,-0.4561290291958711,-1.5829967784706171,-0.16971149319823264,1.4054204394309369,0.47182142494143886,-0.29040893477575785,-0.11047051363292415,-0.777519034957856,0.8379305815963922,-0.5129891760425771,0.0,-0.26790988186857,0.43046932759592793,-0.5197346467047322,-0.4285079270211159
-0.38251654170478244,-0.15451627101963145,-0.5848346688013024,-0.3725866742411761,-0.2606796309274576,-0.31033427721862383,-0.4660645562743914,-0.46482844767361803,-0.4546306758387847,-2.9770814061140713,2.9770814061140713,-0.4561290291958711,-1.5829967784706171,-0.16581330198898975,-0.7115308500884661,-0.12943773604588138,-0.29040893477575785,0.8143989028287663,-0.6713999198618766,0.8379305815963922,-0.5129891760425771,0.0,-0.21274971173835258,1.0364624087476786,-0.3086748916977343,-0.4285079270211159
-0.3875340724253981,-0.16042508665447452,-0.515167764015761,-0.3781279444940105,-0.2632048972595436,-0.4380456811866785,0.024505372719113804,-0.46482844767361803,-0.4546306758387847,-2.9770814061140713,2.9770814061140713,-0.4561290291958711,-1.5829967784706171,-0.1698501137320812,1.4054204394309369,-0.12943773604588138,-0.29040893477575785,2.664137735752147,-1.2373685337070999,0.8379305815963922,-0.5129891760425771,0.0,-0.32307005199878747,1.1466429689570876,-0.5197346467047322,-0.4285079270211159
-0.08271908114799652,-0.1146638786128909,0.11183437905411157,-0.0678168103352847,-0.07380992235309324,-0.054911469282514364,-0.4660645562743914,-0.46482844767361803,-0.16158314978334604,-2.9770814061140713,2.9770814061140713,-0.4561290291958711,-1.5829967784706171,-0.1688079600136722,1.4054204394309369,-0.12943773604588138,-0.29040893477575785,0.8143989028287663,1.0265059216737928,0.8379305815963922,-0.5129891760425771,0.0,-0.15758954160813513,0.43046932759592793,-0.5197346467047322,-0.4285079270211159
-0.344885061300165,-0.16042508665447452,-0.3948340193861895,-0.3153268816285541,-0.2632048972595436,-0.31033427721862383,0.024505372719113804,-0.46482844767361803,-0.16158314978334604,-2.9770814061140713,2.9770814061140713,-0.4561290291958711,-1.5829967784706171,-0.1677383094352703,-0.7115308500884661,-0.12943773604588138,-0.29040893477575785,-0.11047051363292415,0.0006878090793258368,0.8379305815963922,-0.5129891760425771,0.0,-0.26790988186857,0.43046932759592793,-0.5197346467047322,-0.4285079270211159
1.66839914034687,-0.13129021869545754,0.6464921204727679,2.0193949848990016,0.5979109219817841,1.413769676350115,-0.6401377568849901,-0.17288511903853054,0.7175594283829699,0.33589944767593066,-0.3358994476759308,-0.4561290291958711,-0.6556105453552027,0.041574606234069646,-0.7115308500884661,0.47182142494143886,-0.29040893477575785,0.8143989028287663,1.132625036769772,0.8379305815963922,-0.5129891760425771,0.0,0.5043324999544743,-0.01025291324170885,-0.3086748916977343,0.008188049560913064
-0.09777167330984352,-0.15367940013572662,-0.18583330502956533,0.02269060379434367,-0.22785116861033952,0.20051133865359508,-0.6295878659388932,-0.46482844767361803,-0.16158314978334604,-2.9770814061140713,2.9770814061140713,-0.4561290291958711,-1.5829967784706171,-0.15434256643641,-0.7115308500884661,-0.7306968970332016,-0.29040893477575785,0.8143989028287663,0.3544181927325903,0.8379305815963922,-0.5129891760425771,0.0,-0.26790988186857,0.2651984872818141,-0.5197346467047322,-0.4285079270211159
-0.403841047267399,-0.10429133812346528,-0.6798349935088589,-0.4039872056739043,-0.2606796309274576,-0.4380456811866785,0.024505372719113804,-0.46482844767361803,-0.4546306758387847,-2.9770814061140713,2.9770814061140713,-0.4561290291958711,-1.5829967784706171,-0.16973353613558234,1.4054204394309369,-0.7306968970332016,-0.29040893477575785,0.8143989028287663,-1.6972180324563437,-1.1934162828797104,-0.5129891760425771,0.0,-0.32307005199878747,-0.5611557142887548,-0.09761513669073649,-0.4285079270211159
0.4115076948326464,-0.057072949653263386,-0.568037738552054,0.22032924281210356,0.527203464683376,7.125662218821336,-0.9240520076261527,-0.46482844767361803,-0.16158314978334604,-2.9770814061140713,2.9770814061140713,-0.4561290291958711,-1.5829967784706171,-0.16883000295102188,1.4054204394309369,-0.7306968970332016,-0.29040893477575785,-0.11047051363292415,2.370681379556198,0.8379305815963922,1.9493588689617927,0.0,-0.32307005199878747,-2.048593277115779,-0.3086748916977343,-0.4285079270211159
0.27728874805617737,-0.15155018570095527,0.5499873917962356,0.5269461968022731,-0.1621942439761034,0.13665563666956773,2.0759796212374084,0.21637265247491952,4.234129741048234,0.33589944767593066,-0.3358994476759308,-0.4561290291958711,0.2717756877602118,0.3018864707998476,-0.7115308500884661,-0.7306968970332016,-0.29040893477575785,-0.11047051363292415,2.3353083411908715,0.8379305815963922,-0.5129891760425771,0.0,0.17337147917316958,0.09992764696770035,2.22404216838624,2.628363909053087
0.5005688651235745,-0.14138132705590917,1.3299496536376687,0.7356673763257018,0.0019480676094869149,0.008944232701513,0.3515519920481172,0.16076439940156953,1.0106069544384086,0.33589944767593066,-0.3358994476759308,-0.4561290291958711,0.2717756877602118,-0.1521310008045835,-0.7115308500884661,-0.12943773604588138,-0.29040893477575785,0.8143989028287663,0.9911328833084664,0.8379305815963922,1.9493588689617927,0.0,0.06305113891273467,0.6508304480147463,-0.3086748916977343,0.6632320144339565
-0.04759636610368687,-0.16042508665447452,2.917510635417279,0.12243346834536269,-0.2632048972595436,-0.4380456811866785,0.024505372719113804,-0.46482844767361803,-0.4546306758387847,0.33589944767593066,-0.3358994476759308,-0.4561290291958711,-0.6556105453552027,-0.1565291349227884,-0.7115308500884661,-0.12943773604588138,-0.29040893477575785,-1.0353399300946147,1.0265059216737928,0.8379305815963922,-0.5129891760425771,0.0,-0.26790988186857,-0.671336274498164,-0.3086748916977343,-0.4285079270211159
-0.25456950832908304,-0.14347904936209438,-0.09209965131810963,-0.2118898369089788,-0.22280063594616753,-0.24647857523459646,-0.5641785420730924,-0.46482844767361803,-0.4546306758387847,0.33589944767593066,-0.3358994476759308,-0.4561290291958711,-0.6556105453552027,-0.14655300142122824,-0.7115308500884661,-0.7306968970332016,-0.29040893477575785,0.8143989028287663,1.2387441518657516,0.8379305815963922,-0.5129891760425771,0.0,-0.10242937147791767,0.705920728119451,-0.3086748916977343,-0.4285079270211159
-0.1818153128801559,-0.14479290351925675,0.42850212807929977,-0.11584115252651606,-0.2076490379536515,-0.31033427721862383,0.024505372719113804,0.11905820959655697,-0.16158314978334604,0.33589944767593066,-0.3358994476759308,2.192362108070477,1.1991619208756263,-0.053596116643376567,-0.7115308500884661,1.073080585928759,-0.29040893477575785,-1.0353399300946147,0.7081485763858548,0.8379305815963922,-0.5129891760425771,0.0,-0.15758954160813513,0.15501792707240494,-0.3086748916977343,0.008188049560913064
-0.3812621590246285,-0.14860745538478834,-0.5362789472841069,-0.3725866742411761,-0.2581543645953716,-0.3741899792026512,-0.3025412466098897,-0.46482844767361803,-0.4546306758387847,0.33589944767593066,-0.3358994476759308,-0.4561290291958711,-0.6556105453552027,-0.16898407626569292,1.4054204394309369,-0.12943773604588138,-0.29040893477575785,1.7392683192904568,-0.5299077664005709,-1.1934162828797104,-0.5129891760425771,0.0,-0.21274971173835258,0.21010820717710954,0.11344461831626136,-0.4285079270211159
-0.3862796897452442,-0.14545608704620538,-0.6472634536091253,-0.37997503457828863,-0.2581543645953716,-0.11876717126654172,-0.6763088115573223,-0.46482844767361803,-0.4546306758387847,0.33589944767593066,-0.3358994476759308,-0.4561290291958711,-0.6556105453552027,-0.06298708969467436,-0.7115308500884661,2.2755989079033996,3.4434202266268428,-1.0353399300946147,1.203371113500425,0.8379305815963922,-0.5129891760425771,0.0,0.007890968782517228,-0.395884873974641,-0.09761513669073649,-0.4285079270211159
-0.3850253070650903,-0.16042508665447452,-0.489834344093746,-0.3744337643254542,-0.2632048972595436,-0.4380456811866785,0.024505372719113804,-0.46482844767361803,-0.4546306758387847,0.33589944767593066,-0.3358994476759308,-0.4561290291958711,-0.6556105453552027,0.44453904420918405,-0.7115308500884661,-0.12943773604588138,-0.29040893477575785,-0.11047051363292415,-1.166622456976447,-1.1934162828797104,-0.5129891760425771,0.0,-0.26790988186857,0.3753790474912233,-0.09761513669073649,-0.4285079270211159
-0.3950603685063216,-0.11231044505646659,-0.5911680237818062,-0.39475175525251366,-0.25562909826328556,-0.4380456811866785,0.024505372719113804,-0.46482844767361803,-0.4546306758387847,0.33589944767593066,-0.3358994476759308,2.192362108070477,1.1991619208756263,-0.16967240675262288,1.4054204394309369,-0.12943773604588138,-0.29040893477575785,-0.11047051363292415,-0.8128920733231825,-1.1934162828797104,-0.5129891760425771,0.0,-0.26790988186857,-1.1671487954405053,-0.3086748916977343,-0.4285079270211159
-0.14167506711523056,-0.15602243971086593,-0.2597224464687759,-0.03087500864972209,-0.24300276660285555,0.20051133865359508,-0.793111175603395,0.41100153823164454,-0.4546306758387847,0.33589944767593066,-0.3358994476759308,-0.4561290291958711,0.2717756877602118,-0.12731315306337881,-0.7115308500884661,-1.3319560580205219,-0.29040893477575785,-1.0353399300946147,1.132625036769772,0.8379305815963922,1.9493588689617927,0.0,0.2836918194336045,0.43046932759592793,-0.3086748916977343,0.008188049560913064
1.7963461737225694,-0.1589359560706069,1.0742510018914633,2.795172820295816,-0.20512377162156548,1.0306354644459508,-0.8781432966289358,-0.46482844767361803,-0.4546306758387847,0.33589944767593066,-0.3358994476759308,-0.4561290291958711,-0.6556105453552027,0.026215905577203023,-0.7115308500884661,1.073080585928759,-0.29040893477575785,0.8143989028287663,0.03606084744465229,0.8379305815963922,1.9493588689617927,0.0,0.835293520735779,0.32028876738651874,-0.09761513669073649,-0.4285079270211159
-0.18808722628092547,-0.10332351487293064,-0.07545197536935686,-0.1934189360661975,-0.11421418366646931,-0.11876717126654172,-0.6763088115573223,1.2868315241369073,-0.4546306758387847,0.33589944767593066,-0.3358994476759308,2.192362108070477,1.1991619208756263,-0.13675684736689442,-0.7115308500884661,-0.12943773604588138,-0.29040893477575785,-1.0353399300946147,0.4251642694632432,-1.1934162828797104,-0.5129891760425771,0.0,0.007890968782517228,0.5957401679100417,0.11344461831626136,0.44488402614294204
-0.3022360501749318,-0.15768685501881552,-0.17949995004906155,-0.2562199989316539,-0.2581543645953716,-0.31033427721862383,1.9867850886931349,0.16076439940156953,1.0106069544384086,0.33589944767593066,-0.3358994476759308,2.192362108070477,2.126548153991041,1.996856095366811,-0.7115308500884661,1.073080585928759,-0.29040893477575785,1.7392683192904568,1.274117190231078,0.8379305815963922,-0.5129891760425771,0.0,-0.15758954160813513,-0.17552375355582264,0.9576836383442527,0.6632320144339565
-0.05010513146399471,-0.03914341099623557,2.8921772154952636,-0.1546300442963568,0.11053451988918513,-0.4380456811866785,0.024505372719113804,-0.46482844767361803,-0.4546306758387847,0.33589944767593066,-0.3358994476759308,-0.4561290291958711,-0.6556105453552027,-0.16674115057866787,-0.7115308500884661,0.47182142494143886,-0.29040893477575785,-0.11047051363292415,0.8142676914818341,0.8379305815963922,-0.5129891760425771,0.0,-0.26790988186857,-2.324044677639302,-0.3086748916977343,-0.4285079270211159
-0.10906111743122876,-0.13279905334601969,0.04533415175882205,-0.05488717974533778,-0.14451737965150135,-0.054911469282514364,0.7603602662093716,1.1773527758987494,1.3036544804938472,0.33589944767593066,-0.3358994476759308,-0.4561290291958711,0.2717756877602118,-0.16708611118585168,-0.7115308500884661,0.47182142494143886,-0.29040893477575785,1.7392683192904568,0.3544181927325903,0.8379305815963922,-0.5129891760425771,0.0,0.007890968782517228,-0.06534319334641345,4.756759228470215,2.8467118973441012
-0.1981222877221568,-0.15974877643120933,0.6966141555872924,-0.10106443185229103,-0.2606796309274576,-0.3741899792026512,3.6220181853381526,-0.1363922029591446,1.3036544804938472,0.33589944767593066,-0.3358994476759308,2.192362108070477,1.1991619208756263,0.576179466061525,-0.7115308500884661,2.2755989079033996,3.4434202266268428,0.8143989028287663,0.9911328833084664,0.8379305815963922,-0.5129891760425771,0.0,-0.21274971173835258,1.9729971705276566,1.3798031483582485,0.22653603785192755
-0.3925516031460138,-0.16042508665447452,-0.612279207050152,-0.38551630483112304,-0.2632048972595436,-0.3741899792026512,-0.3025412466098897,-0.46482844767361803,-0.4546306758387847,0.33589944767593066,-0.3358994476759308,-0.4561290291958711,-0.6556105453552027,-0.16979443827176496,1.4054204394309369,-0.7306968970332016,-0.29040893477575785,-1.0353399300946147,-1.166622456976447,0.8379305815963922,-0.5129891760425771,0.0,-0.21274971173835258,0.705920728119451,-0.5197346467047322,-0.4285079270211159
-0.3499025920207806,-0.16042508665447452,-0.515167764015761,-0.3227152419656666,-0.2632048972595436,-0.18262287325056908,-0.3025412466098897,1.2868315241369073,-0.16158314978334604,0.33589944767593066,-0.3358994476759308,2.192362108070477,1.1991619208756263,0.321124046689929,-0.7115308500884661,0.47182142494143886,-0.29040893477575785,-1.0353399300946147,0.7435216147511813,0.8379305815963922,-0.5129891760425771,0.0,-0.04726920134770022,0.43046932759592793,-0.3086748916977343,0.881580002724971
-0.4013322819070912,-0.1323582123889699,-0.6545015735868438,-0.40029302550534807,-0.2606796309274576,-0.4380456811866785,0.024505372719113804,-0.46482844767361803,-0.4546306758387847,0.33589944767593066,-0.3358994476759308,-0.4561290291958711,-0.6556105453552027,-0.1698739746436453,1.4054204394309369,1.073080585928759,-0.29040893477575785,0.8143989028287663,-1.6264719557256908,-1.1934162828797104,-0.5129891760425771,0.0,-0.26790988186857,0.4855596077006325,-0.3086748916977343,-0.4285079270211159
-0.2871834580130848,-0.1592433235275059,0.09705655076626948,-0.23220782783603824,-0.2606796309274576,-0.3741899792026512,0.3515519920481172,-0.46482844767361803,-0.16158314978334604,0.33589944767593066,-0.3358994476759308,-0.4561290291958711,-0.6556105453552027,0.6805320949556121,-0.7115308500884661,0.47182142494143886,-0.29040893477575785,0.8143989028287663,1.981577957537607,0.8379305815963922,-0.5129891760425771,0.0,-0.21274971173835258,0.32028876738651874,-0.3086748916977343,-0.4285079270211159
-0.3724814802635511,-0.1469529870070323,-0.5683679458519927,-0.3615041337355073,-0.25562909826328556,-0.24647857523459646,-0.17172259887828822,-0.46482844767361803,-0.16158314978334604,-2.9770814061140713,2.9770814061140713,-0.4561290291958711,-1.5829967784706171,-0.169652863529818,1.4054204394309369,1.073080585928759,-0.29040893477575785,-1.0353399300946147,0.17755300090595807,-1.1934162828797104,-0.5129891760425771,0.0,-0.21274971173835258,-1.2773293556499146,-0.3086748916977343,-0.4285079270211159
-0.38251654170478244,-0.14795092031425022,-0.5447234205914453,-0.3744337643254542,-0.2581543645953716,-0.3741899792026512,-0.3025412466098897,-0.46482844767361803,-0.4546306758387847,-2.9770814061140713,2.9770814061140713,-0.4561290291958711,-1.5829967784706171,-0.16978057621838014,1.4054204394309369,1.073080585928759,-0.29040893477575785,-0.11047051363292415,-0.42378865130459153,-1.1934162828797104,-0.5129891760425771,0.0,-0.26790988186857,0.4855596077006325,-0.3086748916977343,-0.4285079270211159
-0.07770155042738086,-0.15824935996722608,0.40105758983045003,0.06886785590129692,-0.25057856559911357,-0.18262287325056908,-0.3025412466098897,-0.46482844767361803,-0.16158314978334604,0.33589944767593066,-0.3358994476759308,-0.4561290291958711,-0.6556105453552027,0.6805868614288212,-0.7115308500884661,0.47182142494143886,-0.29040893477575785,-0.11047051363292415,1.7693397273456481,0.8379305815963922,-0.5129891760425771,0.0,-0.04726920134770022,0.2651984872818141,-0.3086748916977343,-0.4285079270211159
-0.3637008015024737,-0.1155180878296671,-0.4180563209813699,-0.3615041337355073,-0.23795223393868356,-0.3741899792026512,-0.3025412466098897,-0.46482844767361803,-0.4546306758387847,0.33589944767593066,-0.3358994476759308,-0.4561290291958711,-0.6556105453552027,-0.13103613700770822,-0.7115308500884661,-0.12943773604588138,-0.29040893477575785,-0.11047051363292415,-0.5299077664005709,-1.1934162828797104,1.9493588689617927,0.0,-0.21274971173835258,-0.34079459386993644,-0.3086748916977343,-0.4285079270211159
-0.4013322819070912,0.28864490159359946,-0.6545015735868438,-0.4058342957581824,-0.25310383193119956,-0.4380456811866785,0.024505372719113804,-0.46482844767361803,-0.4546306758387847,0.33589944767593066,-0.3358994476759308,-0.4561290291958711,-0.6556105453552027,-0.1636601387788011,-0.7115308500884661,1.073080585928759,-0.29040893477575785,-0.11047051363292415,-1.6264719557256908,-1.1934162828797104,1.9493588689617927,0.0,-0.32307005199878747,0.8161012883288601,-0.3086748916977343,-0.4285079270211159
-0.3900428377857059,-0.16042508665447452,-0.540501183937776,-0.38182212466256676,-0.2632048972595436,-0.4380456811866785,0.024505372719113804,-0.46482844767361803,-0.4546306758387847,0.33589944767593066,-0.3358994476759308,-0.4561290291958711,-0.6556105453552027,-0.16939266597038094,1.4054204394309369,0.47182142494143886,-0.29040893477575785,-1.0353399300946147,-1.414233725533732,-1.1934162828797104,-0.5129891760425771,0.0,-0.32307005199878747,-1.2773293556499146,-0.3086748916977343,-0.4285079270211159
-0.37749901098416677,-0.13088100848025913,-0.4138340843277008,-0.3725866742411761,-0.25057856559911357,-0.4380456811866785,0.024505372719113804,-0.46482844767361803,-0.4546306758387847,0.33589944767593066,-0.3358994476759308,-0.4561290291958711,-0.6556105453552027,-0.16948401917465492,1.4054204394309369,0.47182142494143886,-0.29040893477575785,1.7392683192904568,0.14217996254063162,-1.1934162828797104,-0.5129891760425771,0.0,-0.26790988186857,-0.395884873974641,-0.3086748916977343,-0.4285079270211159
-0.37749901098416677,-0.13088100848025913,-0.5595012488792873,-0.3725866742411761,-0.25057856559911357,-0.31033427721862383,1.4962151596996294,-0.46482844767361803,0.7175594283829699,0.33589944767593066,-0.3358994476759308,-0.4561290291958711,-0.6556105453552027,0.11089419027619739,-0.7115308500884661,0.47182142494143886,-0.29040893477575785,-1.0353399300946147,0.9203868065778135,-1.1934162828797104,-0.5129891760425771,0.0,-0.15758954160813513,1.3119138092712015,-0.3086748916977343,-0.4285079270211159
-0.4025866645872451,-0.16042508665447452,-0.6798349935088589,-0.40029302550534807,-0.2632048972595436,-0.3741899792026512,0.3515519920481172,-0.46482844767361803,-0.16158314978334604,0.33589944767593066,-0.3358994476759308,-0.4561290291958711,-0.6556105453552027,-0.03223764658541221,-0.7115308500884661,0.47182142494143886,-0.29040893477575785,-1.0353399300946147,-1.2373685337070999,-1.1934162828797104,-0.5129891760425771,0.0,-0.21274971173835258,-0.34079459386993644,-0.3086748916977343,-0.4285079270211159
-0.2784027792520074,-0.15932442491857238,-0.059166205419490046,-0.21927819724609132,-0.2606796309274576,-0.31033427721862383,-0.4660645562743914,-0.46482844767361803,-0.4546306758387847,0.33589944767593066,-0.3358994476759308,-0.4561290291958711,-0.6556105453552027,-0.16788352012564609,-0.7115308500884661,0.47182142494143886,-0.29040893477575785,-0.11047051363292415,1.0618789600391192,0.8379305815963922,-0.5129891760425771,0.0,-0.21274971173835258,1.1466429689570876,-0.3086748916977343,-0.4285079270211159
3.5631567225461587,20.632241805977028,1.5217166053862314,-0.37628085440973236,7.687621401976557,1.7330481862702518,-0.9021267153797293,-0.46482844767361803,-0.4546306758387847,0.33589944767593066,-0.3358994476759308,-0.4561290291958711,-0.6556105453552027,-0.16958809819842974,1.4054204394309369,0.47182142494143886,-0.29040893477575785,-1.0353399300946147,1.0972519984044458,0.8379305815963922,-0.5129891760425771,0.0,1.6075359025588232,-0.12043347345111804,-0.3086748916977343,-0.4285079270211159
-0.3900428377857059,-0.12980667836483312,-0.622834798684325,-0.3873633949154011,-0.25562909826328556,-0.31033427721862383,-0.4660645562743914,-0.026913454720986756,-0.4546306758387847,0.33589944767593066,-0.3358994476759308,-0.4561290291958711,0.2717756877602118,-0.16868706472841413,1.4054204394309369,-0.7306968970332016,-0.29040893477575785,-1.0353399300946147,-0.8836381500538354,-1.1934162828797104,-0.5129891760425771,0.0,-0.15758954160813513,0.04483736686299575,-0.09761513669073649,-0.21015993873010144
-0.4025866645872451,-0.12300258763380169,-0.6798349935088589,-0.4021401155896262,-0.2606796309274576,-0.3741899792026512,-0.3025412466098897,-0.46482844767361803,-0.4546306758387847,0.33589944767593066,-0.3358994476759308,-0.4561290291958711,-0.6556105453552027,-0.16526495551656914,-0.7115308500884661,-0.12943773604588138,-0.29040893477575785,-1.0353399300946147,-1.2019954953417733,-1.1934162828797104,-0.5129891760425771,0.0,-0.21274971173835258,-0.7264265546028686,-0.5197346467047322,-0.4285079270211159
0.4064901641120307,10.13610821531922,2.030840938146752,-0.39475175525251366,1.3580160879396714,-0.18262287325056908,-0.6295878659388932,-0.46482844767361803,-0.4546306758387847,0.33589944767593066,-0.3358994476759308,-0.4561290291958711,-0.6556105453552027,-0.168808187260449,1.4054204394309369,-0.7306968970332016,-0.29040893477575785,1.7392683192904568,0.6374024996552019,-1.1934162828797104,-0.5129891760425771,0.0,-0.04726920134770022,-0.5611557142887548,0.11344461831626136,-0.4285079270211159
0.5858668873740407,-0.15811029290061848,1.1165347827794814,1.025660519557368,-0.22280063594616753,0.13665563666956773,-0.7782454201793492,6.103896446615851,-0.4546306758387847,0.33589944767593066,-0.3358994476759308,-0.4561290291958711,0.2717756877602118,-0.11374515700770342,-0.7115308500884661,1.6743397469160795,3.4434202266268428,-0.11047051363292415,1.4156093436923838,-1.1934162828797104,-0.5129891760425771,0.0,0.228531649303387,0.15501792707240494,-0.5197346467047322,2.8467118973441012
-0.25080636028862124,-0.1557472742768904,0.08016760415159276,-0.186030575729085,-0.25057856559911357,-0.31033427721862383,-0.4660645562743914,0.41100153823164454,-0.4546306758387847,0.33589944767593066,-0.3358994476759308,-0.4561290291958711,0.2717756877602118,0.0489010423181311,-0.7115308500884661,0.47182142494143886,-0.29040893477575785,0.8143989028287663,1.0265059216737928,0.8379305815963922,-0.5129891760425771,0.0,-0.15758954160813513,2.0280874506323614,0.11344461831626136,0.008188049560913064
-0.3461394439803189,-0.1155180878296671,-0.4619675821795294,-0.343033232892726,-0.22785116861033952,-0.24647857523459646,-0.17172259887828822,-0.17288511903853054,-0.16158314978334604,-2.9770814061140713,2.9770814061140713,-0.4561290291958711,-1.5829967784706171,-0.16710724513609418,-0.7115308500884661,0.47182142494143886,-0.29040893477575785,-1.0353399300946147,0.6727755380205284,-1.1934162828797104,-0.5129891760425771,0.0,-0.26790988186857,-1.1671487954405053,-0.09761513669073649,-0.21015993873010144
4.189708327456241,-0.12912650669894318,1.0461834845740914,4.886078795698659,1.7544829020771742,2.818595119998717,-0.10507913682634037,-0.46482844767361803,5.992414897380866,-2.9770814061140713,2.9770814061140713,-0.4561290291958711,-1.5829967784706171,-0.15087500786920485,-0.7115308500884661,-0.12943773604588138,-0.29040893477575785,-1.0353399300946147,1.4156093436923838,0.8379305815963922,-0.5129891760425771,0.0,2.4900986246423025,-1.7180515964875513,-0.5197346467047322,-0.4285079270211159
-0.3963147511864755,-0.07061108900485973,-0.637612626972167,-0.39844593542106993,-0.25310383193119956,-0.3741899792026512,7.546577617286193,-0.33970987825858057,3.061939636826479,0.33589944767593066,-0.3358994476759308,2.192362108070477,1.1991619208756263,1.4080297001011037,-0.7115308500884661,1.6743397469160795,3.4434202266268428,0.8143989028287663,-1.4496067638990584,-1.1934162828797104,-0.5129891760425771,0.0,-0.32307005199878747,-1.4426001959640284,-0.09761513669073649,0.008188049560913064
-0.3787533936643207,-0.16042508665447452,-0.42650079428870835,-0.3651983139040636,-0.2632048972595436,-0.4380456811866785,0.024505372719113804,0.41100153823164454,-0.4546306758387847,0.33589944767593066,-0.3358994476759308,2.192362108070477,1.1991619208756263,-0.15381444492712465,-0.7115308500884661,-1.3319560580205219,-0.29040893477575785,-1.0353399300946147,-1.166622456976447,-1.1934162828797104,1.9493588689617927,0.0,-0.32307005199878747,-1.773141876592256,0.5355641283302571,0.008188049560913064
-0.3549201227413963,-0.15178912534201155,-0.4455008592302196,-0.3356448725556135,-0.25562909826328556,-0.31033427721862383,-0.4660645562743914,-0.46482844767361803,-0.4546306758387847,0.33589944767593066,-0.3358994476759308,-0.4561290291958711,-0.6556105453552027,-0.169151784386972,1.4054204394309369,0.47182142494143886,-0.29040893477575785,-0.11047051363292415,0.03606084744465229,-1.1934162828797104,-0.5129891760425771,0.0,-0.15758954160813513,0.8161012883288601,-0.3086748916977343,-0.4285079270211159
-0.38251654170478244,-0.1323582123889699,-0.5848346688013024,-0.3781279444940105,-0.25310383193119956,-0.31033427721862383,-0.4660645562743914,-0.46482844767361803,-0.4546306758387847,0.33589944767593066,-0.3358994476759308,-0.4561290291958711,-0.6556105453552027,-0.16982897978183872,1.4054204394309369,-0.12943773604588138,-0.29040893477575785,-0.11047051363292415,-0.21155042111263284,-1.1934162828797104,-0.5129891760425771,0.0,-0.15758954160813513,-1.3324196357546192,-0.3086748916977343,-0.4285079270211159
-0.3185430250169327,-0.16042508665447452,-0.2618335647956105,-0.27653798985871336,-0.2632048972595436,-0.31033427721862383,-0.4660645562743914,-0.46482844767361803,-0.4546306758387847,-2.9770814061140713,2.9770814061140713,-0.4561290291958711,-1.5829967784706171,0.22295389360548756,-0.7115308500884661,0.47182142494143886,-0.29040893477575785,-0.11047051363292415,0.38979123109791675,0.8379305815963922,-0.5129891760425771,0.0,-0.21274971173835258,1.4220943694806107,-0.09761513669073649,-0.4285079270211159
-0.3724814802635511,-0.13601910903229658,-0.47716763413273844,-0.3651983139040636,-0.25057856559911357,-0.3741899792026512,-0.3025412466098897,-0.46482844767361803,-0.4546306758387847,0.33589944767593066,-0.3358994476759308,-0.4561290291958711,-0.6556105453552027,-0.159019077856196,-0.7115308500884661,1.073080585928759,-0.29040893477575785,-1.0353399300946147,-0.3884156129392651,0.8379305815963922,-0.5129891760425771,0.0,-0.21274971173835258,-0.6162459943934594,-0.5197346467047322,-0.4285079270211159
-0.3963147511864755,-0.07061108900485973,-0.6038347337428137,-0.39844593542106993,-0.25310383193119956,-0.4380456811866785,0.024505372719113804,-0.46482844767361803,-0.4546306758387847,0.33589944767593066,-0.3358994476759308,-0.4561290291958711,-0.6556105453552027,0.14405108573888842,-0.7115308500884661,-1.3319560580205219,-0.29040893477575785,-1.0353399300946147,-1.414233725533732,-1.1934162828797104,-0.5129891760425771,0.0,-0.26790988186857,1.5873652097947244,-0.5197346467047322,-0.4285079270211159
0.9709623701812929,-0.1251064841098443,0.7588365904834697,1.136485924614056,0.4009401480790757,0.6475012525417867,-0.7500787256916839,0.41100153823164454,-0.16158314978334604,0.33589944767593066,-0.3358994476759308,2.192362108070477,3.98132062022187,-0.16970422130137502,1.4054204394309369,-1.3319560580205219,-0.29040893477575785,-0.11047051363292415,1.0265059216737928,-1.1934162828797104,1.9493588689617927,0.0,0.6698130103451266,0.6508304480147463,0.7466238833372549,0.22653603785192755
-0.4013322819070912,-0.16042508665447452,-0.6545015735868438,-0.39844593542106993,-0.2632048972595436,-0.4380456811866785,0.024505372719113804,0.41100153823164454,-0.4546306758387847,-2.9770814061140713,2.9770814061140713,-0.4561290291958711,-1.5829967784706171,-0.09442395430375927,-0.7115308500884661,-1.3319560580205219,-0.29040893477575785,-0.11047051363292415,-1.6264719557256908,-1.1934162828797104,-0.5129891760425771,0.0,-0.32307005199878747,-0.8366071148122778,0.11344461831626136,0.008188049560913064
4.740670832060245,-0.16042508665447452,1.8935528022343717,7.173201150754367,-0.2632048972595436,1.9884709942063614,0.17167635141716528,-0.46482844767361803,5.992414897380866,0.33589944767593066,-0.3358994476759308,-0.4561290291958711,-0.6556105453552027,-0.15390443465073783,-0.7115308500884661,-0.12943773604588138,-0.29040893477575785,-0.11047051363292415,0.14217996254063162,-1.1934162828797104,1.9493588689617927,0.0,1.717856242819258,-1.3324196357546192,-0.3086748916977343,-0.4285079270211159
-0.07268401970676519,-0.16000302839484287,0.043574886486459935,0.08364457657552195,-0.2606796309274576,0.008944232701513,-0.5205723261625587,-0.46482844767361803,-0.16158314978334604,0.33589944767593066,-0.3358994476759308,-0.4561290291958711,-0.6556105453552027,-0.062124233683161285,-0.7115308500884661,2.2755989079033996,3.4434202266268428,-0.11047051363292415,2.1230701109989125,-1.1934162828797104,1.9493588689617927,0.0,-0.04726920134770022,-0.34079459386993644,2.22404216838624,-0.4285079270211159
-0.3963147511864755,-0.07061108900485973,-0.6646349415556498,-0.39844593542106993,-0.25310383193119956,-0.24647857523459646,-0.5641785420730924,-0.46482844767361803,-0.4546306758387847,-2.9770814061140713,2.9770814061140713,-0.4561290291958711,-1.5829967784706171,1.148865886251724,-0.7115308500884661,1.073080585928759,-0.29040893477575785,0.8143989028287663,-0.8482651116885089,0.8379305815963922,-0.5129891760425771,0.0,-0.10242937147791767,0.3753790474912233,-0.3086748916977343,-0.4285079270211159
-0.3988235165467834,-0.07622446385796065,-0.6291681536648288,-0.40029302550534807,-0.25562909826328556,-0.4380456811866785,0.024505372719113804,-0.46482844767361803,-0.4546306758387847,-2.9770814061140713,2.9770814061140713,-0.4561290291958711,-1.5829967784706171,-0.164283476687566,-0.7115308500884661,-1.3319560580205219,-0.29040893477575785,0.8143989028287663,-1.484979802264385,-1.1934162828797104,-0.5129891760425771,0.0,-0.32307005199878747,0.4855596077006325,0.3245043733232592,-0.4285079270211159
-0.11909617887246009,-0.13311677655830786,0.020000731836807,-0.06596972025100656,-0.14956791231567337,-0.054911469282514364,-0.711349520771144,-0.46482844767361803,-0.4546306758387847,0.33589944767593066,-0.3358994476759308,-0.4561290291958711,-0.6556105453552027,-0.11403194244002617,-0.7115308500884661,1.073080585928759,-0.29040893477575785,-1.0353399300946147,1.3802363053270572,0.8379305815963922,1.9493588689617927,0.0,0.007890968782517228,0.04483736686299575,-0.3086748916977343,-0.4285079270211159
-0.06139457558537995,-0.15487574269323404,-0.07183291538049758,0.07810330632268757,-0.23037643494242555,0.13665563666956773,-0.4214672900022546,-0.2458709511973024,0.1314643762720926,0.33589944767593066,-0.3358994476759308,-0.4561290291958711,0.2717756877602118,-0.14322610860886287,-0.7115308500884661,1.073080585928759,-0.29040893477575785,-0.11047051363292415,1.1679980751350987,0.8379305815963922,-0.5129891760425771,0.0,0.228531649303387,-0.7264265546028686,-0.3086748916977343,-0.21015993873010144
-0.284674692652777,-0.15438919971565632,0.11394549738094621,-0.2359020080045945,-0.25057856559911357,-0.3741899792026512,-0.3025412466098897,-0.46482844767361803,-0.4546306758387847,0.33589944767593066,-0.3358994476759308,-0.4561290291958711,-0.6556105453552027,-0.16974171701954716,1.4054204394309369,1.073080585928759,-0.29040893477575785,1.7392683192904568,1.0618789600391192,0.8379305815963922,-0.5129891760425771,0.0,-0.21274971173835258,-0.06534319334641345,-0.3086748916977343,-0.4285079270211159
-0.3988235165467834,-0.07622446385796065,-0.6671682835478513,-0.40029302550534807,-0.25562909826328556,-0.31033427721862383,-0.4660645562743914,-0.46482844767361803,-0.4546306758387847,0.33589944767593066,-0.3358994476759308,-0.4561290291958711,-0.6556105453552027,0.8169649240839076,-0.7115308500884661,0.47182142494143886,-0.29040893477575785,0.8143989028287663,-1.1312494186111204,0.8379305815963922,-0.5129891760425771,0.0,-0.15758954160813513,-1.9384127169063696,0.3245043733232592,-0.4285079270211159
-0.38878845510555204,-0.06219102672520834,-0.6545015735868438,-0.3929046651682355,-0.24552803293494158,-0.11876717126654172,0.16466820957440095,-0.46482844767361803,0.4245119023275312,0.33589944767593066,-0.3358994476759308,-0.4561290291958711,0.2717756877602118,1.0147802890810051,-0.7115308500884661,-1.3319560580205219,-0.29040893477575785,0.8143989028287663,-0.9190111884191617,0.8379305815963922,-0.5129891760425771,0.0,0.007890968782517228,-1.3875099158593238,-0.5197346467047322,-0.4285079270211159
-0.3988235165467834,-0.07622446385796065,-0.6671682835478513,-0.40029302550534807,-0.25562909826328556,-0.31033427721862383,-0.4660645562743914,-0.46482844767361803,-0.4546306758387847,0.33589944767593066,-0.3358994476759308,-0.4561290291958711,-0.6556105453552027,1.0484305372961311,-0.7115308500884661,1.6743397469160795,3.4434202266268428,0.8143989028287663,-1.1312494186111204,-1.1934162828797104,-0.5129891760425771,0.0,-0.21274971173835258,0.15501792707240494,-0.5197346467047322,-0.4285079270211159
-0.403841047267399,-0.10429133812346528,-0.6798349935088589,-0.4039872056739043,-0.2606796309274576,-0.4380456811866785,0.024505372719113804,-0.46482844767361803,-0.4546306758387847,0.33589944767593066,-0.3358994476759308,-0.4561290291958711,-0.6556105453552027,1.0302319336695835,-0.7115308500884661,2.2755989079033996,3.4434202266268428,0.8143989028287663,-1.6972180324563437,-1.1934162828797104,-0.5129891760425771,0.0,-0.26790988186857,-1.1671487954405053,-0.5197346467047322,-0.4285079270211159
-0.20815734916338813,-0.13102169456680302,-0.45500089170097524,-0.1749480352234162,-0.17987110830070543,0.45593414658970455,-0.711349520771144,-0.17288511903853054,-0.16158314978334604,0.33589944767593066,-0.3358994476759308,-0.4561290291958711,0.2717756877602118,0.2541060180032409,-0.7115308500884661,-0.7306968970332016,-0.29040893477575785,-1.0353399300946147,-0.03468522928600061,0.8379305815963922,1.9493588689617927,0.0,0.4491723298242568,-1.0569682352310963,0.11344461831626136,-0.21015993873010144
3.4132454484409673,-0.15513782398775172,0.9019204128719561,4.965503669322619,0.08275659023623907,2.4993166100785804,-0.793111175603395,-0.2896624504925655,0.4245119023275312,0.33589944767593066,-0.3358994476759308,-0.4561290291958711,-0.6556105453552027,-0.16757582798985765,-0.7115308500884661,1.073080585928759,-0.29040893477575785,-1.0353399300946147,0.03606084744465229,0.8379305815963922,1.9493588689617927,0.0,2.159137603860998,1.9729971705276566,0.11344461831626136,-0.21015993873010144
-0.3160342596566249,-0.15726262194850216,-0.24916685483460296,-0.27653798985871336,-0.2581543645953716,-0.31033427721862383,0.515075301712619,-0.46482844767361803,0.1314643762720926,0.33589944767593066,-0.3358994476759308,-0.4561290291958711,-0.6556105453552027,-0.16979557450564897,1.4054204394309369,-0.7306968970332016,-0.29040893477575785,2.664137735752147,0.9203868065778135,0.8379305815963922,-0.5129891760425771,0.0,-0.15758954160813513,-1.22223907554521,-0.3086748916977343,-0.4285079270211159
0.2572186251737147,-0.1536890368307534,0.6349695004437224,0.5158636562966044,-0.18744690729696345,0.07279993468554036,-0.7604065136704946,0.8489165311842758,-0.4546306758387847,0.33589944767593066,-0.3358994476759308,-0.4561290291958711,0.2717756877602118,-0.07649645608193512,-0.7115308500884661,-0.12943773604588138,-0.29040893477575785,-1.0353399300946147,1.3802363053270572,0.8379305815963922,-0.5129891760425771,0.0,0.17337147917316958,0.6508304480147463,0.3245043733232592,0.22653603785192755
0.8580679289674404,-0.054430725266441646,7.806860680366184,0.5509583678978888,0.9741756054625987,-0.3741899792026512,-0.3025412466098897,0.41100153823164454,-0.4546306758387847,0.33589944767593066,-0.3358994476759308,-0.4561290291958711,0.2717756877602118,0.03828407290599239,-0.7115308500884661,-1.3319560580205219,-0.29040893477575785,-1.0353399300946147,1.521728458788363,-1.1934162828797104,-0.5129891760425771,0.0,-0.21274971173835258,-0.2857043137652318,-0.5197346467047322,0.008188049560913064
0.15310486272093968,-0.15405529958712594,-0.040538690770949584,0.37363771980718835,-0.20259850528947948,0.519789848573732,1.698214542226367,-0.17288511903853054,5.992414897380866,0.33589944767593066,-0.3358994476759308,2.192362108070477,1.1991619208756263,0.5407430581807441,-0.7115308500884661,-0.12943773604588138,-0.29040893477575785,-0.11047051363292415,2.087697072633586,0.8379305815963922,1.9493588689617927,0.0,0.5594926700846917,0.7610110082241555,-0.3086748916977343,1.318275979307
0.5407091108884997,-0.15642651826596427,0.05990086821398069,0.9406943756805741,-0.19754797262530746,1.0306354644459508,-0.014740221600366647,1.5563176736462185,2.7688921107710405,0.33589944767593066,-0.3358994476759308,2.192362108070477,1.1991619208756263,-0.07207241583117491,-0.7115308500884661,2.2755989079033996,3.4434202266268428,-1.0353399300946147,1.3448632669617309,0.8379305815963922,1.9493588689617927,0.0,1.0007740311264313,-0.34079459386993644,-0.3086748916977343,6.121931721709319
-0.3988235165467834,-0.07622446385796065,-0.6671682835478513,-0.40029302550534807,-0.25562909826328556,-0.31033427721862383,-0.4660645562743914,-0.46482844767361803,-0.4546306758387847,0.33589944767593066,-0.3358994476759308,-0.4561290291958711,-0.6556105453552027,-0.16973762657756475,1.4054204394309369,0.47182142494143886,-0.29040893477575785,-1.0353399300946147,-1.1312494186111204,0.8379305815963922,-0.5129891760425771,0.0,-0.15758954160813513,-0.671336274498164,-0.3086748916977343,-0.4285079270211159
0.5883756527343486,-0.04815758959245603,-0.17649993979513873,0.32561337761595693,0.7393258365786003,1.8607595902383065,-0.9049955453738435,-0.46482844767361803,-0.4546306758387847,0.33589944767593066,-0.3358994476759308,-0.4561290291958711,-0.6556105453552027,-0.16988579147603894,1.4054204394309369,-0.7306968970332016,-0.29040893477575785,-1.0353399300946147,0.8496407298471605,0.8379305815963922,-0.5129891760425771,0.0,1.717856242819258,-1.497690476068733,-0.5197346467047322,-0.4285079270211159
-0.20313981844277246,-0.1063325653427747,0.662836262357939,-0.2045014765718663,-0.12936578165898535,-0.3741899792026512,-0.3025412466098897,3.0384914959474325,-0.4546306758387847,0.33589944767593066,-0.3358994476759308,-0.4561290291958711,0.2717756877602118,-0.019712713235253004,-0.7115308500884661,-0.7306968970332016,-0.29040893477575785,-0.11047051363292415,0.7435216147511813,0.8379305815963922,-0.5129891760425771,0.0,-0.21274971173835258,2.13826801084177,-0.3086748916977343,1.318275979307
-0.3135254942963171,-0.15734926481715894,0.2321681236836831,-0.2728438096901571,-0.2581543645953716,-0.4380456811866785,1.005645230706124,-0.46482844767361803,-0.16158314978334604,0.33589944767593066,-0.3358994476759308,-0.4561290291958711,0.2717756877602118,0.8061043461270384,-0.7115308500884661,-1.3319560580205219,-0.29040893477575785,-1.0353399300946147,1.0618789600391192,-1.1934162828797104,-0.5129891760425771,0.0,-0.26790988186857,-1.22223907554521,-0.3086748916977343,-0.4285079270211159
-0.38000777634447463,-0.14919833694827267,-0.5721679588402949,-0.37073958415689795,-0.2581543645953716,-0.31033427721862383,0.024505372719113804,-0.46482844767361803,-0.16158314978334604,0.33589944767593066,-0.3358994476759308,-0.4561290291958711,-0.6556105453552027,-0.16978443941358573,1.4054204394309369,-0.7306968970332016,-0.29040893477575785,-1.0353399300946147,-0.7421459965925296,0.8379305815963922,1.9493588689617927,0.0,-0.15758954160813513,1.5322749296900198,-0.09761513669073649,-0.4285079270211159
-0.26335018709016045,-0.15741792155459902,0.25750154360569816,-0.20080729640331002,-0.25562909826328556,-0.3741899792026512,-0.3025412466098897,-0.46482844767361803,-0.4546306758387847,0.33589944767593066,-0.3358994476759308,-0.4561290291958711,-0.6556105453552027,-0.14627848731485274,-0.7115308500884661,-0.12943773604588138,-0.29040893477575785,0.8143989028287663,0.9203868065778135,0.8379305815963922,-0.5129891760425771,0.0,-0.21274971173835258,-0.01025291324170885,-0.3086748916977343,-0.4285079270211159
-0.4025866645872451,-0.16042508665447452,-0.6671682835478513,-0.40029302550534807,-0.2632048972595436,-0.4380456811866785,0.024505372719113804,-0.46482844767361803,-0.4546306758387847,0.33589944767593066,-0.3358994476759308,-0.4561290291958711,-0.6556105453552027,-0.1498233097861702,-0.7115308500884661,-0.12943773604588138,-0.29040893477575785,-0.11047051363292415,-1.6618449940910172,0.8379305815963922,-0.5129891760425771,0.0,-0.26790988186857,-0.17552375355582264,-0.5197346467047322,-0.4285079270211159
-0.28843784069323875,-0.16042508665447452,-0.10983304526352015,-0.23220782783603824,-0.2632048972595436,-0.31033427721862383,0.024505372719113804,-0.46482844767361803,-0.16158314978334604,0.33589944767593066,-0.3358994476759308,-0.4561290291958711,-0.6556105453552027,-0.165782169180568,-0.7115308500884661,0.47182142494143886,-0.29040893477575785,0.8143989028287663,1.0618789600391192,0.8379305815963922,-0.5129891760425771,0.0,-0.15758954160813513,0.5406498878053371,-0.3086748916977343,-0.4285079270211159
-0.3862796897452442,-0.06063175593268031,-0.6241014696804258,-0.3910575750839574,-0.24300276660285555,-0.24647857523459646,-0.5641785420730924,-0.46482844767361803,-0.4546306758387847,0.33589944767593066,-0.3358994476759308,-0.4561290291958711,-0.6556105453552027,-0.1692517729687644,1.4054204394309369,0.47182142494143886,-0.29040893477575785,-1.0353399300946147,-0.5652808047658974,0.8379305815963922,-0.5129891760425771,0.0,-0.10242937147791767,-0.946787675021687,-0.3086748916977343,-0.4285079270211159
-0.35993765346201195,-0.13937493095534606,-0.2365001448735954,-0.34857450314556043,-0.24805329926702757,-0.4380456811866785,0.024505372719113804,-0.46482844767361803,-0.4546306758387847,-2.9770814061140713,2.9770814061140713,-0.4561290291958711,-1.5829967784706171,0.9420076902653878,-0.7115308500884661,0.47182142494143886,-0.29040893477575785,-0.11047051363292415,0.24829907763661097,-1.1934162828797104,-0.5129891760425771,0.0,-0.32307005199878747,-0.5611557142887548,-0.5197346467047322,-0.4285079270211159
-0.4013322819070912,-0.08558008861312887,-0.6545015735868438,-0.4021401155896262,-0.2581543645953716,-0.4380456811866785,0.024505372719113804,-0.46482844767361803,-0.4546306758387847,-2.9770814061140713,2.9770814061140713,-0.4561290291958711,-1.5829967784706171,0.9645692047597358,-0.7115308500884661,-0.7306968970332016,-0.29040893477575785,0.8143989028287663,-1.6264719557256908,-1.1934162828797104,-0.5129891760425771,0.0,-0.32307005199878747,0.6508304480147463,-0.3086748916977343,-0.4285079270211159
-0.4013322819070912,-0.08558008861312887,-0.6545015735868438,-0.4021401155896262,-0.2581543645953716,-0.4380456811866785,0.024505372719113804,-0.46482844767361803,-0.4546306758387847,-2.9770814061140713,2.9770814061140713,-0.4561290291958711,-1.5829967784706171,1.2085908841305404,-0.7115308500884661,0.47182142494143886,-0.29040893477575785,0.8143989028287663,-1.6264719557256908,-1.1934162828797104,-0.5129891760425771,0.0,-0.32307005199878747,0.3753790474912233,-0.3086748916977343,-0.4285079270211159
-0.37749901098416677,-0.04815758959245603,-0.4138340843277008,-0.38551630483112304,-0.23290170127451154,-0.4380456811866785,0.024505372719113804,-0.46482844767361803,-0.4546306758387847,-2.9770814061140713,2.9770814061140713,-0.4561290291958711,-1.5829967784706171,1.5174326613628144,-0.7115308500884661,-0.7306968970332016,-0.29040893477575785,-0.11047051363292415,-0.1761773827473064,-1.1934162828797104,-0.5129891760425771,0.0,-0.32307005199878747,-1.5527807561734375,-0.3086748916977343,-0.4285079270211159
-0.2758940138916996,-0.1417138371441381,-0.3287861745895074,-0.2414432782574289,-0.22532590227825353,-0.11876717126654172,-0.3959831378467478,-0.46482844767361803,-0.16158314978334604,0.33589944767593066,-0.3358994476759308,-0.4561290291958711,-0.6556105453552027,-0.1571499731170085,-0.7115308500884661,-0.7306968970332016,-0.29040893477575785,-1.0353399300946147,1.4863554204230367,-1.1934162828797104,-0.5129891760425771,0.0,0.007890968782517228,2.193358290946475,-0.3086748916977343,-0.4285079270211159
-0.2646045697703143,-0.1584203099212242,0.010500699366051355,-0.20080729640331002,-0.2581543645953716,-0.31033427721862383,0.024505372719113804,-0.46482844767361803,-0.16158314978334604,0.33589944767593066,-0.3358994476759308,-0.4561290291958711,-0.6556105453552027,-0.15453640793702117,-0.7115308500884661,-1.3319560580205219,-0.29040893477575785,1.7392683192904568,2.05232403426826,0.8379305815963922,-0.5129891760425771,0.0,-0.15758954160813513,1.807726330213543,-0.3086748916977343,-0.4285079270211159
-0.3724814802635511,-0.10724574594088682,-0.47716763413273844,-0.3725866742411761,-0.24047750027076956,-0.3741899792026512,1.005645230706124,0.8489165311842758,0.1314643762720926,0.33589944767593066,-0.3358994476759308,2.192362108070477,1.1991619208756263,-0.07295867826069848,-0.7115308500884661,1.6743397469160795,3.4434202266268428,2.664137735752147,0.8496407298471605,-1.1934162828797104,-0.5129891760425771,0.0,-0.21274971173835258,0.705920728119451,-0.5197346467047322,0.881580002724971
-0.3988235165467834,-0.07622446385796065,-0.6671682835478513,-0.40029302550534807,-0.25562909826328556,-0.31033427721862383,-0.4660645562743914,-0.46482844767361803,-0.4546306758387847,-2.9770814061140713,2.9770814061140713,-0.4561290291958711,-1.5829967784706171,0.16709754485492995,-0.7115308500884661,2.2755989079033996,3.4434202266268428,-0.11047051363292415,-1.1312494186111204,0.8379305815963922,1.9493588689617927,0.0,-0.15758954160813513,-1.22223907554521,-0.09761513669073649,-0.4285079270211159
0.7526997838345115,-0.09697780405089723,1.0954531256415807,0.6839488539659141,0.5802340576571821,0.26436704063762245,-0.050966924049117714,-0.21459130884354305,1.0106069544384086,0.33589944767593066,-0.3358994476759308,-0.4561290291958711,0.2717756877602118,-0.13733519041385273,-0.7115308500884661,-1.3319560580205219,-0.29040893477575785,0.8143989028287663,0.8496407298471605,0.8379305815963922,-0.5129891760425771,0.0,0.33885198956382195,0.8161012883288601,-0.3086748916977343,0.008188049560913064
0.65611231746266,-0.1511053072048817,0.27016825356670565,1.0385901501473151,-0.09906258567395328,0.8390683584938687,-0.6890508876350756,0.19204404175532888,0.1314643762720926,0.33589944767593066,-0.3358994476759308,-0.4561290291958711,0.2717756877602118,-0.13510044561079254,-0.7115308500884661,-1.3319560580205219,-0.29040893477575785,-0.11047051363292415,0.9911328833084664,0.8379305815963922,-0.5129891760425771,0.0,0.7801333506055615,1.0364624087476786,-0.3086748916977343,0.22653603785192755
-0.3549201227413963,-0.13797158724207081,-0.4974343700703505,-0.343033232892726,-0.24552803293494158,-0.24647857523459646,-0.5641785420730924,-0.46482844767361803,-0.4546306758387847,0.33589944767593066,-0.3358994476759308,-0.4561290291958711,-0.6556105453552027,-0.1491502048332859,-0.7115308500884661,-0.7306968970332016,-0.29040893477575785,0.8143989028287663,0.7081485763858548,0.8379305815963922,-0.5129891760425771,0.0,-0.10242937147791767,-0.34079459386993644,-0.3086748916977343,-0.4285079270211159
-0.13791191907476882,-0.12901691783355265,0.6501695523969314,-0.09737025168373477,-0.14451737965150135,-0.31033427721862383,0.024505372719113804,-0.17288511903853054,-0.16158314978334604,0.33589944767593066,-0.3358994476759308,-0.4561290291958711,-0.6556105453552027,-0.16753106037482787,-0.7115308500884661,-0.12943773604588138,-0.29040893477575785,-0.11047051363292415,1.8754588424416276,-1.1934162828797104,-0.5129891760425771,0.0,-0.15758954160813513,0.09992764696770035,-0.3086748916977343,-0.21015993873010144
-0.3386131478993954,-0.1583460589311038,-0.3631672444836707,-0.30793852129144156,-0.2606796309274576,-0.31033427721862383,-0.4660645562743914,-0.46482844767361803,-0.4546306758387847,-2.9770814061140713,2.9770814061140713,-0.4561290291958711,-1.5829967784706171,0.6006257653226602,-0.7115308500884661,1.6743397469160795,3.4434202266268428,2.664137735752147,0.17755300090595807,0.8379305815963922,-0.5129891760425771,0.0,-0.21274971173835258,1.2017332490617922,0.5355641283302571,-0.4285079270211159
-0.34363067862001107,-0.012436113254541066,-0.38850066440568576,-0.36704540398834173,-0.18997217362904945,-0.31033427721862383,-0.4660645562743914,-0.46482844767361803,-0.4546306758387847,0.33589944767593066,-0.3358994476759308,-0.4561290291958711,-0.6556105453552027,0.521911345034029,-0.7115308500884661,-0.7306968970332016,-0.29040893477575785,-1.0353399300946147,0.566656422924549,0.8379305815963922,-0.5129891760425771,0.0,-0.15758954160813513,-0.8366071148122778,-0.3086748916977343,-0.4285079270211159
-0.3223061730573945,-0.15874945236996676,-0.1393887018392044,-0.28392635019582585,-0.2606796309274576,-0.3741899792026512,0.3515519920481172,-0.46482844767361803,-0.16158314978334604,0.33589944767593066,-0.3358994476759308,-0.4561290291958711,-0.6556105453552027,-0.16861798170826664,1.4054204394309369,-0.7306968970332016,-0.29040893477575785,-0.11047051363292415,0.9203868065778135,0.8379305815963922,-0.5129891760425771,0.0,-0.21274971173835258,-0.23061403366052724,-0.09761513669073649,-0.4285079270211159
-0.3561745054215502,-0.1515618632022099,-0.19850001499057285,-0.3374919626398916,-0.25562909826328556,-0.4380456811866785,0.024505372719113804,-0.46482844767361803,-0.4546306758387847,0.33589944767593066,-0.3358994476759308,-0.4561290291958711,-0.6556105453552027,-0.16771831171891183,-0.7115308500884661,-0.7306968970332016,-0.29040893477575785,-1.0353399300946147,-0.1761773827473064,-1.1934162828797104,-0.5129891760425771,0.0,-0.26790988186857,1.0364624087476786,-0.3086748916977343,-0.4285079270211159
0.7401559570329724,-0.07205828720917482,2.189174812659346,0.5380287373079419,0.7544774345711164,-0.054911469282514364,-0.711349520771144,0.8489165311842758,-0.4546306758387847,0.33589944767593066,-0.3358994476759308,-0.4561290291958711,0.2717756877602118,-0.09481800021473204,-0.7115308500884661,1.073080585928759,-0.29040893477575785,-1.0353399300946147,1.6278475738843423,0.8379305815963922,-0.5129891760425771,0.0,0.06305113891273467,0.3753790474912233,-0.09761513669073649,0.22653603785192755
-0.27338524853139173,-0.1346164666402174,-0.3215480546117888,-0.24698454851026327,-0.2126995706178235,-0.11876717126654172,-0.3959831378467478,-0.46482844767361803,-0.16158314978334604,0.33589944767593066,-0.3358994476759308,-0.4561290291958711,-0.6556105453552027,-0.11485048533006308,-0.7115308500884661,1.6743397469160795,3.4434202266268428,0.8143989028287663,1.132625036769772,0.8379305815963922,-0.5129891760425771,0.0,0.007890968782517228,1.0364624087476786,-0.5197346467047322,-0.4285079270211159
-0.38251654170478244,-0.16042508665447452,-0.4645009241717309,-0.37073958415689795,-0.2632048972595436,-0.4380456811866785,0.024505372719113804,0.41100153823164454,-0.4546306758387847,0.33589944767593066,-0.3358994476759308,-0.4561290291958711,0.2717756877602118,-0.12219191970139343,-0.7115308500884661,1.6743397469160795,3.4434202266268428,-1.0353399300946147,-0.1761773827473064,-1.1934162828797104,-0.5129891760425771,0.0,-0.26790988186857,-0.395884873974641,-0.09761513669073649,0.008188049560913064
-0.403841047267399,-0.16042508665447452,-0.6882794668161972,-0.4021401155896262,-0.2632048972595436,-0.3741899792026512,-0.3025412466098897,-0.46482844767361803,-0.4546306758387847,0.33589944767593066,-0.3358994476759308,-0.4561290291958711,-0.6556105453552027,-0.16163468825717453,-0.7115308500884661,1.073080585928759,-0.29040893477575785,-1.0353399300946147,-1.484979802264385,-1.1934162828797104,-0.5129891760425771,0.0,-0.21274971173835258,-0.946787675021687,-0.3086748916977343,-0.4285079270211159
-0.3185430250169327,0.1701403213614688,-0.5785013138207986,-0.3744337643254542,-0.12936578165898535,0.3282227426216498,-0.8164716484126094,-0.46482844767361803,-0.4546306758387847,0.33589944767593066,-0.3358994476759308,-0.4561290291958711,-0.6556105453552027,-0.1559567002920269,-0.7115308500884661,0.47182142494143886,-0.29040893477575785,-1.0353399300946147,0.7081485763858548,0.8379305815963922,-0.5129891760425771,0.0,0.39401215969403935,0.21010820717710954,-0.3086748916977343,-0.4285079270211159
-0.21066611452369596,0.35680731052411063,-0.30996706264743906,-0.3559628634826729,0.06255445957955102,0.07279993468554036,-0.7604065136704946,-0.46482844767361803,-0.4546306758387847,0.33589944767593066,-0.3358994476759308,-0.4561290291958711,-0.6556105453552027,-0.1688754523063821,1.4054204394309369,0.47182142494143886,-0.29040893477575785,-0.11047051363292415,0.7788946531165076,0.8379305815963922,-0.5129891760425771,0.0,-0.15758954160813513,2.7993513720982257,-0.3086748916977343,-0.4285079270211159
-0.40509542994755293,-0.04815758959245603,-0.6925017034698664,-0.4058342957581824,-0.2606796309274576,-0.4380456811866785,0.024505372719113804,-0.46482844767361803,-0.4546306758387847,-2.9770814061140713,2.9770814061140713,-0.4561290291958711,-1.5829967784706171,-0.16990737991983504,1.4054204394309369,0.47182142494143886,-0.29040893477575785,-0.11047051363292415,-1.73259107082167,0.8379305815963922,-0.5129891760425771,0.0,-0.26790988186857,-0.8366071148122778,-0.3086748916977343,-0.4285079270211159
-0.3862796897452442,-0.15340836808809835,-0.5700568405134603,-0.3781279444940105,-0.2606796309274576,-0.3741899792026512,-0.3025412466098897,-0.46482844767361803,-0.4546306758387847,0.33589944767593066,-0.3358994476759308,-0.4561290291958711,-0.6556105453552027,-0.167714675770483,-0.7115308500884661,0.47182142494143886,-0.29040893477575785,-0.11047051363292415,0.0006878090793258368,0.8379305815963922,-0.5129891760425771,0.0,-0.21274971173835258,-0.12043347345111804,-0.3086748916977343,-0.4285079270211159
-0.21944679328477337,-0.15967161351983009,0.5530581093625404,-0.13246496328501922,-0.2606796309274576,-0.3741899792026512,-0.3025412466098897,-0.46482844767361803,-0.4546306758387847,0.33589944767593066,-0.3358994476759308,-0.4561290291958711,-0.6556105453552027,-0.16767468033776603,-0.7115308500884661,0.47182142494143886,-0.29040893477575785,-0.11047051363292415,1.6632206122496689,0.8379305815963922,-0.5129891760425771,0.0,-0.21274971173835258,0.2651984872818141,-0.3086748916977343,-0.4285079270211159
-0.3862796897452442,-0.03412415245970372,-0.6601312224584027,-0.3929046651682355,-0.24047750027076956,0.008944232701513,-0.7386034057152276,-0.46482844767361803,-0.4546306758387847,0.33589944767593066,-0.3358994476759308,-0.4561290291958711,-0.6556105453552027,-0.03073645437786536,-0.7115308500884661,-0.12943773604588138,-0.29040893477575785,-1.0353399300946147,-0.28229649784328575,0.8379305815963922,-0.5129891760425771,0.0,0.11821130904295213,-0.671336274498164,-0.3086748916977343,-0.4285079270211159
-0.3473938266604728,-0.1502189505579274,-0.3082781679859714,-0.32640942213422286,-0.25310383193119956,-0.3741899792026512,-0.3025412466098897,-0.46482844767361803,-0.4546306758387847,0.33589944767593066,-0.3358994476759308,-0.4561290291958711,-0.6556105453552027,-0.1682416610458843,-0.7115308500884661,-0.12943773604588138,-0.29040893477575785,-0.11047051363292415,1.1679980751350987,-1.1934162828797104,-0.5129891760425771,0.0,-0.21274971173835258,1.2568235291664969,-0.09761513669073649,-0.4285079270211159
-0.031289391261685964,-0.151103236717917,0.13646409286718175,0.10396256750258139,-0.20512377162156548,0.008944232701513,-0.7386034057152276,-0.026913454720986756,-0.4546306758387847,0.33589944767593066,-0.3358994476759308,-0.4561290291958711,0.2717756877602118,-0.1672674541137388,-0.7115308500884661,-0.7306968970332016,-0.29040893477575785,-1.0353399300946147,0.6374024996552019,0.8379305815963922,-0.5129891760425771,0.0,-0.04726920134770022,0.2651984872818141,-0.3086748916977343,-0.21015993873010144
-0.21192049720384987,-0.14759451556167238,-0.14421411515768345,-0.1490887740435224,-0.22280063594616753,-0.11876717126654172,-0.6763088115573223,-0.46482844767361803,-0.4546306758387847,0.33589944767593066,-0.3358994476759308,-0.4561290291958711,-0.6556105453552027,-0.15412486402423473,-0.7115308500884661,-1.3319560580205219,-0.29040893477575785,-1.0353399300946147,-0.7421459965925296,-1.1934162828797104,-0.5129891760425771,0.0,-0.15758954160813513,2.13826801084177,-0.5197346467047322,-0.4285079270211159
-0.403841047267399,-0.16042508665447452,-0.6882794668161972,-0.4021401155896262,-0.2632048972595436,-0.3741899792026512,-0.3025412466098897,-0.46482844767361803,-0.4546306758387847,0.33589944767593066,-0.3358994476759308,-0.4561290291958711,-0.6556105453552027,-0.16981170902680184,1.4054204394309369,-0.7306968970332016,-0.29040893477575785,-0.11047051363292415,-1.484979802264385,-1.1934162828797104,-0.5129891760425771,0.0,-0.21274971173835258,-0.34079459386993644,-0.5197346467047322,-0.4285079270211159
0.05902616170939599,1.4674536207447935,1.6445062843360223,-0.36335122381978546,0.6155877863063861,-0.31033427721862383,-0.4660645562743914,-0.46482844767361803,-0.4546306758387847,-2.9770814061140713,2.9770814061140713,-0.4561290291958711,-1.5829967784706171,-0.16873546829187272,1.4054204394309369,-1.3319560580205219,-0.29040893477575785,-0.11047051363292415,-0.5299077664005709,-1.1934162828797104,-0.5129891760425771,0.0,-0.32307005199878747,0.8711915684335647,-0.5197346467047322,-0.4285079270211159
-0.40509542994755293,-0.16042508665447452,-0.6925017034698664,-0.4039872056739043,-0.2632048972595436,-0.4380456811866785,0.024505372719113804,-0.46482844767361803,-0.4546306758387847,0.33589944767593066,-0.3358994476759308,-0.4561290291958711,-0.6556105453552027,-0.1649543091726823,-0.7115308500884661,-1.3319560580205219,-0.29040893477575785,1.7392683192904568,-1.73259107082167,-1.1934162828797104,-0.5129891760425771,0.0,-0.26790988186857,0.5957401679100417,-0.09761513669073649,-0.4285079270211159
-0.4013322819070912,-0.08558008861312887,-0.6545015735868438,-0.4021401155896262,-0.2581543645953716,-0.4380456811866785,0.024505372719113804,-0.46482844767361803,-0.4546306758387847,0.33589944767593066,-0.3358994476759308,-0.4561290291958711,-0.6556105453552027,-0.16499362286506886,-0.7115308500884661,-1.3319560580205219,-0.29040893477575785,-0.11047051363292415,-1.3788606871684057,-1.1934162828797104,-0.5129891760425771,0.0,-0.26790988186857,0.32028876738651874,-0.5197346467047322,-0.4285079270211159
1.3861630373122389,-0.06713237782829014,1.424329061190274,1.0348959699787588,1.3756929522642733,0.519789848573732,-0.8412062666811895,-0.46482844767361803,-0.4546306758387847,0.33589944767593066,-0.3358994476759308,-0.4561290291958711,-0.6556105453552027,-0.16501975624440096,-0.7115308500884661,-1.3319560580205219,-0.29040893477575785,-0.11047051363292415,0.9911328833084664,-1.1934162828797104,-0.5129891760425771,0.0,0.5594926700846917,1.642455489899429,-0.5197346467047322,-0.4285079270211159
0.22460467548971288,-0.05590017559673317,-0.06803290239219535,0.07440912615413131,0.3504348214373556,0.711356954525814,-0.8585204994691956,-0.46482844767361803,-0.4546306758387847,0.33589944767593066,-0.3358994476759308,-0.4561290291958711,-0.6556105453552027,-0.16504043570108984,-0.7115308500884661,-1.3319560580205219,-0.29040893477575785,0.8143989028287663,1.7339666889803218,0.8379305815963922,-0.5129891760425771,0.0,0.33885198956382195,1.2568235291664969,-0.5197346467047322,-0.4285079270211159
-0.31101672893600923,-0.08876498214680315,-0.4301198542775676,-0.32086815188138845,-0.18744690729696345,-0.11876717126654172,-0.6763088115573223,-0.46482844767361803,-0.4546306758387847,0.33589944767593066,-0.3358994476759308,-0.4561290291958711,-0.6556105453552027,-0.16507020502885075,-0.7115308500884661,-1.3319560580205219,-0.29040893477575785,-0.11047051363292415,-1.2373685337070999,-1.1934162828797104,-0.5129891760425771,0.0,-0.04726920134770022,0.8161012883288601,-0.5197346467047322,-0.4285079270211159
0.14934171468047794,-0.16042508665447452,0.23005700535684842,0.41242661157702903,-0.2632048972595436,0.20051133865359508,-0.793111175603395,-0.46482844767361803,-0.4546306758387847,0.33589944767593066,-0.3358994476759308,-0.4561290291958711,-0.6556105453552027,-0.16508929375810205,-0.7115308500884661,-1.3319560580205219,-0.29040893477575785,-0.11047051363292415,-0.4945347280352444,0.8379305815963922,-0.5129891760425771,0.0,-0.04726920134770022,-0.671336274498164,-0.5197346467047322,-0.4285079270211159
0.18195566436447974,-0.019011220162893545,0.37495649051685875,-0.023486648312609573,0.3984148817469897,0.13665563666956773,-0.7782454201793492,-0.46482844767361803,-0.4546306758387847,0.33589944767593066,-0.3358994476759308,-0.4561290291958711,-0.6556105453552027,-0.1651102004615677,-0.7115308500884661,-1.3319560580205219,-0.29040893477575785,-1.0353399300946147,-0.7067729582272031,0.8379305815963922,-0.5129891760425771,0.0,-0.15758954160813513,0.15501792707240494,-0.5197346467047322,-0.4285079270211159
-0.2922009887337005,-0.15259247058038022,-0.12883311020503144,-0.2488316385945414,-0.24805329926702757,-0.31033427721862383,-0.4660645562743914,-0.46482844767361803,-0.4546306758387847,0.33589944767593066,-0.3358994476759308,-0.4561290291958711,-0.6556105453552027,-0.16514451472486466,-0.7115308500884661,-1.3319560580205219,-0.29040893477575785,0.8143989028287663,0.8142676914818341,0.8379305815963922,-0.5129891760425771,0.0,-0.26790988186857,0.43046932759592793,-0.5197346467047322,-0.4285079270211159
-0.13289438835415315,-0.053169531425581854,-0.2803464485847753,-0.20080729640331002,0.006998600273658924,0.26436704063762245,-0.8056898917314335,-0.46482844767361803,-0.4546306758387847,0.33589944767593066,-0.3358994476759308,-0.4561290291958711,-0.6556105453552027,-0.16516451244122315,-0.7115308500884661,-1.3319560580205219,-0.29040893477575785,-0.11047051363292415,-0.3530425745739386,0.8379305815963922,-0.5129891760425771,0.0,0.228531649303387,1.2568235291664969,-0.5197346467047322,-0.4285079270211159
-0.17930654751984806,-0.03783414158675317,-0.35244925913204894,-0.24698454851026327,-0.023304595711373135,0.26436704063762245,-0.8056898917314335,-0.46482844767361803,-0.4546306758387847,0.33589944767593066,-0.3358994476759308,-0.4561290291958711,-0.6556105453552027,-0.16550720058063892,-0.7115308500884661,-1.3319560580205219,-0.29040893477575785,-0.11047051363292415,-0.28229649784328575,0.8379305815963922,-0.5129891760425771,0.0,0.2836918194336045,1.2017332490617922,-0.5197346467047322,-0.4285079270211159
0.5018232478037283,-0.14451315793702307,-0.025857449596099924,0.7652208176741518,-0.03593092737180316,1.1583468684140057,-0.8839574587503403,-0.46482844767361803,-0.4546306758387847,0.33589944767593066,-0.3358994476759308,-0.4561290291958711,-0.6556105453552027,-0.16563491326920102,-0.7115308500884661,-1.3319560580205219,-0.29040893477575785,0.8143989028287663,-0.21155042111263284,0.8379305815963922,-0.5129891760425771,0.0,-0.15758954160813513,1.0364624087476786,-0.5197346467047322,-0.4285079270211159
-0.2984729021344701,-0.15641553318797385,0.021056291000224322,-0.25252581876309765,-0.25562909826328556,-0.3741899792026512,-0.3025412466098897,-0.46482844767361803,-0.4546306758387847,0.33589944767593066,-0.3358994476759308,-0.4561290291958711,-0.6556105453552027,-0.16574444621561907,-0.7115308500884661,-1.3319560580205219,-0.29040893477575785,-0.11047051363292415,0.3190451543672639,-1.1934162828797104,-0.5129891760425771,0.0,-0.26790988186857,0.8711915684335647,-0.5197346467047322,-0.4285079270211159
-0.004947354978453731,-0.16042508665447452,3.348178774091535,0.1852345312108191,-0.2632048972595436,-0.4380456811866785,0.024505372719113804,-0.46482844767361803,-0.4546306758387847,0.33589944767593066,-0.3358994476759308,-0.4561290291958711,-0.6556105453552027,-0.16578375990800565,-0.7115308500884661,-1.3319560580205219,-0.29040893477575785,-0.11047051363292415,-0.8482651116885089,-1.1934162828797104,-0.5129891760425771,0.0,-0.32307005199878747,-0.671336274498164,-0.5197346467047322,-0.4285079270211159
-0.14920136319615407,2.618195465630483,0.03673888428528121,-0.3929046651682355,0.23679783649348538,-0.11876717126654172,-0.6763088115573223,-0.46482844767361803,-0.4546306758387847,-2.9770814061140713,2.9770814061140713,-0.4561290291958711,-1.5829967784706171,-0.11419669635320683,-0.7115308500884661,1.073080585928759,-0.29040893477575785,0.8143989028287663,1.0618789600391192,-1.1934162828797104,-0.5129891760425771,0.0,0.007890968782517228,0.04483736686299575,-0.5197346467047322,-0.4285079270211159
-0.2056485838030803,-0.15682676944094828,0.30816838344972824,-0.11953533269507233,-0.25057856559911357,-0.31033427721862383,-0.4660645562743914,-0.46482844767361803,-0.4546306758387847,0.33589944767593066,-0.3358994476759308,-0.4561290291958711,-0.6556105453552027,-0.169059294948814,1.4054204394309369,1.6743397469160795,3.4434202266268428,-0.11047051363292415,0.24829907763661097,0.8379305815963922,-0.5129891760425771,0.0,-0.15758954160813513,0.2651984872818141,-0.3086748916977343,-0.4285079270211159
3.6534722755172404,3.811207915308846,-0.02445552914858954,-0.243290368341707,7.687621401976557,7.125662218821336,-0.6471009476713293,-0.4210369483783549,4.820224793159111,0.33589944767593066,-0.3358994476759308,-0.4561290291958711,-0.6556105453552027,-0.15321360444926305,-0.7115308500884661,1.073080585928759,-0.29040893477575785,-1.0353399300946147,0.6374024996552019,0.8379305815963922,-0.5129891760425771,0.0,9.05415887013818,-1.3875099158593238,-0.5197346467047322,-0.21015993873010144
-0.1517101285564619,-0.14956049016460177,0.3233684354029373,-0.06412263016672842,-0.2177501032819955,-0.24647857523459646,1.7905571170957324,-0.2458709511973024,1.3036544804938472,0.33589944767593066,-0.3358994476759308,-0.4561290291958711,0.2717756877602118,-0.13037598512110155,-0.7115308500884661,-0.7306968970332016,-0.29040893477575785,-0.11047051363292415,1.9462049191722803,0.8379305815963922,-0.5129891760425771,0.0,-0.10242937147791767,-0.2857043137652318,-0.3086748916977343,0.008188049560913064
-0.1278768576335375,-0.15732091622879657,0.09826290409588924,-0.006862837554106405,-0.24805329926702757,-0.11876717126654172,-0.6763088115573223,-0.46482844767361803,-0.4546306758387847,0.33589944767593066,-0.3358994476759308,-0.4561290291958711,-0.6556105453552027,-0.16911292518813903,1.4054204394309369,0.47182142494143886,-0.29040893477575785,-1.0353399300946147,0.8496407298471605,0.8379305815963922,-0.5129891760425771,0.0,0.007890968782517228,0.8161012883288601,-0.5197346467047322,-0.4285079270211159
-0.3210517903772406,-0.11776343777090748,-0.130944228531866,-0.3153268816285541,-0.21522483694990951,-0.3741899792026512,5.584297901312174,0.7294851694699217,2.1827970586601633,0.33589944767593066,-0.3358994476759308,-0.4561290291958711,0.2717756877602118,-0.051508400504906564,-0.7115308500884661,1.073080585928759,-0.29040893477575785,-1.0353399300946147,0.7435216147511813,-1.1934162828797104,-0.5129891760425771,0.0,-0.21274971173835258,1.5873652097947244,-0.3086748916977343,2.8467118973441012
-0.403841047267399,-0.16042508665447452,-0.6882794668161972,-0.4021401155896262,-0.2632048972595436,-0.3741899792026512,-0.3025412466098897,-0.46482844767361803,-0.4546306758387847,0.33589944767593066,-0.3358994476759308,-0.4561290291958711,-0.6556105453552027,-0.16936585085071845,1.4054204394309369,-0.12943773604588138,-0.29040893477575785,-0.11047051363292415,-1.484979802264385,-1.1934162828797104,-0.5129891760425771,0.0,-0.32307005199878747,-0.395884873974641,-0.5197346467047322,-0.4285079270211159
-0.358683270781858,-0.16042508665447452,-0.5126344220235595,-0.3356448725556135,-0.2632048972595436,-0.24647857523459646,-0.17172259887828822,-0.46482844767361803,-0.16158314978334604,0.33589944767593066,-0.3358994476759308,-0.4561290291958711,-0.6556105453552027,2.651864251180579,-0.7115308500884661,1.6743397469160795,3.4434202266268428,-0.11047051363292415,0.21292603927128453,0.8379305815963922,-0.5129891760425771,0.0,-0.10242937147791767,1.2568235291664969,0.11344461831626136,-0.4285079270211159
-0.403841047267399,-0.16042508665447452,-0.6882794668161972,-0.4021401155896262,-0.2632048972595436,-0.3741899792026512,1.659738469364131,-0.114496453311513,0.4245119023275312,0.33589944767593066,-0.3358994476759308,-0.4561290291958711,-0.6556105453552027,-0.09058984668557424,-0.7115308500884661,1.073080585928759,-0.29040893477575785,-1.0353399300946147,-1.484979802264385,-1.1934162828797104,-0.5129891760425771,0.0,-0.21274971173835258,0.2651984872818141,-0.3086748916977343,0.008188049560913064
-0.13289438835415315,-0.14660754855453378,-0.24494461818093374,-0.04749881940822526,-0.20259850528947948,0.20051133865359508,-0.793111175603395,-0.46482844767361803,-0.4546306758387847,0.33589944767593066,-0.3358994476759308,-0.4561290291958711,-0.6556105453552027,-0.13223031881979702,-0.7115308500884661,-1.3319560580205219,-0.29040893477575785,-0.11047051363292415,1.0618789600391192,0.8379305815963922,-0.5129891760425771,0.0,0.228531649303387,-0.7264265546028686,-0.5197346467047322,-0.4285079270211159
-0.28592907533293094,-0.13307787583167513,0.10550102407360781,-0.26360835926876647,-0.21522483694990951,-0.3741899792026512,0.3515519920481172,0.9948881955018196,-0.16158314978334604,0.33589944767593066,-0.3358994476759308,-0.4561290291958711,0.2717756877602118,-0.1561832653284974,-0.7115308500884661,-1.3319560580205219,-0.29040893477575785,-0.11047051363292415,0.8496407298471605,0.8379305815963922,-0.5129891760425771,0.0,-0.21274971173835258,0.8711915684335647,-0.3086748916977343,0.6632320144339565
0.04021042150708724,-0.15979259371328006,0.046389710922239376,0.2480355940762755,-0.2581543645953716,0.20051133865359508,-0.793111175603395,-0.46482844767361803,-0.4546306758387847,0.33589944767593066,-0.3358994476759308,-0.4561290291958711,0.2717756877602118,-0.16720973343243137,-0.7115308500884661,1.073080585928759,-0.29040893477575785,-1.0353399300946147,2.0169509959029335,0.8379305815963922,1.9493588689617927,0.0,-0.21274971173835258,-1.7180515964875513,-0.09761513669073649,-0.4285079270211159
-0.39756913386662945,-0.16042508665447452,-0.6165014437038212,-0.3929046651682355,-0.2632048972595436,-0.4380456811866785,0.024505372719113804,-0.46482844767361803,-0.4546306758387847,0.33589944767593066,-0.3358994476759308,-0.4561290291958711,-0.6556105453552027,-0.16886568069497965,1.4054204394309369,1.073080585928759,-0.29040893477575785,-1.0353399300946147,-1.5203528406297113,-1.1934162828797104,-0.5129891760425771,0.0,-0.26790988186857,1.7526360501088383,-0.5197346467047322,-0.4285079270211159
-0.3850253070650903,-0.15382111623906167,-0.489834344093746,-0.37628085440973236,-0.2606796309274576,-0.4380456811866785,0.024505372719113804,-0.46482844767361803,-0.4546306758387847,0.33589944767593066,-0.3358994476759308,-0.4561290291958711,-0.6556105453552027,-0.16273138120201575,-0.7115308500884661,0.47182142494143886,-0.29040893477575785,-1.0353399300946147,-0.9190111884191617,0.8379305815963922,-0.5129891760425771,0.0,-0.26790988186857,1.091552688852383,-0.5197346467047322,-0.4285079270211159
-0.31728864233677884,0.34909663078084013,-0.4053896110203624,-0.3836692147468449,-0.11421418366646931,-0.18262287325056908,-0.6295878659388932,-0.46482844767361803,-0.4546306758387847,0.33589944767593066,-0.3358994476759308,-0.4561290291958711,-0.6556105453552027,-0.16334949243491426,-0.7115308500884661,0.47182142494143886,-0.29040893477575785,-1.0353399300946147,0.6020294612898754,-1.1934162828797104,-0.5129891760425771,0.0,-0.04726920134770022,-0.8366071148122778,-0.5197346467047322,-0.4285079270211159
-0.01498241641968506,-0.02522972047415649,-0.24022564780330355,-0.14539459387496614,0.16861564552716324,0.519789848573732,-0.379493392334361,-0.026913454720986756,0.7175594283829699,0.33589944767593066,-0.3358994476759308,-0.4561290291958711,0.2717756877602118,-0.15446118925390007,-0.7115308500884661,-0.7306968970332016,-0.29040893477575785,-1.0353399300946147,1.0265059216737928,0.8379305815963922,-0.5129891760425771,0.0,0.5594926700846917,-0.395884873974641,0.11344461831626136,0.22653603785192755
-0.3235605557375484,-0.15872406397171665,-0.14783317514654273,-0.285773440280104,-0.2606796309274576,-0.3741899792026512,1.005645230706124,-0.026913454720986756,0.1314643762720926,0.33589944767593066,-0.3358994476759308,-0.4561290291958711,0.2717756877602118,-0.16917019137589284,1.4054204394309369,-0.12943773604588138,-0.29040893477575785,1.7392683192904568,0.6020294612898754,0.8379305815963922,-0.5129891760425771,0.0,-0.21274971173835258,0.04483736686299575,-0.3086748916977343,0.008188049560913064
-0.28843784069323875,10.392719637175263,-0.46703426616393245,-0.4058342957581824,-0.025829862043459138,0.07279993468554036,-0.7604065136704946,-0.46482844767361803,-0.4546306758387847,-2.9770814061140713,2.9770814061140713,-0.4561290291958711,-1.5829967784706171,-0.14738358839043558,-0.7115308500884661,-0.7306968970332016,-0.29040893477575785,-1.0353399300946147,0.46053730782856966,-1.1934162828797104,-0.5129891760425771,0.0,0.17337147917316958,1.2017332490617922,-0.3086748916977343,-0.4285079270211159
-0.3185430250169327,-0.09555942168530829,0.18150128383965297,-0.3245623320499447,-0.19754797262530746,-0.4380456811866785,2.9679249466801454,-0.2896624504925655,0.4245119023275312,0.33589944767593066,-0.3358994476759308,-0.4561290291958711,-0.6556105453552027,0.12464102954521514,-0.7115308500884661,-0.7306968970332016,-0.29040893477575785,-1.0353399300946147,0.6727755380205284,-1.1934162828797104,-0.5129891760425771,0.0,-0.26790988186857,-1.1120585153358007,-0.3086748916977343,-0.21015993873010144
-0.3210517903772406,-0.12372225107650694,-0.3606339024914692,-0.31163270145999783,-0.2202753696140815,-0.24647857523459646,-0.5641785420730924,-0.46482844767361803,-0.4546306758387847,0.33589944767593066,-0.3358994476759308,-0.4561290291958711,-0.6556105453552027,0.13806381491051473,-0.7115308500884661,-1.3319560580205219,-0.29040893477575785,-1.0353399300946147,0.8142676914818341,-1.1934162828797104,-0.5129891760425771,0.0,-0.10242937147791767,-0.6162459943934594,-0.3086748916977343,-0.4285079270211159
-0.21568364524431163,-0.15741119411589685,0.5783915292845554,-0.13246496328501922,-0.25310383193119956,-0.3741899792026512,0.3515519920481172,-0.17288511903853054,-0.16158314978334604,0.33589944767593066,-0.3358994476759308,-0.4561290291958711,0.2717756877602118,-0.1644109621293513,-0.7115308500884661,-0.7306968970332016,-0.29040893477575785,-1.0353399300946147,1.981577957537607,0.8379305815963922,-0.5129891760425771,0.0,-0.21274971173835258,0.04483736686299575,-0.09761513669073649,-0.21015993873010144
-0.2608414217298526,-0.1510694618993063,0.27439049022037476,-0.20819565674042256,-0.24047750027076956,-0.3741899792026512,0.3515519920481172,0.11905820959655697,-0.16158314978334604,0.33589944767593066,-0.3358994476759308,-0.4561290291958711,0.2717756877602118,-0.15556424510849173,-0.7115308500884661,-1.3319560580205219,-0.29040893477575785,-1.0353399300946147,1.2387441518657516,0.8379305815963922,-0.5129891760425771,0.0,-0.21274971173835258,2.13826801084177,-0.5197346467047322,0.008188049560913064
-0.38000777634447463,-0.13547675397402598,-0.43916750424971585,-0.3744337643254542,-0.25310383193119956,-0.4380456811866785,1.005645230706124,0.11905820959655697,-0.16158314978334604,0.33589944767593066,-0.3358994476759308,-0.4561290291958711,0.2717756877602118,-0.1649545364194591,-0.7115308500884661,-0.7306968970332016,-0.29040893477575785,0.8143989028287663,-0.28229649784328575,-1.1934162828797104,-0.5129891760425771,0.0,-0.26790988186857,0.9262818485382693,-0.3086748916977343,0.008188049560913064
-0.33484999985893366,-0.15845548144286015,-0.2238334349125879,-0.30239725103860715,-0.2606796309274576,-0.3741899792026512,0.3515519920481172,-0.46482844767361803,-0.16158314978334604,0.33589944767593066,-0.3358994476759308,-0.4561290291958711,-0.6556105453552027,-0.16945970376953723,1.4054204394309369,-0.7306968970332016,-0.29040893477575785,-0.11047051363292415,0.4251642694632432,0.8379305815963922,-0.5129891760425771,0.0,-0.21274971173835258,-0.17552375355582264,-0.3086748916977343,-0.4285079270211159
-0.023763095180762472,-0.04961560903481991,0.5826137659382247,-0.12322951286362858,0.12063558521752914,-0.18262287325056908,-0.6295878659388932,-0.46482844767361803,-0.4546306758387847,0.33589944767593066,-0.3358994476759308,-0.4561290291958711,-0.6556105453552027,-0.15946198182418098,-0.7115308500884661,-1.3319560580205219,-0.29040893477575785,-1.0353399300946147,0.4251642694632432,0.8379305815963922,-0.5129891760425771,0.0,-0.04726920134770022,0.21010820717710954,-0.5197346467047322,-0.4285079270211159
-0.14669259783584623,-0.14978921851175697,1.0428375611881648,-0.05673426982961591,-0.2177501032819955,-0.3741899792026512,-0.3025412466098897,0.41100153823164454,-0.4546306758387847,0.33589944767593066,-0.3358994476759308,-0.4561290291958711,0.2717756877602118,-0.14624735450643103,-0.7115308500884661,2.2755989079033996,3.4434202266268428,0.8143989028287663,1.592474535519016,0.8379305815963922,-0.5129891760425771,0.0,-0.21274971173835258,0.5406498878053371,-0.5197346467047322,0.008188049560913064
-0.3561745054215502,-0.1139695706288117,-0.3673894811373399,-0.3541157733983948,-0.23290170127451154,-0.3741899792026512,-0.3025412466098897,-0.46482844767361803,-0.4546306758387847,0.33589944767593066,-0.3358994476759308,-0.4561290291958711,-0.6556105453552027,-0.1696971766512942,1.4054204394309369,-1.3319560580205219,-0.29040893477575785,-0.11047051363292415,0.10680692417530518,0.8379305815963922,-0.5129891760425771,0.0,-0.21274971173835258,-0.5611557142887548,-0.5197346467047322,-0.4285079270211159
-0.3072535808955475,-0.15451627101963145,-0.038055022151144195,-0.2673025394373227,-0.25310383193119956,-0.3741899792026512,-0.3025412466098897,-0.46482844767361803,-0.4546306758387847,0.33589944767593066,-0.3358994476759308,-0.4561290291958711,-0.6556105453552027,-0.12881366353059526,-0.7115308500884661,1.6743397469160795,3.4434202266268428,-0.11047051363292415,1.1679980751350987,0.8379305815963922,-0.5129891760425771,0.0,-0.21274971173835258,1.0364624087476786,-0.3086748916977343,-0.4285079270211159
-0.33735876521924146,-0.16042508665447452,-0.24072238152726463,-0.3042443411228853,-0.2632048972595436,-0.3741899792026512,0.3515519920481172,-0.46482844767361803,-0.16158314978334604,0.33589944767593066,-0.3358994476759308,-0.4561290291958711,-0.6556105453552027,-0.1689790768366033,1.4054204394309369,-1.3319560580205219,-0.29040893477575785,0.8143989028287663,0.3190451543672639,0.8379305815963922,-0.5129891760425771,0.0,-0.21274971173835258,0.9813721286429739,-0.5197346467047322,-0.4285079270211159
-0.2708764831710839,-0.15272045450315952,-0.021166075536467464,-0.21927819724609132,-0.24552803293494158,-0.31033427721862383,0.024505372719113804,-0.46482844767361803,-0.16158314978334604,0.33589944767593066,-0.3358994476759308,-0.4561290291958711,-0.6556105453552027,-0.1688999949582766,1.4054204394309369,-1.3319560580205219,-0.29040893477575785,0.8143989028287663,1.4156093436923838,0.8379305815963922,-0.5129891760425771,0.0,-0.15758954160813513,-0.17552375355582264,-0.3086748916977343,-0.4285079270211159
-0.045087600743379044,-0.15640116202859572,-0.2998336946786331,0.10765674767113764,-0.23795223393868356,0.5836455505577594,-0.7386034057152276,0.11905820959655697,-0.16158314978334604,0.33589944767593066,-0.3358994476759308,-0.4561290291958711,-0.6556105453552027,-0.1678142098587218,-0.7115308500884661,-1.3319560580205219,-0.29040893477575785,-0.11047051363292415,0.46053730782856966,0.8379305815963922,-0.5129891760425771,0.0,0.6146528402149092,0.5406498878053371,-0.3086748916977343,0.008188049560913064
-0.22571870668554295,-0.15885491187039033,0.024434080323159652,-0.143547503790688,-0.2581543645953716,-0.24647857523459646,-0.5641785420730924,0.41100153823164454,-0.4546306758387847,0.33589944767593066,-0.3358994476759308,2.192362108070477,1.1991619208756263,-0.16849640468267815,1.4054204394309369,-1.3319560580205219,-0.29040893477575785,-0.11047051363292415,0.6727755380205284,0.8379305815963922,-0.5129891760425771,0.0,-0.10242937147791767,0.21010820717710954,-0.3086748916977343,0.008188049560913064
-0.3988235165467834,-0.07622446385796065,-0.6671682835478513,-0.40029302550534807,-0.25562909826328556,-0.31033427721862383,-0.4660645562743914,-0.46482844767361803,-0.4546306758387847,0.33589944767593066,-0.3358994476759308,-0.4561290291958711,-0.6556105453552027,-0.16926449878826524,1.4054204394309369,2.2755989079033996,3.4434202266268428,0.8143989028287663,-1.1312494186111204,-1.1934162828797104,-0.5129891760425771,0.0,-0.15758954160813513,0.8711915684335647,-0.3086748916977343,-0.4285079270211159
-0.1918503743213872,1.0146413825946523,1.4608389899014131,-0.37997503457828863,0.13326191687795916,-0.4380456811866785,0.024505372719113804,-0.46482844767361803,-0.4546306758387847,0.33589944767593066,-0.3358994476759308,-0.4561290291958711,-0.6556105453552027,-0.16923813816215635,1.4054204394309369,1.073080585928759,-0.29040893477575785,-0.11047051363292415,1.0972519984044458,0.8379305815963922,-0.5129891760425771,0.0,-0.26790988186857,0.21010820717710954,-0.5197346467047322,-0.4285079270211159
-0.28843784069323875,0.09508025148667101,-0.3082781679859714,-0.3541157733983948,-0.09653731934186728,-0.18262287325056908,0.024505372719113804,-0.2458709511973024,0.1314643762720926,0.33589944767593066,-0.3358994476759308,-0.4561290291958711,0.2717756877602118,-0.16667138581819,-0.7115308500884661,1.073080585928759,-0.29040893477575785,2.664137735752147,0.8142676914818341,-1.1934162828797104,-0.5129891760425771,0.0,-0.04726920134770022,0.43046932759592793,-0.09761513669073649,-0.21015993873010144
0.0602805443895499,0.40272316473726344,-0.2564049748123215,-0.29316180061721653,0.5221529320192039,0.7752126565098414,-0.582866920320464,-0.2896624504925655,0.4245119023275312,0.33589944767593066,-0.3358994476759308,-0.4561290291958711,0.2717756877602118,-0.1570545294707521,-0.7115308500884661,0.47182142494143886,-0.29040893477575785,-1.0353399300946147,1.4863554204230367,0.8379305815963922,-0.5129891760425771,0.0,0.7801333506055615,-1.5527807561734375,-0.3086748916977343,-0.21015993873010144
-0.17052586875877065,-0.08153441304332638,0.24736817563689215,-0.20265438648758816,-0.06623412335683522,-0.24647857523459646,0.6131892875113202,-0.2896624504925655,0.4245119023275312,0.33589944767593066,-0.3358994476759308,-0.4561290291958711,0.2717756877602118,-0.16456685341823674,-0.7115308500884661,0.47182142494143886,-0.29040893477575785,-1.0353399300946147,1.6632206122496689,-1.1934162828797104,-0.5129891760425771,0.0,-0.21274971173835258,-0.8916973949169824,-0.5197346467047322,-0.21015993873010144
0.027666594705548084,-0.14902013457198374,1.047904245172568,0.1741519907051503,-0.18239637463279143,-0.24647857523459646,0.6131892875113202,-0.46482844767361803,0.4245119023275312,0.33589944767593066,-0.3358994476759308,-0.4561290291958711,-0.6556105453552027,-0.1629886245533544,-0.7115308500884661,0.47182142494143886,-0.29040893477575785,-1.0353399300946147,1.6985936506149952,-1.1934162828797104,-0.5129891760425771,0.0,-0.21274971173835258,-0.2857043137652318,-0.5197346467047322,-0.4285079270211159
-0.403841047267399,-0.10429133812346528,-0.6798349935088589,-0.4039872056739043,-0.2606796309274576,-0.4380456811866785,0.024505372719113804,-0.46482844767361803,-0.4546306758387847,0.33589944767593066,-0.3358994476759308,-0.4561290291958711,-0.6556105453552027,-0.16980330089606022,1.4054204394309369,0.47182142494143886,-0.29040893477575785,-1.0353399300946147,-1.6972180324563437,-1.1934162828797104,-0.5129891760425771,0.0,-0.26790988186857,-1.0018779551263917,-0.5197346467047322,-0.4285079270211159
-0.3900428377857059,-0.09805425495335313,-0.540501183937776,-0.3910575750839574,-0.25057856559911357,-0.4380456811866785,0.024505372719113804,-0.46482844767361803,-0.4546306758387847,0.33589944767593066,-0.3358994476759308,-0.4561290291958711,-0.6556105453552027,-0.16844800111921956,1.4054204394309369,0.47182142494143886,-0.29040893477575785,0.8143989028287663,-1.3081146104377528,-1.1934162828797104,-0.5129891760425771,0.0,-0.26790988186857,0.6508304480147463,-0.5197346467047322,-0.4285079270211159
0.701270093948201,-0.0976582496727111,6.751301516948891,0.6396186919432391,0.53730453001172,-0.3741899792026512,0.3515519920481172,-0.46482844767361803,-0.16158314978334604,0.33589944767593066,-0.3358994476759308,2.192362108070477,1.1991619208756263,0.06806021807021623,-0.7115308500884661,1.073080585928759,-0.29040893477575785,-0.11047051363292415,1.203371113500425,0.8379305815963922,-0.5129891760425771,0.0,-0.21274971173835258,0.7610110082241555,-0.3086748916977343,-0.4285079270211159
-0.3611920361421659,-0.0920883493123763,-0.24916685483460296,-0.3651983139040636,-0.22785116861033952,-0.4380456811866785,1.005645230706124,-0.46482844767361803,-0.16158314978334604,0.33589944767593066,-0.3358994476759308,-0.4561290291958711,-0.6556105453552027,-0.15915906187070536,-0.7115308500884661,-0.12943773604588138,-0.29040893477575785,-1.0353399300946147,-0.14080434438197995,-1.1934162828797104,-0.5129891760425771,0.0,-0.26790988186857,0.21010820717710954,-0.5197346467047322,-0.4285079270211159
-0.3335956171787797,-0.16042508665447452,-0.3378338245616556,-0.29870307087005094,-0.2632048972595436,-0.31033427721862383,-0.4660645562743914,-0.46482844767361803,-0.4546306758387847,0.33589944767593066,-0.3358994476759308,-0.4561290291958711,-0.6556105453552027,-0.1528763702324905,-0.7115308500884661,1.6743397469160795,3.4434202266268428,-0.11047051363292415,0.9911328833084664,-1.1934162828797104,1.9493588689617927,0.0,-0.21274971173835258,-1.607871036278142,-0.09761513669073649,-0.4285079270211159
0.17568375096371017,-0.15895753767327167,0.19903980532412496,0.440132962841201,-0.24805329926702757,0.26436704063762245,-0.20191151758558087,-0.026913454720986756,0.7175594283829699,0.33589944767593066,-0.3358994476759308,-0.4561290291958711,0.2717756877602118,0.18271530683734963,-0.7115308500884661,1.6743397469160795,3.4434202266268428,0.8143989028287663,0.6374024996552019,0.8379305815963922,-0.5129891760425771,0.0,0.33885198956382195,-0.7815168347075732,-0.3086748916977343,0.22653603785192755
-0.30474481553523963,-0.16042508665447452,0.32083509341073574,-0.2562199989316539,-0.2632048972595436,-0.4380456811866785,2.9679249466801454,-0.114496453311513,0.4245119023275312,0.33589944767593066,-0.3358994476759308,-0.4561290291958711,0.2717756877602118,0.16219469564545025,-0.7115308500884661,2.2755989079033996,3.4434202266268428,0.8143989028287663,1.0972519984044458,0.8379305815963922,-0.5129891760425771,0.0,-0.26790988186857,0.5406498878053371,-0.3086748916977343,0.008188049560913064
0.25345547713325295,-0.1584744930761769,0.31986073110604285,0.5491112778136107,-0.24047750027076956,0.26436704063762245,-0.352856111122044,0.06066954386953948,0.4245119023275312,0.33589944767593066,-0.3358994476759308,-0.4561290291958711,0.2717756877602118,0.75474384760871,-0.7115308500884661,1.073080585928759,-0.29040893477575785,-1.0353399300946147,0.885013768212487,0.8379305815963922,-0.5129891760425771,0.0,0.33885198956382195,-0.946787675021687,0.11344461831626136,0.22653603785192755
-0.36871833222308936,-0.1437928648675088,-0.4518342142107234,-0.35780995356695106,-0.25310383193119956,-0.3741899792026512,-0.3025412466098897,-0.46482844767361803,-0.4546306758387847,0.33589944767593066,-0.3358994476759308,-0.4561290291958711,-0.6556105453552027,-0.16963877422965634,1.4054204394309369,-0.12943773604588138,-0.29040893477575785,0.8143989028287663,0.0006878090793258368,0.8379305815963922,-0.5129891760425771,0.0,-0.21274971173835258,-0.5060654341840503,-0.3086748916977343,-0.4285079270211159
-0.2357537681267743,-0.1579116352277129,1.0175041412661499,-0.16017131454919117,-0.25562909826328556,-0.4380456811866785,0.024505372719113804,-0.46482844767361803,-0.4546306758387847,-2.9770814061140713,2.9770814061140713,-0.4561290291958711,-1.5829967784706171,-0.16107202523781547,-0.7115308500884661,-0.12943773604588138,-0.29040893477575785,-0.11047051363292415,1.274117190231078,-1.1934162828797104,-0.5129891760425771,0.0,-0.26790988186857,-0.5060654341840503,-0.5197346467047322,-0.4285079270211159
-0.403841047267399,-0.10429133812346528,-0.6798349935088589,-0.4039872056739043,-0.2606796309274576,-0.4380456811866785,0.024505372719113804,-0.46482844767361803,-0.4546306758387847,0.33589944767593066,-0.3358994476759308,-0.4561290291958711,-0.6556105453552027,-0.15539994568886464,-0.7115308500884661,-0.7306968970332016,-0.29040893477575785,-1.0353399300946147,-1.6972180324563437,0.8379305815963922,-0.5129891760425771,0.0,-0.26790988186857,0.5957401679100417,-0.3086748916977343,-0.4285079270211159
-0.29721851945431615,-0.15913465565376164,0.029500764307562644,-0.24698454851026327,-0.2606796309274576,-0.3741899792026512,0.3515519920481172,-0.46482844767361803,-0.16158314978334604,0.33589944767593066,-0.3358994476759308,-0.4561290291958711,-0.6556105453552027,-0.1691065622783886,1.4054204394309369,-0.12943773604588138,-0.29040893477575785,0.8143989028287663,1.6985936506149952,0.8379305815963922,-0.5129891760425771,0.0,-0.21274971173835258,-0.01025291324170885,-0.3086748916977343,-0.4285079270211159
-0.3963147511864755,-0.1463916495217222,-0.6762159335199995,-0.3929046651682355,-0.2606796309274576,-0.11876717126654172,-0.3959831378467478,-0.17288511903853054,-0.16158314978334604,0.33589944767593066,-0.3358994476759308,-0.4561290291958711,0.2717756877602118,-0.15636438100960773,-0.7115308500884661,-0.7306968970332016,-0.29040893477575785,-1.0353399300946147,-0.1761773827473064,-1.1934162828797104,-0.5129891760425771,0.0,0.007890968782517228,-0.6162459943934594,-0.09761513669073649,-0.21015993873010144
-0.07770155042738086,-0.14915136310012955,-0.041432811474079526,0.03377314430001245,-0.20259850528947948,0.07279993468554036,-0.7604065136704946,-0.46482844767361803,-0.4546306758387847,-2.9770814061140713,2.9770814061140713,-0.4561290291958711,-1.5829967784706171,-0.16655435372813754,-0.7115308500884661,-0.7306968970332016,-0.29040893477575785,0.8143989028287663,0.4959103461938961,-1.1934162828797104,-0.5129891760425771,0.0,-0.04726920134770022,0.7610110082241555,-0.5197346467047322,-0.4285079270211159
1.2619791519770014,-0.11720034793132483,0.642569526420327,1.367372185148822,0.6711436456122782,1.0306354644459508,-0.6426697307120532,0.06066954386953948,0.4245119023275312,0.33589944767593066,-0.3358994476759308,-0.4561290291958711,0.2717756877602118,-0.16767649831198045,-0.7115308500884661,-0.7306968970332016,-0.29040893477575785,2.664137735752147,-0.14080434438197995,0.8379305815963922,-0.5129891760425771,0.0,0.5594926700846917,-0.946787675021687,-0.5197346467047322,0.22653603785192755
-0.3900428377857059,-0.04815758959245603,-0.6640016060575995,-0.39475175525251366,-0.24552803293494158,-0.054911469282514364,-0.711349520771144,-0.46482844767361803,-0.4546306758387847,0.33589944767593066,-0.3358994476759308,-0.4561290291958711,-0.6556105453552027,-0.16913996755457836,1.4054204394309369,-0.7306968970332016,-0.29040893477575785,-0.11047051363292415,-0.21155042111263284,0.8379305815963922,-0.5129891760425771,0.0,0.06305113891273467,-0.395884873974641,-0.3086748916977343,-0.4285079270211159
-0.2558238910092369,-0.1575708282545927,0.30816838344972824,-0.18972475589764126,-0.25562909826328556,-0.3741899792026512,1.659738469364131,-0.114496453311513,0.4245119023275312,0.33589944767593066,-0.3358994476759308,-0.4561290291958711,0.2717756877602118,-0.16407850009489158,-0.7115308500884661,-0.7306968970332016,-0.29040893477575785,1.7392683192904568,1.6278475738843423,0.8379305815963922,-0.5129891760425771,0.0,-0.21274971173835258,-0.17552375355582264,-0.3086748916977343,0.008188049560913064
-0.1742890167992324,-0.12966686828131876,-0.2365001448735954,-0.13800623353785363,-0.1621942439761034,0.07279993468554036,-0.5641785420730924,0.11905820959655697,-0.16158314978334604,0.33589944767593066,-0.3358994476759308,-0.4561290291958711,-0.6556105453552027,-0.1600335074678353,-0.7115308500884661,-0.7306968970332016,-0.29040893477575785,-1.0353399300946147,1.2387441518657516,0.8379305815963922,-0.5129891760425771,0.0,0.17337147917316958,-0.23061403366052724,-0.09761513669073649,0.008188049560913064
-0.20941173184354203,0.36081686399061136,-0.48420469522218706,-0.3559628634826729,0.06507972591163703,0.5836455505577594,-0.847618945491562,-0.46482844767361803,-0.4546306758387847,0.33589944767593066,-0.3358994476759308,-0.4561290291958711,0.2717756877602118,-0.1691490574256504,1.4054204394309369,-0.7306968970332016,-0.29040893477575785,-1.0353399300946147,0.885013768212487,0.8379305815963922,-0.5129891760425771,0.0,0.6146528402149092,-1.3324196357546192,-0.3086748916977343,-0.4285079270211159
0.04271918686739508,-0.15979613709110185,-0.13833314267578709,0.2517297742448318,-0.2581543645953716,0.45593414658970455,-0.4660645562743914,0.41100153823164454,0.4245119023275312,0.33589944767593066,-0.3358994476759308,-0.4561290291958711,0.2717756877602118,0.0662172467103608,-0.7115308500884661,0.47182142494143886,-0.29040893477575785,-0.11047051363292415,0.7081485763858548,0.8379305815963922,-0.5129891760425771,0.0,0.5043324999544743,0.7610110082241555,-0.3086748916977343,0.6632320144339565
-0.2984729021344701,-0.16042508665447452,0.021056291000224322,-0.24698454851026327,-0.2632048972595436,-0.3741899792026512,-0.3025412466098897,0.8489165311842758,-0.4546306758387847,0.33589944767593066,-0.3358994476759308,-0.4561290291958711,0.2717756877602118,-0.1524280123418623,-0.7115308500884661,-1.3319560580205219,-0.29040893477575785,2.664137735752147,0.566656422924549,0.8379305815963922,-0.5129891760425771,0.0,-0.21274971173835258,0.3753790474912233,-0.3086748916977343,0.22653603785192755
-0.3699727149032433,0.5693136442486456,-0.6317014956570303,-0.40029302550534807,-0.19754797262530746,0.07279993468554036,-0.5641785420730924,-0.17288511903853054,-0.16158314978334604,0.33589944767593066,-0.3358994476759308,-0.4561290291958711,0.2717756877602118,-0.16731722115785821,-0.7115308500884661,-0.7306968970332016,-0.29040893477575785,-0.11047051363292415,0.7081485763858548,-1.1934162828797104,-0.5129891760425771,0.0,0.17337147917316958,-0.8916973949169824,-0.3086748916977343,-0.21015993873010144
2.383397268034602,-0.15863085724937379,10.563136767881423,3.6374458987266434,-0.17482057563653342,-0.24647857523459646,-0.5641785420730924,0.41100153823164454,-0.4546306758387847,0.33589944767593066,-0.3358994476759308,-0.4561290291958711,-0.6556105453552027,-0.10974765895699853,-0.7115308500884661,1.6743397469160795,3.4434202266268428,2.664137735752147,1.5571014971536896,-1.1934162828797104,1.9493588689617927,0.0,-0.15758954160813513,-0.06534319334641345,-0.5197346467047322,0.008188049560913064
-0.34363067862001107,-0.15817973671323415,-0.4518342142107234,-0.3153268816285541,-0.2606796309274576,-0.24647857523459646,-0.5641785420730924,-0.46482844767361803,-0.4546306758387847,0.33589944767593066,-0.3358994476759308,-0.4561290291958711,-0.6556105453552027,0.06581229295410157,-0.7115308500884661,-0.12943773604588138,-0.29040893477575785,0.8143989028287663,0.885013768212487,0.8379305815963922,-0.5129891760425771,0.0,-0.10242937147791767,-0.34079459386993644,-0.3086748916977343,-0.4285079270211159
-0.19686790504200288,-0.16042508665447452,0.14096781196442884,-0.09737025168373477,-0.2632048972595436,-0.24647857523459646,0.22073334431651584,-0.46482844767361803,0.1314643762720926,0.33589944767593066,-0.3358994476759308,-0.4561290291958711,-0.6556105453552027,1.2894798288263798,-0.7115308500884661,0.47182142494143886,-0.29040893477575785,0.8143989028287663,1.132625036769772,0.8379305815963922,-0.5129891760425771,0.0,-0.10242937147791767,0.15501792707240494,-0.3086748916977343,-0.4285079270211159
-0.03003500858153205,-0.1561666643521221,-0.4236859698529289,0.12797473859819708,-0.23542696760659754,1.1583468684140057,-0.8112804322327839,0.41100153823164454,-0.16158314978334604,0.33589944767593066,-0.3358994476759308,2.192362108070477,1.1991619208756263,-0.1110570548849254,-0.7115308500884661,1.073080585928759,-0.29040893477575785,0.8143989028287663,1.0265059216737928,0.8379305815963922,-0.5129891760425771,0.0,1.1110943713868662,0.15501792707240494,-0.3086748916977343,0.22653603785192755
-0.0413244527029173,-0.14208657119812887,-0.6439643852257564,0.05593822531135001,-0.15966897764401738,7.125662218821336,-0.9240520076261527,-0.46482844767361803,-0.16158314978334604,0.33589944767593066,-0.3358994476759308,-0.4561290291958711,-0.6556105453552027,-0.15292045610718988,-0.7115308500884661,0.47182142494143886,-0.29040893477575785,1.7392683192904568,2.4768004946521773,0.8379305815963922,-0.5129891760425771,0.0,-0.21274971173835258,-0.23061403366052724,-0.5197346467047322,-0.4285079270211159
-0.3950603685063216,-0.1323582123889699,-0.5911680237818062,-0.3929046651682355,-0.2581543645953716,-0.4380456811866785,0.024505372719113804,-0.46482844767361803,-0.4546306758387847,0.33589944767593066,-0.3358994476759308,-0.4561290291958711,-0.6556105453552027,-0.169396074672033,1.4054204394309369,0.47182142494143886,-0.29040893477575785,-0.11047051363292415,-1.3788606871684057,-1.1934162828797104,-0.5129891760425771,0.0,-0.26790988186857,-0.06534319334641345,-0.3086748916977343,-0.4285079270211159
-0.3850253070650903,-0.04815758959245603,-0.561612367206122,-0.3910575750839574,-0.24047750027076956,-0.3741899792026512,-0.3025412466098897,-0.46482844767361803,-0.4546306758387847,-2.9770814061140713,2.9770814061140713,-0.4561290291958711,-1.5829967784706171,-0.16961900376007466,1.4054204394309369,-0.12943773604588138,-0.29040893477575785,0.8143989028287663,-0.7067729582272031,0.8379305815963922,-0.5129891760425771,0.0,-0.21274971173835258,-1.22223907554521,-0.3086748916977343,-0.4285079270211159
0.4930425690426509,-0.15238204208883735,1.5653393470797252,0.8298689706238864,-0.14199211331941536,-0.054911469282514364,-0.711349520771144,-0.46482844767361803,-0.4546306758387847,0.33589944767593066,-0.3358994476759308,-0.4561290291958711,-0.6556105453552027,-0.12851551575943246,-0.7115308500884661,-1.3319560580205219,-0.29040893477575785,-0.11047051363292415,1.2387441518657516,-1.1934162828797104,-0.5129891760425771,0.0,0.06305113891273467,0.32028876738651874,-0.3086748916977343,-0.4285079270211159
0.6636386135435836,-0.1494580818000871,0.49535420842906164,1.0293546997259244,-0.07128465602100723,0.5836455505577594,-0.847618945491562,0.41100153823164454,-0.4546306758387847,0.33589944767593066,-0.3358994476759308,-0.4561290291958711,-0.6556105453552027,-0.1283291734024557,-0.7115308500884661,-1.3319560580205219,-0.29040893477575785,-0.11047051363292415,1.1679980751350987,0.8379305815963922,-0.5129891760425771,0.0,0.6146528402149092,-0.23061403366052724,-0.3086748916977343,0.008188049560913064
-0.2620958044100065,-0.13414971500166167,-0.3814636033162371,-0.23405491792031638,-0.2076490379536515,0.008944232701513,0.13352091249544834,0.11905820959655697,0.7175594283829699,0.33589944767593066,-0.3358994476759308,-0.4561290291958711,-0.6556105453552027,-0.15448141421703535,-0.7115308500884661,-0.7306968970332016,-0.29040893477575785,-0.11047051363292415,0.6020294612898754,0.8379305815963922,-0.5129891760425771,0.0,0.11821130904295213,-0.23061403366052724,0.3245043733232592,0.44488402614294204
-0.3335956171787797,-0.16042508665447452,-0.21538896160524956,-0.29870307087005094,-0.2632048972595436,-0.3741899792026512,1.005645230706124,-0.2458709511973024,0.1314643762720926,0.33589944767593066,-0.3358994476759308,-0.4561290291958711,0.2717756877602118,-0.1674919739292181,-0.7115308500884661,-0.12943773604588138,-0.29040893477575785,-1.0353399300946147,0.4959103461938961,0.8379305815963922,-0.5129891760425771,0.0,-0.21274971173835258,1.917906890422952,-0.3086748916977343,-0.21015993873010144
-0.3963147511864755,-0.07061108900485973,-0.637612626972167,-0.39844593542106993,-0.25310383193119956,-0.3741899792026512,-0.3025412466098897,-0.46482844767361803,-0.4546306758387847,0.33589944767593066,-0.3358994476759308,-0.4561290291958711,-0.6556105453552027,-0.16901202761923942,1.4054204394309369,-0.12943773604588138,-0.29040893477575785,-1.0353399300946147,-0.777519034957856,0.8379305815963922,-0.5129891760425771,0.0,-0.21274971173835258,0.5406498878053371,-0.3086748916977343,-0.4285079270211159
3.267737057543113,0.10324314930260892,0.9812312900141735,1.208522437900903,4.926217415177196,2.2438938021424706,-0.7782454201793492,-0.46482844767361803,0.4245119023275312,0.33589944767593066,-0.3358994476759308,-0.4561290291958711,-0.6556105453552027,0.12935253696862847,-0.7115308500884661,-1.3319560580205219,-0.29040893477575785,-1.0353399300946147,1.1679980751350987,0.8379305815963922,-0.5129891760425771,0.0,1.9936570934703455,-0.12043347345111804,-0.3086748916977343,-0.4285079270211159
-0.004947354978453731,-0.12377577976232797,-0.38090063842908123,0.03931441455284684,-0.06370885702474921,1.0306354644459508,-0.25021378751724915,-0.114496453311513,1.8897495326047244,-2.9770814061140713,2.9770814061140713,-0.4561290291958711,-1.5829967784706171,-0.0736867769335686,-0.7115308500884661,-0.12943773604588138,-0.29040893477575785,-1.0353399300946147,2.1584431493642393,0.8379305815963922,-0.5129891760425771,0.0,0.8904536908659965,-1.2773293556499146,0.9576836383442527,0.44488402614294204
-0.3938059858261677,-0.11832477525621758,-0.5785013138207986,-0.3929046651682355,-0.25562909826328556,-0.4380456811866785,0.024505372719113804,-0.46482844767361803,-0.4546306758387847,0.33589944767593066,-0.3358994476759308,-0.4561290291958711,-0.6556105453552027,-0.16511769960520217,-0.7115308500884661,1.073080585928759,-0.29040893477575785,-1.0353399300946147,-0.9190111884191617,0.8379305815963922,-0.5129891760425771,0.0,-0.26790988186857,-0.45097515407934563,0.7466238833372549,-0.4285079270211159
-0.3988235165467834,-0.07622446385796065,-0.6545015735868438,-0.40029302550534807,-0.25562909826328556,-0.3741899792026512,-0.3025412466098897,-0.46482844767361803,-0.4546306758387847,0.33589944767593066,-0.3358994476759308,-0.4561290291958711,-0.6556105453552027,-0.1697762585296209,1.4054204394309369,-1.3319560580205219,-0.29040893477575785,-0.11047051363292415,-1.095876380245794,-1.1934162828797104,-0.5129891760425771,0.0,-0.21274971173835258,-0.5060654341840503,-0.3086748916977343,-0.4285079270211159
-0.3963147511864755,-0.02009071532695141,-0.6646349415556498,-0.40029302550534807,-0.25057856559911357,-0.24647857523459646,-0.5641785420730924,-0.46482844767361803,-0.4546306758387847,0.33589944767593066,-0.3358994476759308,-0.4561290291958711,-0.6556105453552027,-0.16828642866091412,1.4054204394309369,-1.3319560580205219,-0.29040893477575785,-1.0353399300946147,-0.7067729582272031,-1.1934162828797104,-0.5129891760425771,0.0,-0.10242937147791767,0.32028876738651874,-0.3086748916977343,-0.4285079270211159
-0.3950603685063216,-0.16042508665447452,-0.5911680237818062,-0.38921048499967925,-0.2632048972595436,-0.4380456811866785,0.024505372719113804,-0.46482844767361803,-0.4546306758387847,0.33589944767593066,-0.3358994476759308,-0.4561290291958711,-0.6556105453552027,-0.09458052733297509,-0.7115308500884661,0.47182142494143886,-0.29040893477575785,-1.0353399300946147,-1.4496067638990584,-1.1934162828797104,-0.5129891760425771,0.0,-0.26790988186857,0.3753790474912233,0.7466238833372549,-0.4285079270211159
-0.11407864815184443,-0.06745356564999046,-0.3362504858165297,-0.17125385505485996,0.00447333394157292,0.45593414658970455,-0.4660645562743914,0.06066954386953948,0.4245119023275312,0.33589944767593066,-0.3358994476759308,-0.4561290291958711,0.2717756877602118,-0.07596401688389057,-0.7115308500884661,-0.12943773604588138,-0.29040893477575785,-1.0353399300946147,-1.3788606871684057,0.8379305815963922,-0.5129891760425771,0.0,0.4491723298242568,-0.34079459386993644,-0.3086748916977343,0.22653603785192755
-0.13791191907476882,-0.1599004721822221,0.6501695523969314,-0.012404107806940795,-0.2606796309274576,-0.31033427721862383,-0.4660645562743914,-0.46482844767361803,-0.4546306758387847,0.33589944767593066,-0.3358994476759308,-0.4561290291958711,-0.6556105453552027,-0.1502662137541552,-0.7115308500884661,-1.3319560580205219,-0.29040893477575785,0.8143989028287663,1.4509823820577101,0.8379305815963922,-0.5129891760425771,0.0,-0.15758954160813513,-0.395884873974641,-0.09761513669073649,-0.4285079270211159
-0.40509542994755293,-0.16042508665447452,-0.6925017034698664,-0.4039872056739043,-0.2632048972595436,-0.4380456811866785,0.024505372719113804,1.2868315241369073,-0.4546306758387847,0.33589944767593066,-0.3358994476759308,-0.4561290291958711,0.2717756877602118,-0.16938493957996972,1.4054204394309369,1.073080585928759,-0.29040893477575785,-1.0353399300946147,-1.73259107082167,-1.1934162828797104,-0.5129891760425771,0.0,-0.32307005199878747,-1.5527807561734375,-0.3086748916977343,0.44488402614294204
4.7582321895824,-0.16004212932536083,1.03322352832776,7.173201150754367,-0.22785116861033952,3.2655850338869086,-0.891225161402096,-0.46482844767361803,-0.16158314978334604,-2.9770814061140713,2.9770814061140713,-0.4561290291958711,-1.5829967784706171,-0.13499545759991052,-0.7115308500884661,0.47182142494143886,-0.29040893477575785,-1.0353399300946147,-0.1054313060166535,0.8379305815963922,-0.5129891760425771,0.0,-0.21274971173835258,1.0364624087476786,-0.5197346467047322,-0.4285079270211159
-0.15547327659692364,-0.15202003339849451,0.9837262480367964,-0.0622755400824503,-0.22785116861033952,-0.3741899792026512,-0.3025412466098897,-0.46482844767361803,-0.4546306758387847,-2.9770814061140713,2.9770814061140713,-0.4561290291958711,-1.5829967784706171,-0.03255283786483509,-0.7115308500884661,1.073080585928759,-0.29040893477575785,2.664137735752147,1.7339666889803218,-1.1934162828797104,-0.5129891760425771,0.0,-0.21274971173835258,-0.17552375355582264,-0.5197346467047322,-0.4285079270211159
2.7283525050769293,0.6126977716622016,0.16206742746112088,0.17784617087370658,5.249451505684205,4.095709159679265,-0.929753941213458,-0.46482844767361803,-0.4546306758387847,-2.9770814061140713,2.9770814061140713,-0.4561290291958711,-1.5829967784706171,-0.16932199222279587,1.4054204394309369,1.073080585928759,-0.29040893477575785,-0.11047051363292415,1.2387441518657516,0.8379305815963922,-0.5129891760425771,0.0,3.6484621973768685,0.2651984872818141,-0.5197346467047322,-0.4285079270211159
-0.3524113573810885,-0.13918528991301155,-0.3420560612153248,-0.33933905272416975,-0.24552803293494158,-0.3741899792026512,-0.3025412466098897,-0.46482844767361803,-0.4546306758387847,-2.9770814061140713,2.9770814061140713,-0.4561290291958711,-1.5829967784706171,-0.15045051089014075,-0.7115308500884661,0.47182142494143886,-0.29040893477575785,-1.0353399300946147,0.7435216147511813,-1.1934162828797104,-0.5129891760425771,0.0,-0.32307005199878747,-1.5527807561734375,-0.3086748916977343,-0.4285079270211159
-0.1592364246373854,-0.08270143484230788,-0.6219903513535913,-0.19157184598191937,-0.058658324360577205,3.2655850338869086,-0.9239298233349963,-0.46482844767361803,-0.4546306758387847,-2.9770814061140713,2.9770814061140713,-0.4561290291958711,-1.5829967784706171,-0.16983102500282993,1.4054204394309369,1.073080585928759,-0.29040893477575785,0.8143989028287663,1.0265059216737928,0.8379305815963922,-0.5129891760425771,0.0,1.331735051907736,0.8711915684335647,-0.5197346467047322,-0.4285079270211159
0.14306980127970836,-0.12557189353671358,0.6818363272994503,0.2110937923907129,-0.0005771987225990901,-0.054911469282514364,-0.4660645562743914,-0.46482844767361803,-0.16158314978334604,-2.9770814061140713,2.9770814061140713,-0.4561290291958711,-1.5829967784706171,-0.03249398094964364,-0.7115308500884661,1.073080585928759,-0.29040893477575785,-1.0353399300946147,1.3802363053270572,-1.1934162828797104,1.9493588689617927,0.0,-0.04726920134770022,-1.2773293556499146,-0.5197346467047322,-0.4285079270211159
-0.12411370959307576,-0.16042508665447452,0.7198364571824729,0.009760973204396763,-0.2632048972595436,-0.31033427721862383,-0.4660645562743914,-0.026913454720986756,-0.4546306758387847,0.33589944767593066,-0.3358994476759308,-0.4561290291958711,-0.6556105453552027,-0.018271059683228,-0.7115308500884661,1.073080585928759,-0.29040893477575785,-1.0353399300946147,1.3802363053270572,-1.1934162828797104,1.9493588689617927,0.0,-0.26790988186857,-1.3875099158593238,-0.5197346467047322,-0.21015993873010144
-0.37373586294370503,0.3335519004184069,-0.6612571522327144,-0.39844593542106993,-0.2076490379536515,0.3920784446056772,-0.8258158375362953,-0.46482844767361803,-0.4546306758387847,0.33589944767593066,-0.3358994476759308,-0.4561290291958711,-0.6556105453552027,-0.1539471570447764,-0.7115308500884661,0.47182142494143886,-0.29040893477575785,-1.0353399300946147,0.566656422924549,0.8379305815963922,-0.5129891760425771,0.0,0.4491723298242568,-1.1671487954405053,-0.3086748916977343,-0.4285079270211159
-0.24829759492831344,-0.16042508665447452,0.35883522329375833,-0.1731009451391381,-0.2632048972595436,-0.3741899792026512,-0.3025412466098897,-0.46482844767361803,-0.4546306758387847,0.33589944767593066,-0.3358994476759308,-0.4561290291958711,0.2717756877602118,-0.16466479677903795,-0.7115308500884661,0.47182142494143886,-0.29040893477575785,-1.0353399300946147,2.370681379556198,-1.1934162828797104,-0.5129891760425771,0.0,-0.32307005199878747,-2.048593277115779,0.5355641283302571,-0.4285079270211159
-0.37373586294370503,0.4851130214521318,-0.6452894208879293,-0.40029302550534807,-0.20512377162156548,0.13665563666956773,-0.7782454201793492,-0.46482844767361803,-0.4546306758387847,0.33589944767593066,-0.3358994476759308,-0.4561290291958711,-0.6556105453552027,-0.07372927208083038,-0.7115308500884661,1.6743397469160795,3.4434202266268428,-1.0353399300946147,0.566656422924549,0.8379305815963922,-0.5129891760425771,0.0,0.228531649303387,-0.671336274498164,-0.3086748916977343,-0.4285079270211159
-0.23826253348708212,-0.15787355263033773,-0.2808336297371218,-0.16386549471774745,-0.25562909826328556,-0.054911469282514364,-0.22077959177763878,1.505789020613223,0.1314643762720926,0.33589944767593066,-0.3358994476759308,-0.4561290291958711,0.2717756877602118,0.7830676586223992,-0.7115308500884661,0.47182142494143886,-0.29040893477575785,-0.11047051363292415,1.0972519984044458,0.8379305815963922,-0.5129891760425771,0.0,-0.04726920134770022,0.15501792707240494,-0.5197346467047322,1.5366239675980145
0.08285943263232039,-0.16042508665447452,1.2708383404863004,0.3145308371102882,-0.2632048972595436,-0.24647857523459646,-0.5641785420730924,-0.46482844767361803,-0.4546306758387847,0.33589944767593066,-0.3358994476759308,-0.4561290291958711,-0.6556105453552027,-0.1689302187795911,1.4054204394309369,-0.12943773604588138,-0.29040893477575785,-1.0353399300946147,1.3094902285964043,0.8379305815963922,-0.5129891760425771,0.0,-0.10242937147791767,0.43046932759592793,-0.09761513669073649,-0.4285079270211159
-0.21819241060461944,-0.1142590130962613,-0.2829447480639563,-0.21004274682470067,-0.15209317864775937,0.008944232701513,-0.7386034057152276,-0.46482844767361803,-0.4546306758387847,0.33589944767593066,-0.3358994476759308,-0.4561290291958711,-0.6556105453552027,-0.16742311815584743,-0.7115308500884661,-0.12943773604588138,-0.29040893477575785,-1.0353399300946147,0.6727755380205284,-1.1934162828797104,-0.5129891760425771,0.0,0.11821130904295213,1.807726330213543,-0.3086748916977343,-0.4285079270211159
-0.3624464188223198,-0.04815758959245603,-0.2618335647956105,-0.3744337643254542,-0.2177501032819955,-0.4380456811866785,0.024505372719113804,-0.46482844767361803,-0.4546306758387847,0.33589944767593066,-0.3358994476759308,-0.4561290291958711,-0.6556105453552027,-0.1614717523182083,-0.7115308500884661,-0.12943773604588138,-0.29040893477575785,1.7392683192904568,-0.4945347280352444,-1.1934162828797104,-0.5129891760425771,0.0,-0.26790988186857,1.3119138092712015,-0.3086748916977343,-0.4285079270211159
-0.3988235165467834,-0.16042508665447452,-0.6291681536648288,-0.39475175525251366,-0.2632048972595436,-0.4380456811866785,0.024505372719113804,-0.46482844767361803,-0.4546306758387847,0.33589944767593066,-0.3358994476759308,-0.4561290291958711,-0.6556105453552027,0.9225542299373455,-0.7115308500884661,-0.12943773604588138,-0.29040893477575785,1.7392683192904568,-1.555725878995038,-1.1934162828797104,-0.5129891760425771,0.0,-0.26790988186857,-0.5060654341840503,-0.5197346467047322,-0.4285079270211159
0.11296461695601437,-0.10327072451381057,-0.28564697952230467,0.10026838733402513,0.09033238923249709,1.0306354644459508,-0.40719616479517073,-0.46482844767361803,1.3036544804938472,0.33589944767593066,-0.3358994476759308,-0.4561290291958711,-0.6556105453552027,-0.15517928906859096,-0.7115308500884661,0.47182142494143886,-0.29040893477575785,-1.0353399300946147,0.7788946531165076,0.8379305815963922,-0.5129891760425771,0.0,0.9456138609962139,0.705920728119451,-0.09761513669073649,-0.4285079270211159
-0.24077129884738993,-0.13182864872358302,-0.40116737436669325,-0.2118898369089788,-0.19502270629322147,0.13665563666956773,-0.4214672900022546,-0.46482844767361803,0.1314643762720926,0.33589944767593066,-0.3358994476759308,-0.4561290291958711,-0.6556105453552027,-0.16516633041543755,-0.7115308500884661,-1.3319560580205219,-0.29040893477575785,-0.11047051363292415,1.274117190231078,0.8379305815963922,-0.5129891760425771,0.0,0.228531649303387,0.8161012883288601,-0.09761513669073649,-0.4285079270211159
-0.2056485838030803,-0.1560792480585254,-0.029610548843805786,-0.12138242277935045,-0.24805329926702757,-0.18262287325056908,-0.6295878659388932,0.41100153823164454,-0.4546306758387847,0.33589944767593066,-0.3358994476759308,-0.4561290291958711,0.2717756877602118,-0.15254708965290598,-0.7115308500884661,-1.3319560580205219,-0.29040893477575785,-1.0353399300946147,0.9557598449431399,-1.1934162828797104,-0.5129891760425771,0.0,-0.04726920134770022,-0.5060654341840503,-0.09761513669073649,0.008188049560913064
-0.4025866645872451,-0.16042508665447452,-0.6798349935088589,-0.40029302550534807,-0.2632048972595436,-0.3741899792026512,-0.3025412466098897,-0.46482844767361803,-0.4546306758387847,-2.9770814061140713,2.9770814061140713,-0.4561290291958711,-1.5829967784706171,-0.16990806166016545,1.4054204394309369,-0.7306968970332016,-0.29040893477575785,-1.0353399300946147,-1.4496067638990584,-1.1934162828797104,-0.5129891760425771,0.0,-0.21274971173835258,-0.5060654341840503,-0.3086748916977343,-0.4285079270211159
-0.3624464188223198,-0.0969695448368119,-0.4096118476740317,-0.3651983139040636,-0.23037643494242555,-0.3741899792026512,0.3515519920481172,-0.46482844767361803,-0.16158314978334604,0.33589944767593066,-0.3358994476759308,-0.4561290291958711,-0.6556105453552027,-0.16832528785974707,1.4054204394309369,-1.3319560580205219,-0.29040893477575785,-1.0353399300946147,0.07143388580997873,-1.1934162828797104,-0.5129891760425771,0.0,-0.21274971173835258,-0.671336274498164,-0.3086748916977343,-0.4285079270211159
-0.23449938544662036,-0.13558714482659434,0.16250121889814167,-0.1989602063190319,-0.20007323895739348,-0.31033427721862383,1.005645230706124,-0.46482844767361803,0.4245119023275312,0.33589944767593066,-0.3358994476759308,-0.4561290291958711,-0.6556105453552027,-0.16775967063228958,-0.7115308500884661,-1.3319560580205219,-0.29040893477575785,-1.0353399300946147,1.840085804076301,-1.1934162828797104,-0.5129891760425771,0.0,-0.21274971173835258,1.2568235291664969,-0.3086748916977343,-0.4285079270211159
-0.3900428377857059,-0.12980667836483312,-0.540501183937776,-0.3873633949154011,-0.25562909826328556,-0.4380456811866785,0.024505372719113804,0.41100153823164454,-0.4546306758387847,0.33589944767593066,-0.3358994476759308,-0.4561290291958711,0.2717756877602118,-0.15334586207336118,-0.7115308500884661,-1.3319560580205219,-0.29040893477575785,-1.0353399300946147,0.17755300090595807,-1.1934162828797104,-0.5129891760425771,0.0,-0.26790988186857,-1.1120585153358007,-0.09761513669073649,0.008188049560913064
0.28857819217756264,-0.15468413510016676,2.101774513928394,0.5675821786563919,-0.19502270629322147,-0.24647857523459646,3.36038088987495,-0.3188567833560743,2.4758445847156016,0.33589944767593066,-0.3358994476759308,-0.4561290291958711,0.2717756877602118,0.8855430018933339,-0.7115308500884661,-0.12943773604588138,-0.29040893477575785,1.7392683192904568,2.1584431493642393,0.8379305815963922,-0.5129891760425771,0.0,-0.10242937147791767,-0.06534319334641345,-0.3086748916977343,0.008188049560913064
-0.4013322819070912,-0.08558008861312887,-0.6545015735868438,-0.4021401155896262,-0.2581543645953716,-0.4380456811866785,0.024505372719113804,-0.46482844767361803,-0.4546306758387847,-2.9770814061140713,2.9770814061140713,-0.4561290291958711,-1.5829967784706171,-0.16966172615411326,1.4054204394309369,1.073080585928759,-0.29040893477575785,0.8143989028287663,-1.6264719557256908,-1.1934162828797104,-0.5129891760425771,0.0,-0.26790988186857,-1.3875099158593238,-0.5197346467047322,-0.4285079270211159
-0.37749901098416677,-0.16042508665447452,-0.5109455273620919,-0.36335122381978546,-0.2632048972595436,-0.3741899792026512,-0.3025412466098897,-0.46482844767361803,-0.4546306758387847,0.33589944767593066,-0.3358994476759308,-0.4561290291958711,-0.6556105453552027,-0.09551632955984127,-0.7115308500884661,0.47182142494143886,-0.29040893477575785,1.7392683192904568,-0.8482651116885089,0.8379305815963922,-0.5129891760425771,0.0,-0.21274971173835258,-1.4426001959640284,0.3245043733232592,-0.4285079270211159
-0.09149975990907394,3.768937310516172,-0.21603853647504484,-0.39475175525251366,0.3554853541015276,0.26436704063762245,-0.8056898917314335,-0.46482844767361803,-0.4546306758387847,-2.9770814061140713,2.9770814061140713,-0.4561290291958711,-1.5829967784706171,-0.16984579604332198,1.4054204394309369,1.6743397469160795,3.4434202266268428,-0.11047051363292415,0.6374024996552019,0.8379305815963922,-0.5129891760425771,0.0,0.33885198956382195,-0.671336274498164,-0.3086748916977343,-0.4285079270211159
0.1556136280812475,-0.11008578958473074,-0.07464773981627701,0.16491654028375966,0.08780712290041108,0.5836455505577594,-0.7386034057152276,-0.46482844767361803,-0.16158314978334604,0.33589944767593066,-0.3358994476759308,-0.4561290291958711,-0.6556105453552027,-0.154243259594948,-0.7115308500884661,1.073080585928759,-0.29040893477575785,-1.0353399300946147,0.566656422924549,0.8379305815963922,-0.5129891760425771,0.0,0.6146528402149092,-0.8366071148122778,-0.5197346467047322,-0.4285079270211159
-0.2784027792520074,0.4075163690710308,0.5868360025918938,-0.37628085440973236,-0.04603199270014718,-0.4380456811866785,0.024505372719113804,1.2868315241369073,-0.4546306758387847,0.33589944767593066,-0.3358994476759308,-0.4561290291958711,0.2717756877602118,-0.13434166862305433,-0.7115308500884661,1.073080585928759,-0.29040893477575785,-0.11047051363292415,1.4156093436923838,0.8379305815963922,-0.5129891760425771,0.0,-0.32307005199878747,0.4855596077006325,1.5908629033652464,0.44488402614294204
0.2572186251737147,-0.06821913545920848,1.5283947763601202,0.1298218286824752,0.34033375610901156,-0.18262287325056908,-0.6295878659388932,-0.46482844767361803,-0.4546306758387847,-2.9770814061140713,2.9770814061140713,-0.4561290291958711,-1.5829967784706171,-0.16216962716976388,-0.7115308500884661,1.6743397469160795,3.4434202266268428,-1.0353399300946147,0.2836721160019374,0.8379305815963922,-0.5129891760425771,0.0,-0.32307005199878747,0.4855596077006325,0.3245043733232592,-0.4285079270211159
-0.24328006420769777,-0.15688910249504087,0.9415038815001046,-0.1731009451391381,-0.25310383193119956,-0.4380456811866785,0.024505372719113804,0.8489165311842758,-0.4546306758387847,0.33589944767593066,-0.3358994476759308,-0.4561290291958711,0.2717756877602118,-0.16695862574406636,-0.7115308500884661,1.6743397469160795,3.4434202266268428,-1.0353399300946147,1.4156093436923838,0.8379305815963922,-0.5129891760425771,0.0,-0.32307005199878747,-0.23061403366052724,0.9576836383442527,0.22653603785192755
-0.314779876976471,-0.09593099259757028,-0.2428334998540992,-0.32086815188138845,-0.19502270629322147,-0.31033427721862383,-0.4660645562743914,-0.46482844767361803,-0.4546306758387847,0.33589944767593066,-0.3358994476759308,-0.4561290291958711,-0.6556105453552027,0.3042130233007354,-0.7115308500884661,-0.7306968970332016,-0.29040893477575785,-1.0353399300946147,-0.6713999198618766,0.8379305815963922,-0.5129891760425771,0.0,-0.32307005199878747,1.2017332490617922,2.22404216838624,-0.4285079270211159
-0.16801710339846282,-0.1278068273729421,0.25750154360569816,-0.13431205336929736,-0.1546184449798454,-0.24647857523459646,-0.5641785420730924,6.9797264325211135,-0.4546306758387847,0.33589944767593066,-0.3358994476759308,2.192362108070477,2.126548153991041,-0.005648410219044407,-0.7115308500884661,1.073080585928759,-0.29040893477575785,-0.11047051363292415,0.885013768212487,0.8379305815963922,1.9493588689617927,0.0,-0.32307005199878747,0.8161012883288601,0.3245043733232592,3.2834078739261305
-0.26585895245046826,-0.14454887494873453,-0.4869112571796674,-0.22481946749892573,-0.22785116861033952,0.26436704063762245,-0.8056898917314335,3.476406488900064,-0.4546306758387847,0.33589944767593066,-0.3358994476759308,2.192362108070477,1.1991619208756263,0.8087513165832154,-0.7115308500884661,-1.3319560580205219,-0.29040893477575785,-0.11047051363292415,-0.28229649784328575,0.8379305815963922,1.9493588689617927,0.0,-0.32307005199878747,0.4855596077006325,8.13371530858218,1.5366239675980145
-0.2620958044100065,-0.09429491715218966,-0.2196111982589187,-0.2728438096901571,-0.1546184449798454,-0.18262287325056908,-0.6295878659388932,-0.46482844767361803,-0.4546306758387847,0.33589944767593066,-0.3358994476759308,-0.4561290291958711,-0.6556105453552027,0.18912230246247463,-0.7115308500884661,-1.3319560580205219,-0.29040893477575785,-0.11047051363292415,0.8142676914818341,0.8379305815963922,1.9493588689617927,0.0,-0.32307005199878747,0.21010820717710954,0.9576836383442527,-0.4285079270211159
-0.21944679328477337,-0.16042508665447452,-0.4355484442608566,-0.1306178732007411,-0.2632048972595436,0.3282227426216498,-0.8164716484126094,1.7247465170895384,-0.4546306758387847,0.33589944767593066,-0.3358994476759308,2.192362108070477,1.1991619208756263,0.1346787469232883,-0.7115308500884661,0.47182142494143886,-0.29040893477575785,-0.11047051363292415,1.3448632669617309,0.8379305815963922,1.9493588689617927,0.0,-0.32307005199878747,0.09992764696770035,2.435101923393238,0.6632320144339565
-0.21066611452369596,-0.07239716282175548,-0.04649949545848252,-0.24513745842598514,-0.08896152034560927,-0.18262287325056908,-0.6295878659388932,2.1626615100421698,-0.4546306758387847,0.33589944767593066,-0.3358994476759308,2.192362108070477,1.1991619208756263,-0.16187943303578914,-0.7115308500884661,1.073080585928759,-0.29040893477575785,-1.0353399300946147,0.6020294612898754,0.8379305815963922,-0.5129891760425771,0.0,-0.32307005199878747,0.705920728119451,1.3798031483582485,0.881580002724971
-0.403841047267399,-0.10429133812346528,-0.6798349935088589,-0.4039872056739043,-0.2606796309274576,-0.4380456811866785,0.024505372719113804,-0.46482844767361803,-0.4546306758387847,-2.9770814061140713,2.9770814061140713,-0.4561290291958711,-1.5829967784706171,-0.1682650674638948,-0.7115308500884661,1.073080585928759,-0.29040893477575785,3.5890071522138376,-1.6972180324563437,0.8379305815963922,-0.5129891760425771,0.0,-0.32307005199878747,-0.23061403366052724,2.435101923393238,-0.4285079270211159
-0.22822747204585078,-0.15883263988763738,0.49394679621117205,-0.14724168395924428,-0.2581543645953716,-0.3741899792026512,-0.3025412466098897,5.665981453663219,-0.4546306758387847,0.33589944767593066,-0.3358994476759308,2.192362108070477,2.126548153991041,-0.15164741966355114,-0.7115308500884661,0.47182142494143886,-0.29040893477575785,0.8143989028287663,0.7081485763858548,0.8379305815963922,-0.5129891760425771,0.0,-0.32307005199878747,-0.5060654341840503,2.435101923393238,2.628363909053087
-0.38000777634447463,-0.1426986397499453,-0.5278344739767685,-0.3725866742411761,-0.25562909826328556,-0.3741899792026512,1.659738469364131,0.23583554105059207,0.4245119023275312,0.33589944767593066,-0.3358994476759308,-0.4561290291958711,0.2717756877602118,0.16748022842706273,-0.7115308500884661,-0.7306968970332016,-0.29040893477575785,-0.11047051363292415,-0.777519034957856,-1.1934162828797104,-0.5129891760425771,0.0,-0.32307005199878747,-0.01025291324170885,1.801922658372244,0.44488402614294204
0.32244652454171835,-0.15432359224893002,1.747951082350917,0.6119123406790671,-0.18744690729696345,-0.18262287325056908,0.6785986113771209,1.7247465170895384,0.7175594283829699,0.33589944767593066,-0.3358994476759308,2.192362108070477,2.126548153991041,-0.007719310096031126,-0.7115308500884661,0.47182142494143886,-0.29040893477575785,0.8143989028287663,-0.1761773827473064,0.8379305815963922,-0.5129891760425771,0.0,-0.32307005199878747,-0.34079459386993644,1.1687433933512505,2.8467118973441012
-0.31979740769708664,-0.15178912534201155,-0.45545327419958265,-0.2876205303643821,-0.25057856559911357,-0.11876717126654172,-0.6763088115573223,10.045131383189533,-0.4546306758387847,0.33589944767593066,-0.3358994476759308,2.192362108070477,2.126548153991041,-0.09391446703017162,-0.7115308500884661,2.2755989079033996,3.4434202266268428,-0.11047051363292415,0.46053730782856966,0.8379305815963922,1.9493588689617927,0.0,-0.32307005199878747,-1.22223907554521,0.11344461831626136,4.811843791963232
-0.15421889391676974,-0.13356353827767256,0.5678359376503825,-0.10660570210512542,-0.1647195103081894,-0.31033427721862383,0.515075301712619,0.41100153823164454,0.1314643762720926,0.33589944767593066,-0.3358994476759308,-0.4561290291958711,0.2717756877602118,-0.12597285157380703,-0.7115308500884661,-0.12943773604588138,-0.29040893477575785,-0.11047051363292415,1.3802363053270572,0.8379305815963922,-0.5129891760425771,0.0,-0.32307005199878747,0.04483736686299575,2.22404216838624,0.44488402614294204
-0.3461394439803189,-0.16042508665447452,-0.2998336946786331,-0.3171739717128322,-0.2632048972595436,-0.3741899792026512,1.005645230706124,1.0678740276605916,0.1314643762720926,0.33589944767593066,-0.3358994476759308,2.192362108070477,1.1991619208756263,0.14711300880950398,-0.7115308500884661,-0.12943773604588138,-0.29040893477575785,-1.0353399300946147,0.24829907763661097,0.8379305815963922,-0.5129891760425771,0.0,-0.32307005199878747,1.3119138092712015,1.3798031483582485,1.0999279910159854
-0.14543821515569233,-0.11933371518079454,0.34870185532495235,-0.1250766029479067,-0.12178998266272732,-0.24647857523459646,-0.5641785420730924,0.8489165311842758,-0.4546306758387847,0.33589944767593066,-0.3358994476759308,-0.4561290291958711,0.2717756877602118,-0.15846936790311458,-0.7115308500884661,0.47182142494143886,-0.29040893477575785,-0.11047051363292415,0.3544181927325903,0.8379305815963922,-0.5129891760425771,0.0,-0.32307005199878747,-0.01025291324170885,2.22404216838624,0.22653603785192755
-0.35742888810170415,-0.14438687278847187,-0.3758339544446782,-0.343033232892726,-0.25057856559911357,-0.3741899792026512,-0.3025412466098897,-0.46482844767361803,-0.4546306758387847,0.33589944767593066,-0.3358994476759308,-0.4561290291958711,0.2717756877602118,0.040656302009017146,-0.7115308500884661,0.47182142494143886,-0.29040893477575785,0.8143989028287663,0.17755300090595807,0.8379305815963922,-0.5129891760425771,0.0,-0.32307005199878747,2.2484485710511795,0.3245043733232592,-0.4285079270211159
-0.35742888810170415,-0.14438687278847187,-0.3758339544446782,-0.343033232892726,-0.25057856559911357,-0.3741899792026512,-0.3025412466098897,-0.46482844767361803,-0.4546306758387847,0.33589944767593066,-0.3358994476759308,-0.4561290291958711,0.2717756877602118,0.040347700886121524,-0.7115308500884661,0.47182142494143886,-0.29040893477575785,0.8143989028287663,0.17755300090595807,0.8379305815963922,-0.5129891760425771,0.0,-0.32307005199878747,2.2484485710511795,0.5355641283302571,-0.4285079270211159
0.2547098598134069,-0.07106932368674551,3.7450690195364364,0.1353630989353096,0.32770742444858153,-0.3741899792026512,-0.3025412466098897,3.476406488900064,-0.4546306758387847,0.33589944767593066,-0.3358994476759308,2.192362108070477,1.1991619208756263,0.0024281674752368973,-0.7115308500884661,-0.12943773604588138,-0.29040893477575785,-0.11047051363292415,0.8142676914818341,0.8379305815963922,-0.5129891760425771,0.0,-0.32307005199878747,-1.1671487954405053,2.012982413379242,1.5366239675980145
-0.4013322819070912,-0.08558008861312887,-0.6713905202015206,-0.4021401155896262,-0.2581543645953716,-0.3741899792026512,-0.3025412466098897,-0.46482844767361803,-0.4546306758387847,0.33589944767593066,-0.3358994476759308,-0.4561290291958711,-0.6556105453552027,-0.15261321846495504,-0.7115308500884661,0.47182142494143886,-0.29040893477575785,0.8143989028287663,-1.414233725533732,0.8379305815963922,-0.5129891760425771,0.0,-0.32307005199878747,-0.12043347345111804,1.1687433933512505,-0.4285079270211159
-0.39756913386662945,-0.12300258763380169,-0.6165014437038212,-0.3965988453367918,-0.2581543645953716,-0.4380456811866785,0.024505372719113804,-0.46482844767361803,-0.4546306758387847,-2.9770814061140713,2.9770814061140713,-0.4561290291958711,-1.5829967784706171,-0.16744197963832191,-0.7115308500884661,1.073080585928759,-0.29040893477575785,-0.11047051363292415,-1.2727415720724262,-1.1934162828797104,-0.5129891760425771,0.0,-0.32307005199878747,-1.5527807561734375,0.9576836383442527,-0.4285079270211159
-0.31227111161616317,-0.13937493095534606,-0.07183291538049758,-0.28946762044866026,-0.23290170127451154,-0.3741899792026512,-0.3025412466098897,-0.46482844767361803,-0.4546306758387847,-2.9770814061140713,2.9770814061140713,-0.4561290291958711,-1.5829967784706171,-0.14095409533440734,-0.7115308500884661,-0.12943773604588138,-0.29040893477575785,0.8143989028287663,0.0006878090793258368,0.8379305815963922,-0.5129891760425771,0.0,-0.32307005199878747,1.091552688852383,1.3798031483582485,-0.4285079270211159
-0.3963147511864755,-0.07061108900485973,-0.6038347337428137,-0.39844593542106993,-0.25310383193119956,-0.4380456811866785,0.024505372719113804,-0.46482844767361803,-0.4546306758387847,0.33589944767593066,-0.3358994476759308,-0.4561290291958711,0.2717756877602118,-0.004491269631574141,-0.7115308500884661,-0.12943773604588138,-0.29040893477575785,1.7392683192904568,-1.2373685337070999,0.8379305815963922,-0.5129891760425771,0.0,-0.32307005199878747,-0.8916973949169824,0.9576836383442527,-0.4285079270211159
0.09414887675370563,-0.054697443790243515,0.41794653644512686,-0.027180828481165833,0.22669677116514134,0.008944232701513,-0.7386034057152276,2.600576502994801,-0.4546306758387847,0.33589944767593066,-0.3358994476759308,2.192362108070477,1.1991619208756263,-0.1662480250730099,-0.7115308500884661,0.47182142494143886,-0.29040893477575785,-1.0353399300946147,0.2836721160019374,0.8379305815963922,-0.5129891760425771,0.0,-0.32307005199878747,0.8711915684335647,0.7466238833372549,1.0999279910159854
-0.3699727149032433,-0.12625671798342541,-0.3378338245616556,-0.3651983139040636,-0.24552803293494158,-0.4380456811866785,0.024505372719113804,-0.46482844767361803,-0.4546306758387847,-2.9770814061140713,2.9770814061140713,-0.4561290291958711,-1.5829967784706171,-0.15054618178317392,-0.7115308500884661,-0.12943773604588138,-0.29040893477575785,0.8143989028287663,-0.21155042111263284,0.8379305815963922,-0.5129891760425771,0.0,-0.32307005199878747,-1.4426001959640284,0.5355641283302571,-0.4285079270211159
-0.27965716193216134,-0.15817973671323415,0.14772339061029952,-0.2229723774146476,-0.2581543645953716,-0.3741899792026512,-0.3025412466098897,1.2868315241369073,-0.4546306758387847,0.33589944767593066,-0.3358994476759308,-0.4561290291958711,0.2717756877602118,-0.126065341011965,-0.7115308500884661,-0.7306968970332016,-0.29040893477575785,1.7392683192904568,1.0972519984044458,0.8379305815963922,-0.5129891760425771,0.0,-0.32307005199878747,0.705920728119451,0.9576836383442527,0.44488402614294204
-0.2784027792520074,-0.14562058154739516,-0.274500274756618,-0.23959618817315076,-0.23290170127451154,-0.18262287325056908,-0.6295878659388932,6.103896446615851,-0.4546306758387847,0.33589944767593066,-0.3358994476759308,2.192362108070477,1.1991619208756263,-0.06780017642731773,-0.7115308500884661,1.6743397469160795,3.4434202266268428,-1.0353399300946147,0.3190451543672639,0.8379305815963922,-0.5129891760425771,0.0,-0.32307005199878747,0.21010820717710954,0.5355641283302571,2.8467118973441012
-0.3674639495429355,-0.1488112076480588,-0.5481012099143806,-0.3541157733983948,-0.25562909826328556,-0.24647857523459646,-0.5641785420730924,5.228066460710589,-0.4546306758387847,0.33589944767593066,-0.3358994476759308,2.192362108070477,3.0539343871064553,-0.1492960972639921,-0.7115308500884661,-1.3319560580205219,-0.29040893477575785,-1.0353399300946147,0.5312833845592225,0.8379305815963922,-0.5129891760425771,0.0,-0.32307005199878747,0.8161012883288601,0.7466238833372549,2.4100159207620724
-0.20941173184354203,-0.16042508665447452,0.6206138958212473,-0.11584115252651606,-0.2632048972595436,-0.3741899792026512,-0.3025412466098897,1.2868315241369073,-0.4546306758387847,0.33589944767593066,-0.3358994476759308,2.192362108070477,1.1991619208756263,0.11472943412826646,-0.7115308500884661,0.47182142494143886,-0.29040893477575785,-1.0353399300946147,1.1679980751350987,0.8379305815963922,-0.5129891760425771,0.0,-0.32307005199878747,0.5957401679100417,4.545699473463217,0.44488402614294204
-0.3248149384177023,-0.04815758959245603,-0.6365570678087499,-0.3467274130612823,-0.17987110830070543,0.9667797624619235,-0.793111175603395,-0.46482844767361803,-0.16158314978334604,-2.9770814061140713,2.9770814061140713,-0.4561290291958711,-1.5829967784706171,-0.15250959393473382,-0.7115308500884661,-0.12943773604588138,-0.29040893477575785,0.8143989028287663,-0.1761773827473064,-1.1934162828797104,1.9493588689617927,0.0,-0.26790988186857,-0.7264265546028686,1.1687433933512505,-0.4285079270211159
0.08536819799262822,-0.15985082835748207,0.9499483548074428,0.3145308371102882,-0.2581543645953716,-0.18262287325056908,0.3515519920481172,-0.46482844767361803,0.4245119023275312,0.33589944767593066,-0.3358994476759308,-0.4561290291958711,-0.6556105453552027,-0.11784764306929033,-0.7115308500884661,-0.7306968970332016,-0.29040893477575785,1.7392683192904568,0.7081485763858548,0.8379305815963922,-0.5129891760425771,0.0,-0.32307005199878747,0.7610110082241555,0.7466238833372549,-0.4285079270211159
-0.3812621590246285,-0.1548117118013736,-0.5362789472841069,-0.37073958415689795,-0.2606796309274576,-0.3741899792026512,-0.3025412466098897,-0.46482844767361803,-0.4546306758387847,-2.9770814061140713,2.9770814061140713,-0.4561290291958711,-1.5829967784706171,-0.16285114025338981,-0.7115308500884661,0.47182142494143886,-0.29040893477575785,0.8143989028287663,-0.6006538431312237,0.8379305815963922,-0.5129891760425771,0.0,-0.32307005199878747,0.8711915684335647,0.7466238833372549,-0.4285079270211159
3.719314822398523,-0.14336482974799133,0.5572803460162097,4.867607894855878,0.8327606908657825,3.6487192457910727,-0.6593193767869844,-0.3852075398640487,2.1827970586601633,0.33589944767593066,-0.3358994476759308,-0.4561290291958711,-0.6556105453552027,-0.1118249217437357,-0.7115308500884661,-1.3319560580205219,-0.29040893477575785,-0.11047051363292415,0.38979123109791675,0.8379305815963922,-0.5129891760425771,0.0,-0.32307005199878747,-0.23061403366052724,1.3798031483582485,-0.21015993873010144
-0.28592907533293094,-0.06327052188926621,-0.5531678938987836,-0.31163270145999783,-0.14956791231567337,0.45593414658970455,-0.711349520771144,-0.46482844767361803,-0.16158314978334604,0.33589944767593066,-0.3358994476759308,-0.4561290291958711,-0.6556105453552027,-0.16810167703137496,-0.7115308500884661,0.47182142494143886,-0.29040893477575785,-0.11047051363292415,0.6727755380205284,0.8379305815963922,-0.5129891760425771,0.0,-0.32307005199878747,-0.8916973949169824,0.5355641283302571,-0.4285079270211159
0.33624473402341143,3.8882215261445667,-0.053108213699008165,-0.3781279444940105,1.1938737763540812,0.9029240604778962,-0.786001466487547,2.4546048386772576,-0.16158314978334604,0.33589944767593066,-0.3358994476759308,2.192362108070477,1.1991619208756263,1.8796969743661083,-0.7115308500884661,1.073080585928759,-0.29040893477575785,-0.11047051363292415,0.9203868065778135,0.8379305815963922,1.9493588689617927,0.0,-0.32307005199878747,0.5406498878053371,2.435101923393238,1.7549719558890289
-0.3524113573810885,-0.08973814405987028,-0.4328341492692121,-0.35780995356695106,-0.2202753696140815,-0.31033427721862383,-0.4660645562743914,-0.46482844767361803,-0.4546306758387847,-2.9770814061140713,2.9770814061140713,-0.4561290291958711,-1.5829967784706171,-0.1674667495369932,-0.7115308500884661,0.47182142494143886,-0.29040893477575785,-0.11047051363292415,1.132625036769772,0.8379305815963922,-0.5129891760425771,0.0,-0.32307005199878747,2.2484485710511795,0.7466238833372549,-0.4285079270211159
-0.4025866645872451,-0.16042508665447452,-0.6671682835478513,-0.40029302550534807,-0.2632048972595436,-0.4380456811866785,0.024505372719113804,-0.46482844767361803,-0.4546306758387847,-2.9770814061140713,2.9770814061140713,-0.4561290291958711,-1.5829967784706171,-0.14956356672028676,-0.7115308500884661,-0.12943773604588138,-0.29040893477575785,-1.0353399300946147,-1.6618449940910172,-1.1934162828797104,-0.5129891760425771,0.0,-0.32307005199878747,0.8161012883288601,0.9576836383442527,-0.4285079270211159
-0.3988235165467834,-0.07622446385796065,-0.6291681536648288,-0.40029302550534807,-0.25562909826328556,-0.4380456811866785,0.024505372719113804,-0.46482844767361803,-0.4546306758387847,0.33589944767593066,-0.3358994476759308,-0.4561290291958711,-0.6556105453552027,-0.15709361591636187,-0.7115308500884661,-0.12943773604588138,-0.29040893477575785,-1.0353399300946147,-1.3081146104377528,0.8379305815963922,-0.5129891760425771,0.0,-0.32307005199878747,-1.4426001959640284,0.11344461831626136,-0.4285079270211159
-0.28592907533293094,-0.04581868340366399,-0.4840767486569244,-0.3190210617971103,-0.13946684698732936,0.13665563666956773,-0.7782454201793492,-0.46482844767361803,-0.4546306758387847,0.33589944767593066,-0.3358994476759308,-0.4561290291958711,-0.6556105453552027,0.37223957318286593,-0.7115308500884661,0.47182142494143886,-0.29040893477575785,0.8143989028287663,-0.1761773827473064,0.8379305815963922,-0.5129891760425771,0.0,-0.32307005199878747,-0.5060654341840503,3.068281188414231,-0.4285079270211159
-0.40007789922693726,-0.10429133812346528,-0.6418348636258363,-0.40029302550534807,-0.2581543645953716,-0.4380456811866785,0.024505372719113804,-0.46482844767361803,-0.4546306758387847,-2.9770814061140713,2.9770814061140713,-0.4561290291958711,-1.5829967784706171,-0.159314725912814,-0.7115308500884661,-0.12943773604588138,-0.29040893477575785,3.5890071522138376,-1.3081146104377528,0.8379305815963922,-0.5129891760425771,0.0,-0.32307005199878747,-0.5060654341840503,3.068281188414231,-0.4285079270211159
-0.3712270975833972,-0.15641553318797385,-0.4687231608254,-0.3559628634826729,-0.2606796309274576,-0.3741899792026512,0.3515519920481172,0.11905820959655697,-0.16158314978334604,0.33589944767593066,-0.3358994476759308,-0.4561290291958711,0.2717756877602118,1.6240727563121795,-0.7115308500884661,0.47182142494143886,-0.29040893477575785,-0.11047051363292415,-0.3176695362086122,0.8379305815963922,-0.5129891760425771,0.0,-0.32307005199878747,0.21010820717710954,0.9576836383442527,0.008188049560913064
-0.1278768576335375,-0.1429741803754043,0.7008363922409616,-0.05119299957678152,-0.18744690729696345,-0.31033427721862383,-0.4660645562743914,0.8489165311842758,-0.4546306758387847,0.33589944767593066,-0.3358994476759308,-0.4561290291958711,0.2717756877602118,-0.023309575218457886,-0.7115308500884661,-0.12943773604588138,-0.29040893477575785,-0.11047051363292415,1.3094902285964043,0.8379305815963922,-0.5129891760425771,0.0,-0.32307005199878747,1.5322749296900198,0.7466238833372549,0.22653603785192755
-0.2984729021344701,-0.1577834984883094,0.021056291000224322,-0.2506787286788195,-0.2581543645953716,-0.3741899792026512,-0.3025412466098897,1.7247465170895384,-0.4546306758387847,0.33589944767593066,-0.3358994476759308,2.192362108070477,1.1991619208756263,-0.01286167740825904,-0.7115308500884661,-0.12943773604588138,-0.29040893477575785,1.7392683192904568,0.38979123109791675,0.8379305815963922,-0.5129891760425771,0.0,-0.32307005199878747,0.4855596077006325,3.068281188414231,0.6632320144339565
-0.3988235165467834,-0.07622446385796065,-0.6291681536648288,-0.40029302550534807,-0.25562909826328556,-0.4380456811866785,0.024505372719113804,-0.46482844767361803,-0.4546306758387847,0.33589944767593066,-0.3358994476759308,-0.4561290291958711,0.2717756877602118,1.7201374680095607,-0.7115308500884661,1.073080585928759,-0.29040893477575785,-0.11047051363292415,-1.2727415720724262,-1.1934162828797104,-0.5129891760425771,0.0,-0.32307005199878747,-0.7815168347075732,0.7466238833372549,-0.4285079270211159
-0.3988235165467834,-0.16042508665447452,-0.6291681536648288,-0.39475175525251366,-0.2632048972595436,-0.4380456811866785,0.024505372719113804,0.41100153823164454,-0.4546306758387847,0.33589944767593066,-0.3358994476759308,2.192362108070477,1.1991619208756263,-0.06815218168458234,-0.7115308500884661,1.073080585928759,-0.29040893477575785,-0.11047051363292415,-0.3176695362086122,0.8379305815963922,-0.5129891760425771,0.0,-0.32307005199878747,0.5957401679100417,2.6461616784002358,0.008188049560913064
0.7476822531138959,-0.15818719634759043,0.9595991814444009,1.2602409602606905,-0.2177501032819955,0.3282227426216498,-0.2558203009914606,3.1844631602649764,0.7175594283829699,0.33589944767593066,-0.3358994476759308,2.192362108070477,1.1991619208756263,-0.12543314047890486,-0.7115308500884661,-1.3319560580205219,-0.29040893477575785,-0.11047051363292415,-0.3884156129392651,0.8379305815963922,1.9493588689617927,0.0,-0.32307005199878747,-0.6162459943934594,0.9576836383442527,5.030191780254246
2.3670902931926014,-0.15955558895513314,0.012936605127783584,3.646681349148034,-0.2202753696140815,4.414987669599401,-0.8308473239875106,6.541811439568482,0.7175594283829699,0.33589944767593066,-0.3358994476759308,2.192362108070477,2.126548153991041,0.3409126960137526,-0.7115308500884661,1.073080585928759,-0.29040893477575785,-1.0353399300946147,0.24829907763661097,0.8379305815963922,-0.5129891760425771,0.0,-0.32307005199878747,-0.2857043137652318,1.3798031483582485,10.05219551094758
0.2785431307363313,-0.05179214884985951,0.6780363143111481,0.1058096575868595,0.4160917460715917,0.07279993468554036,-0.17172259887828822,1.9874955128611171,0.4245119023275312,0.33589944767593066,-0.3358994476759308,2.192362108070477,1.1991619208756263,4.3305855039595,-0.7115308500884661,1.073080585928759,-0.29040893477575785,-1.0353399300946147,0.3190451543672639,0.8379305815963922,-0.5129891760425771,0.0,-0.32307005199878747,0.32028876738651874,3.9125202084422233,2.628363909053087
-0.37499024562385896,-0.06419580345845868,-0.4940565807474151,-0.38182212466256676,-0.23290170127451154,-0.3741899792026512,-0.3025412466098897,-0.46482844767361803,-0.4546306758387847,0.33589944767593066,-0.3358994476759308,-0.4561290291958711,-0.6556105453552027,-0.007674996974554964,-0.7115308500884661,-0.7306968970332016,-0.29040893477575785,-0.11047051363292415,0.14217996254063162,0.8379305815963922,-0.5129891760425771,0.0,-0.32307005199878747,-1.497690476068733,0.9576836383442527,-0.4285079270211159
0.657366700142814,-0.158815516804123,1.4431055959560026,1.1383330146983341,-0.23290170127451154,0.07279993468554036,-0.7604065136704946,4.352236474805326,-0.4546306758387847,0.33589944767593066,-0.3358994476759308,-0.4561290291958711,0.2717756877602118,0.22172039810101218,-0.7115308500884661,0.47182142494143886,-0.29040893477575785,-1.0353399300946147,0.885013768212487,0.8379305815963922,1.9493588689617927,0.0,-0.32307005199878747,-0.34079459386993644,2.012982413379242,1.9733199441800433
-0.3536657400612424,-0.07154665148037655,-0.17316659506855778,-0.36335122381978546,-0.21522483694990951,-0.4380456811866785,0.024505372719113804,-0.46482844767361803,-0.4546306758387847,-2.9770814061140713,2.9770814061140713,-0.4561290291958711,-1.5829967784706171,-0.1666213915272938,-0.7115308500884661,-0.12943773604588138,-0.29040893477575785,-1.0353399300946147,-0.2469234594779593,0.8379305815963922,-0.5129891760425771,0.0,-0.32307005199878747,1.1466429689570876,0.7466238833372549,-0.4285079270211159
-0.403841047267399,-0.10429133812346528,-0.6798349935088589,-0.4039872056739043,-0.2606796309274576,-0.4380456811866785,0.024505372719113804,-0.46482844767361803,-0.4546306758387847,0.33589944767593066,-0.3358994476759308,-0.4561290291958711,0.2717756877602118,-0.1599373820812485,-0.7115308500884661,-0.12943773604588138,-0.29040893477575785,0.8143989028287663,-1.6972180324563437,-1.1934162828797104,-0.5129891760425771,0.0,-0.32307005199878747,-0.45097515407934563,1.1687433933512505,-0.4285079270211159
1.714811299512565,-0.15805371526209633,4.649683222585058,2.6529468838064,-0.17482057563653342,-0.054911469282514364,-0.22077959177763878,-0.46482844767361803,0.1314643762720926,0.33589944767593066,-0.3358994476759308,-0.4561290291958711,-0.6556105453552027,-0.15325269089487278,-0.7115308500884661,-0.7306968970332016,-0.29040893477575785,0.8143989028287663,2.0169509959029335,0.8379305815963922,1.9493588689617927,0.0,-0.21274971173835258,0.21010820717710954,0.5355641283302571,-0.4285079270211159
-0.2131748798840038,-0.14567461258793193,-0.14783317514654273,-0.1546300442963568,-0.2177501032819955,-0.11876717126654172,-0.6763088115573223,2.1626615100421698,-0.4546306758387847,0.33589944767593066,-0.3358994476759308,-0.4561290291958711,0.2717756877602118,-0.15268411945931692,-0.7115308500884661,-0.7306968970332016,-0.29040893477575785,-0.11047051363292415,0.6727755380205284,0.8379305815963922,-0.5129891760425771,0.0,-0.32307005199878747,0.15501792707240494,2.22404216838624,0.881580002724971
-0.33610438253908753,-0.052028882594594594,-0.5960398353052706,-0.3541157733983948,-0.19249743996113547,0.26436704063762245,-0.8056898917314335,-0.46482844767361803,-0.4546306758387847,0.33589944767593066,-0.3358994476759308,-0.4561290291958711,-0.6556105453552027,-0.1599535166024014,-0.7115308500884661,-0.12943773604588138,-0.29040893477575785,-0.11047051363292415,0.8142676914818341,0.8379305815963922,1.9493588689617927,0.0,-0.32307005199878747,-0.8916973949169824,1.3798031483582485,-0.4285079270211159
-0.2922009887337005,-0.15793025338642966,0.06327865753691601,-0.2414432782574289,-0.2581543645953716,-0.3741899792026512,-0.3025412466098897,2.1626615100421698,-0.4546306758387847,0.33589944767593066,-0.3358994476759308,2.192362108070477,2.126548153991041,0.4473993993887772,-0.7115308500884661,2.2755989079033996,3.4434202266268428,0.8143989028287663,1.7693397273456481,0.8379305815963922,-0.5129891760425771,0.0,-0.32307005199878747,-0.8366071148122778,2.6461616784002358,0.881580002724971
0.0753331365513969,-0.14704436752789674,0.375724169908435,0.22771760314921607,-0.15966897764401738,0.008944232701513,-0.7386034057152276,0.41100153823164454,-0.4546306758387847,0.33589944767593066,-0.3358994476759308,2.192362108070477,1.1991619208756263,1.5245773000254352,-0.7115308500884661,-1.3319560580205219,-0.29040893477575785,0.8143989028287663,0.4251642694632432,0.8379305815963922,1.9493588689617927,0.0,-0.32307005199878747,0.8711915684335647,7.922655553575183,0.008188049560913064
-0.3963147511864755,-0.10429133812346528,-0.6545015735868438,-0.3965988453367918,-0.25562909826328556,-0.31033427721862383,0.024505372719113804,0.11905820959655697,-0.16158314978334604,0.33589944767593066,-0.3358994476759308,-0.4561290291958711,0.2717756877602118,0.34127424563564296,-0.7115308500884661,1.073080585928759,-0.29040893477575785,0.8143989028287663,-0.8128920733231825,0.8379305815963922,-0.5129891760425771,0.0,-0.32307005199878747,-0.45097515407934563,2.435101923393238,0.008188049560913064
-0.3649551841826276,-0.13131869852728453,-0.42650079428870835,-0.35780995356695106,-0.24552803293494158,-0.3741899792026512,-0.3025412466098897,1.2868315241369073,-0.4546306758387847,0.33589944767593066,-0.3358994476759308,2.192362108070477,1.1991619208756263,0.0690194267150929,-0.7115308500884661,0.47182142494143886,-0.29040893477575785,-1.0353399300946147,0.3544181927325903,0.8379305815963922,-0.5129891760425771,0.0,-0.32307005199878747,-0.01025291324170885,1.1687433933512505,0.44488402614294204
0.2697624519752539,-0.1342806010372921,0.5361691627478637,0.4013440710713603,-0.0056277313867711,0.13665563666956773,-0.7782454201793492,2.1626615100421698,-0.4546306758387847,0.33589944767593066,-0.3358994476759308,2.192362108070477,1.1991619208756263,0.057101242258992095,-0.7115308500884661,1.073080585928759,-0.29040893477575785,-1.0353399300946147,0.21292603927128453,0.8379305815963922,-0.5129891760425771,0.0,-0.32307005199878747,-1.497690476068733,0.9576836383442527,0.881580002724971
-0.0651577236258417,-0.15917767002045208,0.06046383310113658,0.09103293691263448,-0.25562909826328556,0.008944232701513,2.095800628469469,0.35261287250462703,3.3549871628819177,0.33589944767593066,-0.3358994476759308,2.192362108070477,1.1991619208756263,2.1930591444825063,-0.7115308500884661,-1.3319560580205219,-0.29040893477575785,-0.11047051363292415,0.7435216147511813,0.8379305815963922,-0.5129891760425771,0.0,-0.32307005199878747,-1.497690476068733,5.17887873848421,2.628363909053087
-0.3812621590246285,-0.09133739615477082,-0.6207236803574905,-0.3836692147468449,-0.24300276660285555,-0.18262287325056908,-0.6295878659388932,-0.46482844767361803,-0.4546306758387847,0.33589944767593066,-0.3358994476759308,-0.4561290291958711,-0.6556105453552027,0.19373791174607796,-0.7115308500884661,-0.12943773604588138,-0.29040893477575785,1.7392683192904568,0.885013768212487,-1.1934162828797104,-0.5129891760425771,0.0,-0.32307005199878747,0.4855596077006325,0.3245043733232592,-0.4285079270211159
-0.3812621590246285,-0.09133739615477082,-0.6207236803574905,-0.3836692147468449,-0.24300276660285555,-0.18262287325056908,-0.6295878659388932,-0.46482844767361803,-0.4546306758387847,0.33589944767593066,-0.3358994476759308,-0.4561290291958711,-0.6556105453552027,0.19376586309962449,-0.7115308500884661,-0.12943773604588138,-0.29040893477575785,1.7392683192904568,0.885013768212487,-1.1934162828797104,-0.5129891760425771,0.0,-0.32307005199878747,0.4855596077006325,0.3245043733232592,-0.4285079270211159
-0.3812621590246285,-0.09133739615477082,-0.6207236803574905,-0.3836692147468449,-0.24300276660285555,-0.18262287325056908,-0.6295878659388932,-0.46482844767361803,-0.4546306758387847,0.33589944767593066,-0.3358994476759308,-0.4561290291958711,-0.6556105453552027,0.19642760459629363,-0.7115308500884661,-0.12943773604588138,-0.29040893477575785,1.7392683192904568,0.885013768212487,-1.1934162828797104,-0.5129891760425771,0.0,-0.32307005199878747,0.4855596077006325,0.7466238833372549,-0.4285079270211159
-0.39129722046585985,-0.1510694618993063,-0.5531678938987836,-0.38551630483112304,-0.2606796309274576,-0.4380456811866785,0.024505372719113804,-0.46482844767361803,-0.4546306758387847,0.33589944767593066,-0.3358994476759308,-0.4561290291958711,-0.6556105453552027,2.3252776821350287,-0.7115308500884661,-1.3319560580205219,-0.29040893477575785,2.664137735752147,-1.3434876488030791,0.8379305815963922,-0.5129891760425771,0.0,-0.32307005199878747,-0.671336274498164,0.7466238833372549,-0.4285079270211159
-0.3762446283040129,-0.1075933233311717,-0.40116737436669325,-0.37628085440973236,-0.24300276660285555,-0.4380456811866785,0.024505372719113804,-0.026913454720986756,-0.4546306758387847,0.33589944767593066,-0.3358994476759308,-0.4561290291958711,-0.6556105453552027,-0.12282843792321277,-0.7115308500884661,1.6743397469160795,3.4434202266268428,-0.11047051363292415,-0.4945347280352444,-1.1934162828797104,-0.5129891760425771,0.0,-0.32307005199878747,-1.22223907554521,0.7466238833372549,-0.21015993873010144
-0.35742888810170415,-0.15754643288365353,-0.21116672495158037,-0.3356448725556135,-0.2606796309274576,-0.4380456811866785,0.024505372719113804,0.8489165311842758,-0.4546306758387847,0.33589944767593066,-0.3358994476759308,2.192362108070477,1.1991619208756263,-0.16728313414133808,-0.7115308500884661,-0.7306968970332016,-0.29040893477575785,-0.11047051363292415,-0.14080434438197995,-1.1934162828797104,-0.5129891760425771,0.0,-0.32307005199878747,1.2017332490617922,1.1687433933512505,0.22653603785192755
-0.4013322819070912,-0.08558008861312887,-0.6713905202015206,-0.4021401155896262,-0.2581543645953716,-0.3741899792026512,-0.3025412466098897,-0.46482844767361803,-0.4546306758387847,0.33589944767593066,-0.3358994476759308,-0.4561290291958711,0.2717756877602118,-0.024063352777106514,-0.7115308500884661,-0.7306968970332016,-0.29040893477575785,-0.11047051363292415,-1.414233725533732,-1.1934162828797104,-0.5129891760425771,0.0,-0.32307005199878747,-0.06534319334641345,0.9576836383442527,-0.4285079270211159
-0.053868279504456454,-0.09074181261598029,0.08579725302315164,-0.08628771117806598,0.009523866605744929,0.008944232701513,-0.3025412466098897,0.19204404175532888,0.1314643762720926,0.33589944767593066,-0.3358994476759308,-0.4561290291958711,0.2717756877602118,-0.16705361489676915,-0.7115308500884661,-0.7306968970332016,-0.29040893477575785,-0.11047051363292415,0.6374024996552019,0.8379305815963922,-0.5129891760425771,0.0,-0.32307005199878747,-1.6629613163828467,0.5355641283302571,0.22653603785192755
-0.06139457558537995,-0.1402745102587276,0.29007308350543176,0.024537693878621803,-0.1571437113119314,-0.11876717126654172,0.16466820957440095,5.8411474508442724,0.4245119023275312,0.33589944767593066,-0.3358994476759308,2.192362108070477,2.126548153991041,2.088598346122662,-0.7115308500884661,-0.7306968970332016,-0.29040893477575785,-1.0353399300946147,0.7435216147511813,0.8379305815963922,1.9493588689617927,0.0,-0.32307005199878747,-0.5060654341840503,1.3798031483582485,7.432019651455406
-0.30599919821539356,-0.05089582122811502,-0.4156436143221304,-0.33195069238705727,-0.1621942439761034,-0.11876717126654172,-0.6763088115573223,-0.46482844767361803,-0.4546306758387847,0.33589944767593066,-0.3358994476759308,-0.4561290291958711,-0.6556105453552027,-0.1674442521060899,-0.7115308500884661,-0.7306968970332016,-0.29040893477575785,-0.11047051363292415,1.274117190231078,0.8379305815963922,1.9493588689617927,0.0,-0.32307005199878747,1.4220943694806107,0.3245043733232592,-0.4285079270211159
-0.22822747204585078,-0.04971686038498406,-0.1912618950128543,-0.2746908997744352,-0.08391098768143725,-0.11876717126654172,-0.6763088115573223,-0.46482844767361803,-0.4546306758387847,0.33589944767593066,-0.3358994476759308,-0.4561290291958711,-0.6556105453552027,-0.16767990701363247,-0.7115308500884661,-0.7306968970332016,-0.29040893477575785,-0.11047051363292415,1.203371113500425,0.8379305815963922,1.9493588689617927,0.0,-0.32307005199878747,1.3670040893759061,0.7466238833372549,-0.4285079270211159
-0.30599919821539356,-0.05089582122811502,-0.4156436143221304,-0.33195069238705727,-0.1621942439761034,-0.11876717126654172,-0.6763088115573223,-0.46482844767361803,-0.4546306758387847,0.33589944767593066,-0.3358994476759308,-0.4561290291958711,-0.6556105453552027,-0.16831051681925502,1.4054204394309369,-0.7306968970332016,-0.29040893477575785,-0.11047051363292415,1.0618789600391192,0.8379305815963922,1.9493588689617927,0.0,-0.32307005199878747,1.3670040893759061,0.7466238833372549,-0.4285079270211159
-0.24202568152754386,0.7858295314396814,-0.29033366220787743,-0.38182212466256676,0.03477652992660498,-0.054911469282514364,-0.711349520771144,-0.026913454720986756,-0.4546306758387847,0.33589944767593066,-0.3358994476759308,-0.4561290291958711,-0.6556105453552027,-0.16797214636859845,-0.7115308500884661,-0.7306968970332016,-0.29040893477575785,-0.11047051363292415,-0.03468522928600061,-1.1934162828797104,1.9493588689617927,0.0,-0.26790988186857,-1.0569682352310963,0.5355641283302571,-0.21015993873010144
0.27101683465540777,-0.13144440718032555,0.4348354830598035,0.38656735039713525,0.017099665602002944,0.20051133865359508,-0.3025412466098897,0.23583554105059207,0.4245119023275312,0.33589944767593066,-0.3358994476759308,-0.4561290291958711,0.2717756877602118,0.055113060208760924,-0.7115308500884661,0.47182142494143886,-0.29040893477575785,-1.0353399300946147,0.9911328833084664,0.8379305815963922,-0.5129891760425771,0.0,-0.32307005199878747,-0.17552375355582264,0.7466238833372549,0.44488402614294204
-0.3085079635757014,-0.15898575976906404,-0.21116672495158037,-0.26360835926876647,-0.2606796309274576,-0.31033427721862383,-0.4660645562743914,0.41100153823164454,-0.4546306758387847,0.33589944767593066,-0.3358994476759308,-0.4561290291958711,0.2717756877602118,-0.16140312379161442,-0.7115308500884661,-0.7306968970332016,-0.29040893477575785,-0.11047051363292415,1.2387441518657516,0.8379305815963922,-0.5129891760425771,0.0,-0.32307005199878747,0.2651984872818141,1.5908629033652464,0.008188049560913064
-0.22446432400538904,0.8980970285016998,0.2131680587421718,-0.38182212466256676,0.07013025857580904,-0.31033427721862383,-0.4660645562743914,-0.46482844767361803,-0.4546306758387847,0.33589944767593066,-0.3358994476759308,-0.4561290291958711,-0.6556105453552027,0.34083725008385474,-0.7115308500884661,0.47182142494143886,-0.29040893477575785,-1.0353399300946147,0.46053730782856966,0.8379305815963922,-0.5129891760425771,0.0,-0.32307005199878747,-1.3324196357546192,3.9125202084422233,-0.4285079270211159
-0.3473938266604728,0.32606740061427225,-0.5969256192186277,-0.3910575750839574,-0.1647195103081894,0.13665563666956773,-0.7782454201793492,-0.46482844767361803,-0.4546306758387847,0.33589944767593066,-0.3358994476759308,-0.4561290291958711,-0.6556105453552027,-0.08479346314971331,-0.7115308500884661,1.073080585928759,-0.29040893477575785,-0.11047051363292415,0.8496407298471605,0.8379305815963922,-0.5129891760425771,0.0,-0.32307005199878747,-0.34079459386993644,2.6461616784002358,-0.4285079270211159
8.690107244351648,-0.07430044520535116,0.8200401759030738,7.173201150754367,7.687621401976557,7.125662218821336,-0.9077607688052807,0.8489165311842758,0.1314643762720926,0.33589944767593066,-0.3358994476759308,2.192362108070477,1.1991619208756263,0.12128186769054398,-0.7115308500884661,-1.3319560580205219,-0.29040893477575785,-1.0353399300946147,0.3544181927325903,0.8379305815963922,1.9493588689617927,0.0,-0.26790988186857,-1.773141876592256,2.435101923393238,0.881580002724971
-0.3386131478993954,-0.05216714305895669,-0.5808043519955273,-0.3559628634826729,-0.19502270629322147,0.13665563666956773,-0.5998563550908019,-0.46482844767361803,-0.16158314978334604,-2.9770814061140713,2.9770814061140713,-0.4561290291958711,-1.5829967784706171,0.38665610870311595,-0.7115308500884661,-0.7306968970332016,-0.29040893477575785,-1.0353399300946147,0.8142676914818341,0.8379305815963922,1.9493588689617927,0.0,-0.32307005199878747,-1.7180515964875513,0.9576836383442527,-0.4285079270211159
-0.1730346341190785,-0.11120010717343565,-0.23396680288139388,-0.1675596748863037,-0.11926471633064131,0.07279993468554036,-0.7604065136704946,0.8489165311842758,-0.4546306758387847,0.33589944767593066,-0.3358994476759308,-0.4561290291958711,0.2717756877602118,10.355060265643933,-0.7115308500884661,1.073080585928759,-0.29040893477575785,1.7392683192904568,0.6020294612898754,0.8379305815963922,-0.5129891760425771,0.0,-0.32307005199878747,0.8161012883288601,2.8572214334072332,0.22653603785192755
-0.38878845510555204,-0.06219102672520834,-0.6342348376492317,-0.3929046651682355,-0.24552803293494158,-0.24647857523459646,-0.5641785420730924,-0.46482844767361803,-0.4546306758387847,0.33589944767593066,-0.3358994476759308,-0.4561290291958711,-0.6556105453552027,-0.16794919444414155,-0.7115308500884661,-0.7306968970332016,-0.29040893477575785,-0.11047051363292415,-0.28229649784328575,0.8379305815963922,1.9493588689617927,0.0,-0.32307005199878747,1.3119138092712015,0.3245043733232592,-0.4285079270211159
-0.38878845510555204,-0.06219102672520834,-0.6342348376492317,-0.3929046651682355,-0.24552803293494158,-0.24647857523459646,-0.5641785420730924,-0.46482844767361803,-0.4546306758387847,-2.9770814061140713,2.9770814061140713,-0.4561290291958711,-1.5829967784706171,-0.16919200706646575,1.4054204394309369,-0.7306968970332016,-0.29040893477575785,-0.11047051363292415,-0.28229649784328575,0.8379305815963922,1.9493588689617927,0.0,-0.32307005199878747,0.2651984872818141,0.3245043733232592,-0.4285079270211159
-0.3963147511864755,-0.1463916495217222,-0.637612626972167,-0.3929046651682355,-0.2606796309274576,-0.3741899792026512,-0.3025412466098897,7.855556418426377,-0.4546306758387847,0.33589944767593066,-0.3358994476759308,2.192362108070477,2.126548153991041,22.61507591356516,-0.7115308500884661,-0.12943773604588138,-0.29040893477575785,0.8143989028287663,-1.2727415720724262,-1.1934162828797104,-0.5129891760425771,0.0,-0.32307005199878747,0.09992764696770035,9.611133593631164,3.72010385050816
-0.39129722046585985,0.21379990355225378,-0.6291681536648288,-0.4021401155896262,-0.23795223393868356,-0.31033427721862383,-0.4660645562743914,-0.46482844767361803,-0.4546306758387847,0.33589944767593066,-0.3358994476759308,-0.4561290291958711,0.2717756877602118,0.13742888741613296,-0.7115308500884661,2.2755989079033996,3.4434202266268428,0.8143989028287663,-0.8482651116885089,-1.1934162828797104,1.9493588689617927,0.0,-0.32307005199878747,0.04483736686299575,1.1687433933512505,-0.4285079270211159
0.17568375096371017,-0.15969607693329257,0.27439049022037476,0.44567423309403537,-0.25562909826328556,0.20051133865359508,-0.1390179369453879,0.11905820959655697,0.7175594283829699,0.33589944767593066,-0.3358994476759308,2.192362108070477,1.1991619208756263,-0.028568065633631047,-0.7115308500884661,-1.3319560580205219,-0.29040893477575785,0.8143989028287663,0.9557598449431399,0.8379305815963922,-0.5129891760425771,0.0,-0.32307005199878747,0.5406498878053371,1.5908629033652464,0.44488402614294204
-0.2834203099726231,-0.15811029290061848,0.12238997068828444,-0.22851364766748197,-0.2581543645953716,-0.3741899792026512,-0.3025412466098897,-0.46482844767361803,-0.4546306758387847,0.33589944767593066,-0.3358994476759308,-0.4561290291958711,-0.6556105453552027,0.17598084860685453,-0.7115308500884661,0.47182142494143886,-0.29040893477575785,1.7392683192904568,1.3094902285964043,0.8379305815963922,-0.5129891760425771,0.0,-0.32307005199878747,1.5322749296900198,0.7466238833372549,-0.4285079270211159
-0.2834203099726231,-0.15811029290061848,0.12238997068828444,-0.22851364766748197,-0.2581543645953716,-0.3741899792026512,-0.3025412466098897,-0.46482844767361803,-0.4546306758387847,0.33589944767593066,-0.3358994476759308,-0.4561290291958711,-0.6556105453552027,0.17570247130527342,-0.7115308500884661,0.47182142494143886,-0.29040893477575785,1.7392683192904568,1.3094902285964043,0.8379305815963922,-0.5129891760425771,0.0,-0.32307005199878747,1.5322749296900198,0.7466238833372549,-0.4285079270211159
-0.38000777634447463,-0.08270143484230788,-0.43916750424971585,-0.3836692147468449,-0.24047750027076956,-0.4380456811866785,0.024505372719113804,-0.46482844767361803,-0.4546306758387847,-2.9770814061140713,2.9770814061140713,-0.4561290291958711,-1.5829967784706171,-0.1683905076846889,1.4054204394309369,-1.3319560580205219,-0.29040893477575785,-1.0353399300946147,-0.28229649784328575,0.8379305815963922,-0.5129891760425771,0.0,-0.32307005199878747,0.43046932759592793,0.5355641283302571,-0.4285079270211159
-0.35742888810170415,-0.07744476273906956,-0.21116672495158037,-0.3651983139040636,-0.2202753696140815,-0.4380456811866785,0.024505372719113804,-0.46482844767361803,-0.4546306758387847,-2.9770814061140713,2.9770814061140713,-0.4561290291958711,-1.5829967784706171,-0.16836778300700883,1.4054204394309369,-1.3319560580205219,-0.29040893477575785,-0.11047051363292415,-0.3884156129392651,0.8379305815963922,-0.5129891760425771,0.0,-0.32307005199878747,0.7610110082241555,0.5355641283302571,-0.4285079270211159
-0.14669259783584623,-0.15294058685033995,0.3436351713405493,-0.04749881940822526,-0.23037643494242555,-0.24647857523459646,-0.5641785420730924,1.2868315241369073,-0.4546306758387847,0.33589944767593066,-0.3358994476759308,-0.4561290291958711,0.2717756877602118,-0.1455447074725626,-0.7115308500884661,2.2755989079033996,3.4434202266268428,-1.0353399300946147,0.4959103461938961,0.8379305815963922,-0.5129891760425771,0.0,-0.32307005199878747,1.1466429689570876,0.9576836383442527,0.44488402614294204
-0.31979740769708664,-0.1536209959234431,-0.12249975522452768,-0.285773440280104,-0.25310383193119956,-0.3741899792026512,-0.3025412466098897,-0.46482844767361803,-0.4546306758387847,0.33589944767593066,-0.3358994476759308,-0.4561290291958711,-0.6556105453552027,-0.04823241097054457,-0.7115308500884661,-0.7306968970332016,-0.29040893477575785,1.7392683192904568,0.3190451543672639,0.8379305815963922,-0.5129891760425771,0.0,-0.32307005199878747,1.4220943694806107,1.5908629033652464,-0.4285079270211159
-0.3850253070650903,-0.15382111623906167,-0.561612367206122,-0.37628085440973236,-0.2606796309274576,-0.3741899792026512,0.3515519920481172,0.11905820959655697,-0.16158314978334604,0.33589944767593066,-0.3358994476759308,-0.4561290291958711,0.2717756877602118,1.550319814901443,-0.7115308500884661,1.073080585928759,-0.29040893477575785,1.7392683192904568,-0.8128920733231825,0.8379305815963922,-0.5129891760425771,0.0,-0.32307005199878747,1.4220943694806107,1.801922658372244,0.008188049560913064
-0.3712270975833972,-0.05564208939659059,-0.6263533292290493,-0.37997503457828863,-0.22785116861033952,0.008944232701513,-0.7386034057152276,-0.46482844767361803,-0.4546306758387847,0.33589944767593066,-0.3358994476759308,-0.4561290291958711,-0.6556105453552027,-0.09487253944116426,-0.7115308500884661,0.47182142494143886,-0.29040893477575785,1.7392683192904568,-0.2469234594779593,-1.1934162828797104,-0.5129891760425771,0.0,-0.32307005199878747,0.2651984872818141,2.6461616784002358,-0.4285079270211159
-0.38878845510555204,-0.06219102672520834,-0.6342348376492317,-0.3929046651682355,-0.24552803293494158,-0.24647857523459646,-0.5641785420730924,-0.46482844767361803,-0.4546306758387847,0.33589944767593066,-0.3358994476759308,-0.4561290291958711,-0.6556105453552027,-0.095650177911377,-0.7115308500884661,0.47182142494143886,-0.29040893477575785,1.7392683192904568,-0.42378865130459153,-1.1934162828797104,-0.5129891760425771,0.0,-0.32307005199878747,0.2651984872818141,1.3798031483582485,-0.4285079270211159
-0.3072535808955475,-0.15451627101963145,-0.038055022151144195,-0.2673025394373227,-0.25310383193119956,-0.3741899792026512,-0.3025412466098897,-0.026913454720986756,-0.4546306758387847,0.33589944767593066,-0.3358994476759308,-0.4561290291958711,-0.6556105453552027,1.2811773678359581,-0.7115308500884661,-0.7306968970332016,-0.29040893477575785,-0.11047051363292415,0.4959103461938961,0.8379305815963922,-0.5129891760425771,0.0,-0.32307005199878747,0.2651984872818141,0.7466238833372549,-0.21015993873010144
-0.31979740769708664,-0.1536209959234431,-0.12249975522452768,-0.285773440280104,-0.25310383193119956,-0.3741899792026512,-0.3025412466098897,-0.46482844767361803,-0.4546306758387847,0.33589944767593066,-0.3358994476759308,-0.4561290291958711,0.2717756877602118,-0.05132842105768024,-0.7115308500884661,-0.7306968970332016,-0.29040893477575785,1.7392683192904568,0.3190451543672639,0.8379305815963922,-0.5129891760425771,0.0,-0.32307005199878747,1.4220943694806107,0.7466238833372549,-0.4285079270211159
-0.3335956171787797,-0.10709802555001574,0.029500764307562644,-0.3337977824713354,-0.21522483694990951,-0.4380456811866785,0.024505372719113804,-0.46482844767361803,-0.4546306758387847,-2.9770814061140713,2.9770814061140713,-0.4561290291958711,-1.5829967784706171,-0.1289270596722189,-0.7115308500884661,1.6743397469160795,3.4434202266268428,-1.0353399300946147,0.10680692417530518,0.8379305815963922,-0.5129891760425771,0.0,-0.32307005199878747,0.705920728119451,0.9576836383442527,-0.4285079270211159
-0.3762446283040129,-0.12497219284541607,-0.40116737436669325,-0.3725866742411761,-0.24805329926702757,-0.4380456811866785,0.024505372719113804,-0.46482844767361803,-0.4546306758387847,-2.9770814061140713,2.9770814061140713,-0.4561290291958711,-1.5829967784706171,0.16477712801701586,-0.7115308500884661,1.073080585928759,-0.29040893477575785,0.8143989028287663,-0.5299077664005709,0.8379305815963922,-0.5129891760425771,0.0,-0.32307005199878747,-0.01025291324170885,1.3798031483582485,-0.4285079270211159
-0.3875340724253981,-0.04815758959245603,-0.515167764015761,-0.3929046651682355,-0.24300276660285555,-0.4380456811866785,0.024505372719113804,-0.46482844767361803,-0.4546306758387847,0.33589944767593066,-0.3358994476759308,-0.4561290291958711,-0.6556105453552027,-0.05314003236233713,-0.7115308500884661,-0.7306968970332016,-0.29040893477575785,-1.0353399300946147,-0.6360268814965502,0.8379305815963922,1.9493588689617927,0.0,-0.32307005199878747,0.2651984872818141,1.3798031483582485,-0.4285079270211159
-0.28216592729246914,-0.15929107153263594,-0.20356669897497584,-0.22481946749892573,-0.2606796309274576,-0.24647857523459646,-0.17172259887828822,-0.46482844767361803,-0.16158314978334604,0.33589944767593066,-0.3358994476759308,-0.4561290291958711,-0.6556105453552027,0.1780290238061612,-0.7115308500884661,0.47182142494143886,-0.29040893477575785,2.664137735752147,0.4251642694632432,0.8379305815963922,-0.5129891760425771,0.0,-0.32307005199878747,2.303538851155884,0.7466238833372549,-0.4285079270211159
-0.35742888810170415,-0.16042508665447452,-0.45816756919122714,-0.3337977824713354,-0.2632048972595436,-0.31033427721862383,-0.4660645562743914,-0.46482844767361803,-0.4546306758387847,0.33589944767593066,-0.3358994476759308,-0.4561290291958711,-0.6556105453552027,0.3627452028481238,-0.7115308500884661,-0.7306968970332016,-0.29040893477575785,0.8143989028287663,0.03606084744465229,0.8379305815963922,-0.5129891760425771,0.0,-0.32307005199878747,1.4771846495853154,1.3798031483582485,-0.4285079270211159
-0.31979740769708664,-0.1536209959234431,-0.12249975522452768,-0.285773440280104,-0.25310383193119956,-0.3741899792026512,-0.3025412466098897,-0.46482844767361803,-0.4546306758387847,0.33589944767593066,-0.3358994476759308,-0.4561290291958711,-0.6556105453552027,-0.054308080795093826,-0.7115308500884661,-0.7306968970332016,-0.29040893477575785,1.7392683192904568,0.3190451543672639,0.8379305815963922,-0.5129891760425771,0.0,-0.32307005199878747,1.4220943694806107,0.5355641283302571,-0.4285079270211159
-0.2533151256489291,-0.15950486126872027,0.3250573300644049,-0.18233639556052875,-0.2606796309274576,-0.3741899792026512,-0.3025412466098897,0.41100153823164454,-0.4546306758387847,0.33589944767593066,-0.3358994476759308,-0.4561290291958711,0.2717756877602118,0.023812998159310168,-0.7115308500884661,1.073080585928759,-0.29040893477575785,0.8143989028287663,0.6020294612898754,0.8379305815963922,-0.5129891760425771,0.0,-0.32307005199878747,0.32028876738651874,1.1687433933512505,0.008188049560913064
-0.2834203099726231,-0.15811029290061848,0.12238997068828444,-0.22851364766748197,-0.2581543645953716,-0.3741899792026512,-0.3025412466098897,-0.46482844767361803,-0.4546306758387847,0.33589944767593066,-0.3358994476759308,-0.4561290291958711,-0.6556105453552027,0.17610833404863982,-0.7115308500884661,0.47182142494143886,-0.29040893477575785,1.7392683192904568,1.4156093436923838,0.8379305815963922,-0.5129891760425771,0.0,-0.32307005199878747,1.5322749296900198,0.9576836383442527,-0.4285079270211159
0.31492022846079487,-0.14464094350318082,1.1156711434639581,0.525099106717995,-0.08391098768143725,-0.054911469282514364,-0.22077959177763878,-0.46482844767361803,0.1314643762720926,0.33589944767593066,-0.3358994476759308,-0.4561290291958711,-0.6556105453552027,0.24039781068627938,-0.7115308500884661,-1.3319560580205219,-0.29040893477575785,-1.0353399300946147,0.9203868065778135,0.8379305815963922,-0.5129891760425771,0.0,-0.32307005199878747,-0.946787675021687,0.7466238833372549,-0.4285079270211159
-0.31728864233677884,-0.12572422392621427,-0.3454338505382602,-0.3060914312071634,-0.2202753696140815,-0.24647857523459646,-0.17172259887828822,-0.46482844767361803,-0.16158314978334604,0.33589944767593066,-0.3358994476759308,-0.4561290291958711,-0.6556105453552027,0.17680166396465943,-0.7115308500884661,0.47182142494143886,-0.29040893477575785,2.664137735752147,0.21292603927128453,0.8379305815963922,-0.5129891760425771,0.0,-0.32307005199878747,2.303538851155884,0.5355641283302571,-0.4285079270211159
-0.2683677178107761,-0.12072072793741918,-0.24072238152726463,-0.2562199989316539,-0.18997217362904945,-0.18262287325056908,-0.6295878659388932,-0.46482844767361803,-0.4546306758387847,0.33589944767593066,-0.3358994476759308,-0.4561290291958711,0.2717756877602118,0.1884437435869471,-0.7115308500884661,0.47182142494143886,-0.29040893477575785,0.8143989028287663,0.38979123109791675,0.8379305815963922,-0.5129891760425771,0.0,-0.32307005199878747,1.8628166103182475,0.7466238833372549,-0.4285079270211159
-0.006201737658607647,-0.1350466103071217,0.9111037775936864,0.07440912615413131,-0.11421418366646931,-0.24647857523459646,0.22073334431651584,-0.46482844767361803,0.1314643762720926,0.33589944767593066,-0.3358994476759308,-0.4561290291958711,-0.6556105453552027,0.2401866984306313,-0.7115308500884661,-1.3319560580205219,-0.29040893477575785,-0.11047051363292415,0.9203868065778135,0.8379305815963922,-0.5129891760425771,0.0,-0.32307005199878747,2.13826801084177,0.7466238833372549,-0.4285079270211159
-0.3561745054215502,-0.16042508665447452,-0.5025010540547535,-0.33195069238705727,-0.2632048972595436,-0.24647857523459646,-0.5641785420730924,-0.46482844767361803,-0.4546306758387847,0.33589944767593066,-0.3358994476759308,-0.4561290291958711,-0.6556105453552027,0.36098313134080945,-0.7115308500884661,-0.7306968970332016,-0.29040893477575785,0.8143989028287663,0.2836721160019374,0.8379305815963922,-0.5129891760425771,0.0,-0.32307005199878747,1.4771846495853154,1.1687433933512505,-0.4285079270211159
-0.2834203099726231,-0.15811029290061848,0.12238997068828444,-0.22851364766748197,-0.2581543645953716,-0.3741899792026512,-0.3025412466098897,-0.46482844767361803,-0.4546306758387847,0.33589944767593066,-0.3358994476759308,-0.4561290291958711,-0.6556105453552027,0.17559089313786413,-0.7115308500884661,0.47182142494143886,-0.29040893477575785,1.7392683192904568,1.3448632669617309,0.8379305815963922,-0.5129891760425771,0.0,-0.32307005199878747,1.5322749296900198,0.9576836383442527,-0.4285079270211159
-0.28216592729246914,-0.15929107153263594,-0.20356669897497584,-0.22481946749892573,-0.2606796309274576,-0.24647857523459646,-0.17172259887828822,-0.46482844767361803,-0.16158314978334604,0.33589944767593066,-0.3358994476759308,-0.4561290291958711,-0.6556105453552027,0.17592790010785989,-0.7115308500884661,0.47182142494143886,-0.29040893477575785,2.664137735752147,0.4251642694632432,0.8379305815963922,-0.5129891760425771,0.0,-0.32307005199878747,2.303538851155884,0.5355641283302571,-0.4285079270211159
-0.3950603685063216,-0.14795092031425022,-0.5911680237818062,-0.3910575750839574,-0.2606796309274576,-0.4380456811866785,0.024505372719113804,-0.46482844767361803,-0.4546306758387847,0.33589944767593066,-0.3358994476759308,-0.4561290291958711,-0.6556105453552027,-0.16108884149929872,-0.7115308500884661,2.2755989079033996,3.4434202266268428,0.8143989028287663,-1.2019954953417733,0.8379305815963922,-0.5129891760425771,0.0,-0.32307005199878747,-1.6629613163828467,0.3245043733232592,-0.4285079270211159
-0.32857808645816405,0.31671177585910404,-0.31250040463964057,-0.38551630483112304,-0.13441631432315734,-0.31033427721862383,-0.4660645562743914,-0.46482844767361803,-0.4546306758387847,-2.9770814061140713,2.9770814061140713,-0.4561290291958711,-1.5829967784706171,-0.1643593771110175,-0.7115308500884661,1.6743397469160795,3.4434202266268428,-1.0353399300946147,0.7081485763858548,0.8379305815963922,-0.5129891760425771,0.0,-0.32307005199878747,3.5155250134593854,0.7466238833372549,-0.4285079270211159
-0.2834203099726231,-0.15445341127883525,0.12238997068828444,-0.23405491792031638,-0.25057856559911357,-0.3741899792026512,-0.3025412466098897,0.41100153823164454,-0.4546306758387847,0.33589944767593066,-0.3358994476759308,-0.4561290291958711,-0.6556105453552027,-0.14852004952121695,-0.7115308500884661,1.073080585928759,-0.29040893477575785,2.664137735752147,1.4156093436923838,0.8379305815963922,-0.5129891760425771,0.0,-0.32307005199878747,1.091552688852383,2.8572214334072332,0.008188049560913064
-0.3549201227413963,-0.09133739615477082,-0.35894500783000155,-0.3596570436512292,-0.22280063594616753,-0.3741899792026512,-0.3025412466098897,-0.026913454720986756,-0.4546306758387847,0.33589944767593066,-0.3358994476759308,-0.4561290291958711,-0.6556105453552027,-0.15941925943014243,-0.7115308500884661,1.073080585928759,-0.29040893477575785,-1.0353399300946147,0.24829907763661097,0.8379305815963922,-0.5129891760425771,0.0,-0.32307005199878747,0.2651984872818141,0.5355641283302571,-0.21015993873010144
1.4651891461619357,-0.11305889503688006,1.8146624214788902,1.5317632026495758,0.8554880878545565,0.3920784446056772,0.22073334431651584,2.5129935044042746,1.8897495326047244,0.33589944767593066,-0.3358994476759308,2.192362108070477,6.7634793195681135,0.2561201061860275,-0.7115308500884661,-1.3319560580205219,-0.29040893477575785,-0.11047051363292415,1.0618789600391192,0.8379305815963922,-0.5129891760425771,0.0,-0.32307005199878747,3.0197124925170438,5.17887873848421,6.995323674873377
-0.18432407824046373,-0.091023361197954,0.19163465180845896,-0.2045014765718663,-0.09148678667769526,-0.24647857523459646,-0.5641785420730924,0.41100153823164454,-0.4546306758387847,0.33589944767593066,-0.3358994476759308,-0.4561290291958711,0.2717756877602118,-0.14212191652038722,-0.7115308500884661,0.47182142494143886,-0.29040893477575785,-1.0353399300946147,0.46053730782856966,0.8379305815963922,-0.5129891760425771,0.0,-0.32307005199878747,-0.01025291324170885,0.7466238833372549,0.008188049560913064
-0.344885061300165,-0.15813391324504555,-0.29138922137129475,-0.3171739717128322,-0.2606796309274576,-0.3741899792026512,0.3515519920481172,-0.17288511903853054,-0.16158314978334604,0.33589944767593066,-0.3358994476759308,-0.4561290291958711,-0.6556105453552027,0.018602002320488385,-0.7115308500884661,-1.3319560580205219,-0.29040893477575785,-1.0353399300946147,0.3190451543672639,0.8379305815963922,-0.5129891760425771,0.0,-0.32307005199878747,0.9262818485382693,0.9576836383442527,-0.21015993873010144
